{"2": {"2": {"0": 0.5, "1": 0.0, "2": 0.5}, "3": {"0": 0.5, "1": 0.0, "2": 0.5}, "5": {"0": 0.5, "1": 0.0, "2": 0.5}, "7": {"0": 0.5, "1": 0.0, "2": 0.5}, "11": {"0": 0.5, "1": 0.0, "2": 0.5}, "13": {"0": 0.5, "1": 0.0, "2": 0.5}}, "3": {"2": {"0": 0.26881720430107525, "1": 0.5967741935483871, "2": 0.0, "3": 0.13440860215053763}, "3": {"0": 0.27548209366391185, "1": 0.5867768595041323, "2": 0.0, "3": 0.13774104683195593}, "5": {"0": 0.28851899274434484, "1": 0.5672215108834827, "2": 0.0, "3": 0.14425949637217242}, "7": {"0": 0.29751279305010114, "1": 0.5537308104248483, "2": 0.0, "3": 0.14875639652505057}, "11": {"0": 0.3080616785677326, "1": 0.5379074821484011, "2": 0.0, "3": 0.1540308392838663}, "13": {"0": 0.31134524848367323, "1": 0.5329821272744901, "2": 0.0, "3": 0.15567262424183662}}, "4": {"2": {"0": 0.343641499905309, "1": 0.3524398712202512, "2": 0.2840571933590051, "3": 0.0, "4": 0.019861435515434633}, "3": {"0": 0.3481973922558767, "1": 0.3469557143149073, "2": 0.2831716440158856, "3": 0.0, "4": 0.021675249413330353}, "5": {"0": 0.3554676882324909, "1": 0.3406051574577023, "2": 0.2781568873484646, "3": 0.0, "4": 0.025770266961342114}, "7": {"0": 0.3599136524991722, "1": 0.3377430530523087, "2": 0.27355811542319264, "3": 0.0, "4": 0.028785179025326513}, "11": {"0": 0.36473879801496756, "1": 0.33542488386115243, "2": 0.26738507817833623, "3": 0.0, "4": 0.032451239945543775}, "13": {"0": 0.36616847559418925, "1": 0.33489598023250183, "2": 0.26531907846286873, "3": 0.0, "4": 0.03361646571044019}}, "5": {"2": {"0": 0.32520939571225765, "1": 0.4225945199375949, "2": 0.18251817257286723, "3": 0.06801021198486518, "4": 0.0, "5": 0.0016676997924150129}, "3": {"0": 0.3297292695729361, "1": 0.41810019428710155, "2": 0.17856856103362742, "3": 0.07162359594301562, "4": 0.0, "5": 0.001978379163319347}, "5": {"0": 0.3384699073910436, "1": 0.40856433409296267, "2": 0.17333123154122654, "3": 0.07669971602462593, "4": 0.0, "5": 0.0029348109501412985}, "7": {"0": 0.3443536977851478, "1": 0.4018538874588538, "2": 0.17080060423408538, "3": 0.07920707426829486, "4": 0.0, "5": 0.003784736253618178}, "11": {"0": 0.35110361866759354, "1": 0.39395219729642394, "2": 0.16867105910596766, "3": 0.08132997007921677, "4": 0.0, "5": 0.004943154850798092}, "13": {"0": 0.3531728301158594, "1": 0.3914903487182237, "2": 0.16817350132244632, "3": 0.08182697529023462, "4": 0.0, "5": 0.005336344553235967}}, "6": {"2": {"0": 0.3282747514898777, "1": 0.40898803751179436, "2": 0.20637120461914252, "3": 0.047355792505368435, "4": 0.008929553754543315, "5": 0.0, "6": 8.066011927368075e-05}, "3": {"0": 0.3331758692197052, "1": 0.402769343158511, "2": 0.20553445073574933, "3": 0.04813655548505017, "4": 0.010275299745532911, "5": 0.0, "6": 0.00010848165545136386}, "5": {"0": 0.3419142301672465, "1": 0.3927101326846479, "2": 0.20251928457411633, "3": 0.049603062452156885, "4": 0.013038814960172933, "5": 0.0, "6": 0.00021447516165951438}, "7": {"0": 0.3475427067634133, "1": 0.38669011151774674, "2": 0.19990986727225185, "3": 0.050627601961389476, "4": 0.014885463428805363, "5": 0.0, "6": 0.00034424905639328563}, "11": {"0": 0.35385391147764794, "1": 0.3802542045135171, "2": 0.19652168546407814, "3": 0.05190153627475498, "4": 0.01690707894297459, "5": 0.0, "6": 0.0005615833270272175}, "13": {"0": 0.35576545464229375, "1": 0.37836020996691266, "2": 0.1954119870402624, "3": 0.05232192940339323, "4": 0.017496242970222314, "5": 0.0, "6": 0.0006441759769155904}}, "7": {"2": {"0": 0.3279327171784062, "1": 0.41072937522949193, "2": 0.20275453892744771, "3": 0.05125201487051511, "4": 0.00665576775845498, "5": 0.0006733354897704563, "6": 0.0, "7": 2.2505459135918447e-06}, "3": {"0": 0.3326939155465648, "1": 0.4051680080528174, "2": 0.20066548267904738, "3": 0.053268511342744754, "4": 0.007332237555560099, "5": 0.0008681857121227906, "6": 0.0, "7": 3.659111142743989e-06}, "5": {"0": 0.3413453326302317, "1": 0.3956443782425953, "2": 0.1962971645855215, "3": 0.05653712807603355, "4": 0.008750254987182043, "5": 0.0014156509697591394, "6": 0.0, "7": 1.0090508676736627e-05}, "7": {"0": 0.34699443900862603, "1": 0.3896244059440343, "2": 0.1933979726508711, "3": 0.05831930492785461, "4": 0.009741080668555176, "5": 0.001901083151986238, "6": 0.0, "7": 2.1713648072541385e-05}, "11": {"0": 0.35337859221992013, "1": 0.3829341257253652, "2": 0.1901871723896402, "3": 0.05999515223925828, "4": 0.010915495612852974, "5": 0.0025410711822873703, "6": 0.0, "7": 4.8390630675823044e-05}, "13": {"0": 0.3553202815370871, "1": 0.3809175973100563, "2": 0.18923135761732468, "3": 0.060434376986462625, "4": 0.011286058686682829, "5": 0.0027499866437650255, "6": 0.0, "7": 6.0341218621431265e-05}}}