{
 "4": {
  "2": {
   "((1, 1), (1, 1), (1, 1), (1, 1))": 0.019861435515434633,
   "((1, 1), (1, 1), (2, 1))": 0.14222586957894073,
   "((1, 1), (1, 1), (1, 2))": 0.14183132378006438,
   "((1, 1), (1, 3))": 0.2001767565178966,
   "((1, 1), (3, 1))": 0.15226311470235465,
   "((2, 1), (2, 1))": 0.04608294930875576,
   "((1, 2), (2, 1))": 0.08818887696483808,
   "((1, 2), (1, 2))": 0.022086673821097153,
   "((1, 4),)": 0.10029354207436399,
   "((2, 2),)": 0.03295246512215138,
   "((4, 1),)": 0.05403699261410264
  },
  "3": {
   "((1, 1), (1, 1), (1, 1), (1, 1))": 0.021675249413330353,
   "((1, 1), (1, 1), (2, 1))": 0.10673048579857755,
   "((1, 1), (1, 1), (1, 2))": 0.1764411582173081,
   "((1, 1), (1, 3))": 0.26556910524726063,
   "((1, 1), (3, 1))": 0.08138660906764665,
   "((2, 1), (2, 1))": 0.028607755880483154,
   "((1, 2), (2, 1))": 0.0839878867379768,
   "((1, 2), (1, 2))": 0.03920696512566334,
   "((1, 4),)": 0.15001016156894625,
   "((2, 2),)": 0.02364202388220642,
   "((4, 1),)": 0.022742599060600742
  },
  "5": {
   "((1, 1), (1, 1), (1, 1), (1, 1))": 0.025770266961342114,
   "((1, 1), (1, 1), (2, 1))": 0.072897436964973,
   "((1, 1), (1, 1), (1, 2))": 0.2052594503834916,
   "((1, 1), (1, 3))": 0.30739685978924086,
   "((1, 1), (3, 1))": 0.033208297668461464,
   "((2, 1), (2, 1))": 0.013423650406839866,
   "((1, 2), (2, 1))": 0.06670852726616161,
   "((1, 2), (1, 2))": 0.06440013409450758,
   "((1, 4),)": 0.19230781046159895,
   "((2, 2),)": 0.012438656304571541,
   "((4, 1),)": 0.006188909698811394
  },
  "7": {
   "((1, 1), (1, 1), (1, 1), (1, 1))": 0.028785179025326513,
   "((1, 1), (1, 1), (2, 1))": 0.056032236271296026,
   "((1, 1), (1, 1), (1, 2))": 0.2175258791518966,
   "((1, 1), (1, 3))": 0.3199047970358311,
   "((1, 1), (3, 1))": 0.017838256016477576,
   "((2, 1), (2, 1))": 0.007672698347081556,
   "((1, 2), (2, 1))": 0.05357774011558335,
   "((1, 2), (1, 2))": 0.07883590903816291,
   "((1, 4),)": 0.21000000594742388,
   "((2, 2),)": 0.007372802895207814,
   "((4, 1),)": 0.0024544961557126824
  }
 },
 "5": {
  "2": {
   "((1, 1), (1, 1), (1, 1), (1, 1), (1, 1))": 0.0016676997924150129,
   "((1, 1), (1, 1), (1, 1), (2, 1))": 0.03075086922030213,
   "((1, 1), (1, 1), (1, 1), (1, 2))": 0.037259342764563046,
   "((1, 1), (1, 1), (1, 3))": 0.11354190882959657,
   "((1, 1), (1, 1), (3, 1))": 0.06897626374327068,
   "((1, 1), (2, 1), (2, 1))": 0.04215058264003571,
   "((1, 1), (1, 2), (2, 1))": 0.09646203636829974,
   "((1, 1), (1, 2), (1, 2))": 0.024391032250412018,
   "((1, 1), (1, 4))": 0.14791694961353788,
   "((1, 1), (2, 2))": 0.045998471280608876,
   "((1, 1), (4, 1))": 0.06567544778470069,
   "((1, 3), (2, 1))": 0.06564014456932568,
   "((2, 1), (3, 1))": 0.04542642972329134,
   "((1, 2), (1, 3))": 0.04967116357267044,
   "((1, 2), (3, 1))": 0.042018941180739504,
   "((1, 5),)": 0.09524681507834777,
   "((5, 1),)": 0.02720590158788291
  },
  "3": {
   "((1, 1), (1, 1), (1, 1), (1, 1), (1, 1))": 0.001978379163319347,
   "((1, 1), (1, 1), (1, 1), (2, 1))": 0.023296634832402414,
   "((1, 1), (1, 1), (1, 1), (1, 2))": 0.04832696111061321,
   "((1, 1), (1, 1), (1, 3))": 0.14327928258067688,
   "((1, 1), (1, 1), (3, 1))": 0.03528927845295056,
   "((1, 1), (2, 1), (2, 1))": 0.024948426796590758,
   "((1, 1), (1, 2), (2, 1))": 0.08950790111601331,
   "((1, 1), (1, 2), (1, 2))": 0.04799363545267279,
   "((1, 1), (1, 4))": 0.19946072480467383,
   "((1, 1), (2, 2))": 0.03104365287262144,
   "((1, 1), (4, 1))": 0.025145853244529413,
   "((1, 3), (2, 1))": 0.06620952447773405,
   "((2, 1), (3, 1))": 0.019022970278189364,
   "((1, 2), (1, 3))": 0.07733177990998887,
   "((1, 2), (3, 1))": 0.02768906216465062,
   "((1, 5),)": 0.13186816862860692,
   "((5, 1),)": 0.007607764113766245
  },
  "5": {
   "((1, 1), (1, 1), (1, 1), (1, 1), (1, 1))": 0.0029348109501412985,
   "((1, 1), (1, 1), (1, 1), (2, 1))": 0.01753763817190708,
   "((1, 1), (1, 1), (1, 1), (1, 2))": 0.05916207785271884,
   "((1, 1), (1, 1), (1, 3))": 0.15877129182180663,
   "((1, 1), (1, 1), (3, 1))": 0.014559939719419915,
   "((1, 1), (2, 1), (2, 1))": 0.01178523264951224,
   "((1, 1), (1, 2), (2, 1))": 0.06875734123208978,
   "((1, 1), (1, 2), (1, 2))": 0.07597987648070656,
   "((1, 1), (1, 4))": 0.23071026822644566,
   "((1, 1), (2, 2))": 0.014898183690285319,
   "((1, 1), (4, 1))": 0.006433431813923119,
   "((1, 3), (2, 1))": 0.05121969248714784,
   "((2, 1), (3, 1))": 0.005368127854645158,
   "((1, 2), (1, 3))": 0.10756785747525224,
   "((1, 2), (3, 1))": 0.013321216317194403,
   "((1, 5),)": 0.15975422430176225,
   "((5, 1),)": 0.001238788955041673
  },
  "7": {
   "((1, 1), (1, 1), (1, 1), (1, 1), (1, 1))": 0.003784736253618178,
   "((1, 1), (1, 1), (1, 1), (2, 1))": 0.01450972798007399,
   "((1, 1), (1, 1), (1, 1), (1, 2))": 0.06469734628822087,
   "((1, 1), (1, 1), (1, 3))": 0.1627990325611388,
   "((1, 1), (1, 1), (3, 1))": 0.008001571672946567,
   "((1, 1), (2, 1), (2, 1))": 0.006885853346261812,
   "((1, 1), (1, 2), (2, 1))": 0.05449578853205867,
   "((1, 1), (1, 2), (1, 2))": 0.08955805889111425,
   "((1, 1), (1, 4))": 0.23998776604539362,
   "((1, 1), (2, 2))": 0.008422072615391709,
   "((1, 1), (4, 1))": 0.0025043480286337143,
   "((1, 3), (2, 1))": 0.039986060232557866,
   "((2, 1), (3, 1))": 0.0021920896438283356,
   "((1, 2), (1, 3))": 0.12281534450351245,
   "((1, 2), (3, 1))": 0.007650840237785303,
   "((1, 5),)": 0.1713586291312557,
   "((5, 1),)": 0.00035073403620815074
  }
 },
 "6": {
  "2": {
   "((1, 1), (1, 1), (1, 1), (1, 1), (1, 1), (1, 1))": 8.066011927368075e-05,
   "((1, 1), (1, 1), (1, 1), (1, 1), (2, 1))": 0.0035779582447788448,
   "((1, 1), (1, 1), (1, 1), (1, 1), (1, 2))": 0.00535159550976447,
   "((1, 1), (1, 1), (1, 1), (1, 3))": 0.032141397811049896,
   "((1, 1), (1, 1), (1, 1), (3, 1))": 0.01521439469431854,
   "((1, 1), (1, 1), (2, 1), (2, 1))": 0.014296967712236774,
   "((1, 1), (1, 1), (1, 2), (2, 1))": 0.04051128732548899,
   "((1, 1), (1, 1), (1, 2), (1, 2))": 0.010282638213735594,
   "((1, 1), (1, 1), (1, 4))": 0.08553760174225475,
   "((1, 1), (1, 1), (2, 2))": 0.025254728551177927,
   "((1, 1), (1, 1), (4, 1))": 0.030487981074248466,
   "((1, 1), (1, 3), (2, 1))": 0.07786962205378868,
   "((1, 1), (2, 1), (3, 1))": 0.04262390877644842,
   "((1, 1), (1, 2), (1, 3))": 0.06673475719133447,
   "((1, 1), (1, 2), (3, 1))": 0.04672786242650021,
   "((1, 1), (1, 5))": 0.14174106981535264,
   "((1, 1), (5, 1))": 0.033290817248369915,
   "((2, 1), (2, 1), (2, 1))": 0.003336094567257612,
   "((1, 2), (2, 1), (2, 1))": 0.013957458242824461,
   "((1, 2), (1, 2), (2, 1))": 0.007981531792032476,
   "((1, 2), (1, 2), (1, 2))": 0.0011105398906020528,
   "((1, 4), (2, 1))": 0.04891671937113926,
   "((2, 1), (2, 2))": 0.01499067347395944,
   "((2, 1), (4, 1))": 0.01959180851175889,
   "((1, 2), (1, 4))": 0.03597084424289501,
   "((1, 2), (2, 2))": 0.006989586076270254,
   "((1, 2), (4, 1))": 0.018090197688676604,
   "((1, 3), (1, 3))": 0.0102975041095783,
   "((1, 3), (3, 1))": 0.031512431696263055,
   "((3, 1), (3, 1))": 0.01017151852688564,
   "((1, 6),)": 0.0717796199779294,
   "((2, 3),)": 0.014092032239091539,
   "((3, 2),)": 0.007148698404009029,
   "((6, 1),)": 0.012337492678704692
  },
  "3": {
   "((1, 1), (1, 1), (1, 1), (1, 1), (1, 1), (1, 1))": 0.00010848165545136386,
   "((1, 1), (1, 1), (1, 1), (1, 1), (2, 1))": 0.002788440353456075,
   "((1, 1), (1, 1), (1, 1), (1, 1), (1, 2))": 0.007486859392076837,
   "((1, 1), (1, 1), (1, 1), (1, 3))": 0.04040266578022247,
   "((1, 1), (1, 1), (1, 1), (3, 1))": 0.007733889704827702,
   "((1, 1), (1, 1), (2, 1), (2, 1))": 0.008290260812417986,
   "((1, 1), (1, 1), (1, 2), (2, 1))": 0.037751535327676056,
   "((1, 1), (1, 1), (1, 2), (1, 2))": 0.023955140512375447,
   "((1, 1), (1, 1), (1, 4))": 0.10794070932503605,
   "((1, 1), (1, 1), (2, 2))": 0.016602071465038934,
   "((1, 1), (1, 1), (4, 1))": 0.010994733293204858,
   "((1, 1), (1, 3), (2, 1))": 0.07280373067269147,