PATTERNS n=3 q=2 ((1, 1), (1, 2)):2 ((1, 1), (2, 1)):2 ((1, 3),):2 ((3, 1),):2
KEY n=3 q=2 N=2 OBS=8 LAW=8 OK ((1, 1, ('SIMPLE',)), (1, 2, ('V', 2, 0, ((0, 1), (2, 0)), ((0, 1, 2, 0, 2, 1, ((1, 1),)),), ((),))))
KEY n=3 q=2 N=2 OBS=16 LAW=16 OK ((1, 1, ('SIMPLE',)), (2, 1, ('SIMPLE',)))
KEY n=3 q=2 N=2 OBS=8 LAW=8 OK ((1, 3, ('V', 3, 0, ((0, 1), (3, 0)), ((0, 1, 3, 0, 3, 1, ((1, 1),)),), ((),))),)
KEY n=3 q=2 N=2 OBS=16 LAW=16 OK ((3, 1, ('SIMPLE',)),)
CONTROL-L0 q=2 N=2 keys=1 OK
KEY n=3 q=2 N=3 OBS=64 LAW=64 OK ((1, 1, ('SIMPLE',)), (1, 2, ('V', 2, 0, ((0, 1), (2, 0)), ((0, 1, 2, 0, 2, 1, ((1, 1),)),), ((),))))
KEY n=3 q=2 N=3 OBS=16 LAW=16 OK ((1, 1, ('SIMPLE',)), (1, 2, ('V', 2, 0, ((0, 2), (2, 0)), ((0, 2, 2, 0, 1, 2, ((2, 1),)),), ((),))))
KEY n=3 q=2 N=3 OBS=128 LAW=128 OK ((1, 1, ('SIMPLE',)), (2, 1, ('SIMPLE',)))
KEY n=3 q=2 N=3 OBS=64 LAW=64 OK ((1, 3, ('V', 3, 0, ((0, 1), (3, 0)), ((0, 1, 3, 0, 3, 1, ((1, 1),)),), ((),))),)
KEY n=3 q=2 N=3 OBS=16 LAW=16 OK ((1, 3, ('V', 3, 0, ((0, 2), (1, 1), (3, 0)), ((0, 2, 1, 1, 1, 1, ((1, 1),)), (1, 1, 3, 0, 2, 1, ((1, 1),))), ((), ()))),)
KEY n=3 q=2 N=3 OBS=16 LAW=16 OK ((1, 3, ('V', 3, 0, ((0, 2), (3, 0)), ((0, 2, 3, 0, 3, 1, ((1, 1),)),), ((),))),)
KEY n=3 q=2 N=3 OBS=128 LAW=128 OK ((3, 1, ('SIMPLE',)),)
CONTROL-L0 q=2 N=3 keys=2 OK
KEY n=3 q=2 N=4 OBS=512 LAW=512 OK ((1, 1, ('SIMPLE',)), (1, 2, ('V', 2, 0, ((0, 1), (2, 0)), ((0, 1, 2, 0, 2, 1, ((1, 1),)),), ((),))))
KEY n=3 q=2 N=4 OBS=64 LAW=64 OK ((1, 1, ('SIMPLE',)), (1, 2, ('V', 2, 0, ((0, 2), (2, 0)), ((0, 2, 2, 0, 1, 2, ((1, 2),)),), ((('V', 2, 1, ((0, 3), (2, 0)), ((0, 3, 2, 0, 2, 1, ((1, 1),)),), ((),)),),))))
KEY n=3 q=2 N=4 OBS=128 LAW=128 OK ((1, 1, ('SIMPLE',)), (1, 2, ('V', 2, 0, ((0, 2), (2, 0)), ((0, 2, 2, 0, 1, 2, ((2, 1),)),), ((),))))
KEY n=3 q=2 N=4 OBS=64 LAW=64 OK ((1, 1, ('SIMPLE',)), (1, 2, ('V', 2, 0, ((0, 3), (1, 1), (2, 0)), ((0, 3, 1, 1, 1, 1, ((1, 1),)), (1, 1, 2, 0, 1, 1, ((1, 1),))), ((), ()))))
KEY n=3 q=2 N=4 OBS=64 LAW=64 OK ((1, 1, ('SIMPLE',)), (1, 2, ('V', 2, 0, ((0, 3), (2, 0)), ((0, 3, 2, 0, 2, 1, ((1, 1),)),), ((),))))
KEY n=3 q=2 N=4 OBS=1024 LAW=1024 OK ((1, 1, ('SIMPLE',)), (2, 1, ('SIMPLE',)))
KEY n=3 q=2 N=4 OBS=512 LAW=512 OK ((1, 3, ('V', 3, 0, ((0, 1), (3, 0)), ((0, 1, 3, 0, 3, 1, ((1, 1),)),), ((),))),)
KEY n=3 q=2 N=4 OBS=128 LAW=128 OK ((1, 3, ('V', 3, 0, ((0, 2), (1, 1), (3, 0)), ((0, 2, 1, 1, 1, 1, ((1, 1),)), (1, 1, 3, 0, 2, 1, ((1, 1),))), ((), ()))),)
KEY n=3 q=2 N=4 OBS=128 LAW=128 OK ((1, 3, ('V', 3, 0, ((0, 2), (3, 0)), ((0, 2, 3, 0, 3, 1, ((1, 1),)),), ((),))),)
KEY n=3 q=2 N=4 OBS=64 LAW=64 OK ((1, 3, ('V', 3, 0, ((0, 3), (1, 1), (3, 0)), ((0, 3, 1, 1, 1, 1, ((1, 1),)), (1, 1, 3, 0, 2, 1, ((1, 1),))), ((), ()))),)
KEY n=3 q=2 N=4 OBS=16 LAW=16 OK ((1, 3, ('V', 3, 0, ((0, 3), (3, 0)), ((0, 3, 3, 0, 1, 3, ((1, 1), (2, 1))),), ((),))),)
KEY n=3 q=2 N=4 OBS=32 LAW=32 OK ((1, 3, ('V', 3, 0, ((0, 3), (3, 0)), ((0, 3, 3, 0, 1, 3, ((3, 1),)),), ((),))),)
KEY n=3 q=2 N=4 OBS=1024 LAW=1024 OK ((3, 1, ('SIMPLE',)),)
CONTROL-L0 q=2 N=4 keys=5 OK
KEY n=3 q=2 N=5 OBS=4096 LAW=4096 OK ((1, 1, ('SIMPLE',)), (1, 2, ('V', 2, 0, ((0, 1), (2, 0)), ((0, 1, 2, 0, 2, 1, ((1, 1),)),), ((),))))
KEY n=3 q=2 N=5 OBS=512 LAW=512 OK ((1, 1, ('SIMPLE',)), (1, 2, ('V', 2, 0, ((0, 2), (2, 0)), ((0, 2, 2, 0, 1, 2, ((1, 2),)),), ((('V', 2, 1, ((0, 3), (2, 0)), ((0, 3, 2, 0, 2, 1, ((1, 1),)),), ((),)),),))))
KEY n=3 q=2 N=5 OBS=128 LAW=128 OK ((1, 1, ('SIMPLE',)), (1, 2, ('V', 2, 0, ((0, 2), (2, 0)), ((0, 2, 2, 0, 1, 2, ((1, 2),)),), ((('V', 2, 1, ((0, 4), (2, 0)), ((0, 4, 2, 0, 1, 2, ((2, 1),)),), ((),)),),))))
KEY n=3 q=2 N=5 OBS=1024 LAW=1024 OK ((1, 1, ('SIMPLE',)), (1, 2, ('V', 2, 0, ((0, 2), (2, 0)), ((0, 2, 2, 0, 1, 2, ((2, 1),)),), ((),))))
KEY n=3 q=2 N=5 OBS=512 LAW=512 OK ((1, 1, ('SIMPLE',)), (1, 2, ('V', 2, 0, ((0, 3), (1, 1), (2, 0)), ((0, 3, 1, 1, 1, 1, ((1, 1),)), (1, 1, 2, 0, 1, 1, ((1, 1),))), ((), ()))))
KEY n=3 q=2 N=5 OBS=512 LAW=512 OK ((1, 1, ('SIMPLE',)), (1, 2, ('V', 2, 0, ((0, 3), (2, 0)), ((0, 3, 2, 0, 2, 1, ((1, 1),)),), ((),))))
KEY n=3 q=2 N=5 OBS=256 LAW=256 OK ((1, 1, ('SIMPLE',)), (1, 2, ('V', 2, 0, ((0, 4), (1, 1), (2, 0)), ((0, 4, 1, 1, 1, 1, ((1, 1),)), (1, 1, 2, 0, 1, 1, ((1, 1),))), ((), ()))))
KEY n=3 q=2 N=5 OBS=128 LAW=128 OK ((1, 1, ('SIMPLE',)), (1, 2, ('V', 2, 0, ((0, 4), (2, 0)), ((0, 4, 2, 0, 1, 2, ((2, 1),)),), ((),))))
KEY n=3 q=2 N=5 OBS=8192 LAW=8192 OK ((1, 1, ('SIMPLE',)), (2, 1, ('SIMPLE',)))
KEY n=3 q=2 N=5 OBS=4096 LAW=4096 OK ((1, 3, ('V', 3, 0, ((0, 1), (3, 0)), ((0, 1, 3, 0, 3, 1, ((1, 1),)),), ((),))),)
KEY n=3 q=2 N=5 OBS=1024 LAW=1024 OK ((1, 3, ('V', 3, 0, ((0, 2), (1, 1), (3, 0)), ((0, 2, 1, 1, 1, 1, ((1, 1),)), (1, 1, 3, 0, 2, 1, ((1, 1),))), ((), ()))),)
KEY n=3 q=2 N=5 OBS=1024 LAW=1024 OK ((1, 3, ('V', 3, 0, ((0, 2), (3, 0)), ((0, 2, 3, 0, 3, 1, ((1, 1),)),), ((),))),)
KEY n=3 q=2 N=5 OBS=512 LAW=512 OK ((1, 3, ('V', 3, 0, ((0, 3), (1, 1), (3, 0)), ((0, 3, 1, 1, 1, 1, ((1, 1),)), (1, 1, 3, 0, 2, 1, ((1, 1),))), ((), ()))),)
KEY n=3 q=2 N=5 OBS=128 LAW=128 OK ((1, 3, ('V', 3, 0, ((0, 3), (3, 0)), ((0, 3, 3, 0, 1, 3, ((1, 1), (2, 1))),), ((),))),)
KEY n=3 q=2 N=5 OBS=64 LAW=64 OK ((1, 3, ('V', 3, 0, ((0, 3), (3, 0)), ((0, 3, 3, 0, 1, 3, ((1, 3),)),), ((('V', 3, 1, ((0, 4), (3, 0)), ((0, 4, 3, 0, 3, 1, ((1, 1),)),), ((),)),),))),)
KEY n=3 q=2 N=5 OBS=256 LAW=256 OK ((1, 3, ('V', 3, 0, ((0, 3), (3, 0)), ((0, 3, 3, 0, 1, 3, ((3, 1),)),), ((),))),)
KEY n=3 q=2 N=5 OBS=256 LAW=256 OK ((1, 3, ('V', 3, 0, ((0, 4), (1, 1), (3, 0)), ((0, 4, 1, 1, 1, 1, ((1, 1),)), (1, 1, 3, 0, 2, 1, ((1, 1),))), ((), ()))),)
KEY n=3 q=2 N=5 OBS=32 LAW=32 OK ((1, 3, ('V', 3, 0, ((0, 4), (1, 2), (3, 0)), ((0, 4, 1, 2, 1, 1, ((1, 1),)), (1, 2, 3, 0, 1, 2, ((1, 2),))), ((), (('V', 2, 1, ((0, 3), (2, 0)), ((0, 3, 2, 0, 2, 1, ((1, 1),)),), ((),)),)))),)
KEY n=3 q=2 N=5 OBS=8 LAW=8 OK ((1, 3, ('V', 3, 0, ((0, 4), (1, 2), (3, 0)), ((0, 4, 1, 2, 1, 1, ((1, 1),)), (1, 2, 3, 0, 1, 2, ((1, 2),))), ((), (('V', 2, 1, ((0, 4), (2, 0)), ((0, 4, 2, 0, 1, 2, ((2, 1),)),), ((),)),)))),)
KEY n=3 q=2 N=5 OBS=64 LAW=64 OK ((1, 3, ('V', 3, 0, ((0, 4), (1, 2), (3, 0)), ((0, 4, 1, 2, 1, 1, ((1, 1),)), (1, 2, 3, 0, 1, 2, ((2, 1),))), ((), ()))),)
KEY n=3 q=2 N=5 OBS=64 LAW=64 OK ((1, 3, ('V', 3, 0, ((0, 4), (2, 1), (3, 0)), ((0, 4, 2, 1, 2, 1, ((1, 1),)), (2, 1, 3, 0, 1, 1, ((1, 1),))), ((), ()))),)
KEY n=3 q=2 N=5 OBS=64 LAW=64 OK ((1, 3, ('V', 3, 0, ((0, 4), (3, 0)), ((0, 4, 3, 0, 3, 1, ((1, 1),)),), ((),))),)
KEY n=3 q=2 N=5 OBS=8192 LAW=8192 OK ((3, 1, ('SIMPLE',)),)
CONTROL-L0 q=2 N=5 keys=8 OK
KEY n=3 q=2 N=6 OBS=32768 LAW=32768 OK ((1, 1, ('SIMPLE',)), (1, 2, ('V', 2, 0, ((0, 1), (2, 0)), ((0, 1, 2, 0, 2, 1, ((1, 1),)),), ((),))))
KEY n=3 q=2 N=6 OBS=4096 LAW=4096 OK ((1, 1, ('SIMPLE',)), (1, 2, ('V', 2, 0, ((0, 2), (2, 0)), ((0, 2, 2, 0, 1, 2, ((1, 2),)),), ((('V', 2, 1, ((0, 3), (2, 0)), ((0, 3, 2, 0, 2, 1, ((1, 1),)),), ((),)),),))))
KEY n=3 q=2 N=6 OBS=512 LAW=512 OK ((1, 1, ('SIMPLE',)), (1, 2, ('V', 2, 0, ((0, 2), (2, 0)), ((0, 2, 2, 0, 1, 2, ((1, 2),)),), ((('V', 2, 1, ((0, 4), (2, 0)), ((0, 4, 2, 0, 1, 2, ((1, 2),)),), ((('V', 2, 2, ((0, 5), (2, 0)), ((0, 5, 2, 0, 2, 1, ((1, 1),)),), ((),)),),)),),))))
KEY n=3 q=2 N=6 OBS=1024 LAW=1024 OK ((1, 1, ('SIMPLE',)), (1, 2, ('V', 2, 0, ((0, 2), (2, 0)), ((0, 2, 2, 0, 1, 2, ((1, 2),)),), ((('V', 2, 1, ((0, 4), (2, 0)), ((0, 4, 2, 0, 1, 2, ((2, 1),)),), ((),)),),))))
KEY n=3 q=2 N=6 OBS=512 LAW=512 OK ((1, 1, ('SIMPLE',)), (1, 2, ('V', 2, 0, ((0, 2), (2, 0)), ((0, 2, 2, 0, 1, 2, ((1, 2),)),), ((('V', 2, 1, ((0, 5), (1, 2), (2, 0)), ((0, 5, 1, 2, 1, 1, ((1, 1),)), (1, 2, 2, 0, 1, 1, ((1, 1),))), ((), ())),),))))
KEY n=3 q=2 N=6 OBS=512 LAW=512 OK ((1, 1, ('SIMPLE',)), (1, 2, ('V', 2, 0, ((0, 2), (2, 0)), ((0, 2, 2, 0, 1, 2, ((1, 2),)),), ((('V', 2, 1, ((0, 5), (2, 0)), ((0, 5, 2, 0, 2, 1, ((1, 1),)),), ((),)),),))))
KEY n=3 q=2 N=6 OBS=8192 LAW=8192 OK ((1, 1, ('SIMPLE',)), (1, 2, ('V', 2, 0, ((0, 2), (2, 0)), ((0, 2, 2, 0, 1, 2, ((2, 1),)),), ((),))))
KEY n=3 q=2 N=6 OBS=4096 LAW=4096 OK ((1, 1, ('SIMPLE',)), (1, 2, ('V', 2, 0, ((0, 3), (1, 1), (2, 0)), ((0, 3, 1, 1, 1, 1, ((1, 1),)), (1, 1, 2, 0, 1, 1, ((1, 1),))), ((), ()))))
KEY n=3 q=2 N=6 OBS=4096 LAW=4096 OK ((1, 1, ('SIMPLE',)), (1, 2, ('V', 2, 0, ((0, 3), (2, 0)), ((0, 3, 2, 0, 2, 1, ((1, 1),)),), ((),))))
KEY n=3 q=2 N=6 OBS=2048 LAW=2048 OK ((1, 1, ('SIMPLE',)), (1, 2, ('V', 2, 0, ((0, 4), (1, 1), (2, 0)), ((0, 4, 1, 1, 1, 1, ((1, 1),)), (1, 1, 2, 0, 1, 1, ((1, 1),))), ((), ()))))
KEY n=3 q=2 N=6 OBS=512 LAW=512 OK ((1, 1, ('SIMPLE',)), (1, 2, ('V', 2, 0, ((0, 4), (2, 0)), ((0, 4, 2, 0, 1, 2, ((1, 2),)),), ((('V', 2, 2, ((0, 5), (2, 0)), ((0, 5, 2, 0, 2, 1, ((1, 1),)),), ((),)),),))))
KEY n=3 q=2 N=6 OBS=1024 LAW=1024 OK ((1, 1, ('SIMPLE',)), (1, 2, ('V', 2, 0, ((0, 4), (2, 0)), ((0, 4, 2, 0, 1, 2, ((2, 1),)),), ((),))))
KEY n=3 q=2 N=6 OBS=1024 LAW=1024 OK ((1, 1, ('SIMPLE',)), (1, 2, ('V', 2, 0, ((0, 5), (1, 1), (2, 0)), ((0, 5, 1, 1, 1, 1, ((1, 1),)), (1, 1, 2, 0, 1, 1, ((1, 1),))), ((), ()))))
KEY n=3 q=2 N=6 OBS=512 LAW=512 OK ((1, 1, ('SIMPLE',)), (1, 2, ('V', 2, 0, ((0, 5), (1, 2), (2, 0)), ((0, 5, 1, 2, 1, 1, ((1, 1),)), (1, 2, 2, 0, 1, 1, ((1, 1),))), ((), ()))))
KEY n=3 q=2 N=6 OBS=512 LAW=512 OK ((1, 1, ('SIMPLE',)), (1, 2, ('V', 2, 0, ((0, 5), (2, 0)), ((0, 5, 2, 0, 2, 1, ((1, 1),)),), ((),))))
KEY n=3 q=2 N=6 OBS=65536 LAW=65536 OK ((1, 1, ('SIMPLE',)), (2, 1, ('SIMPLE',)))
KEY n=3 q=2 N=6 OBS=32768 LAW=32768 OK ((1, 3, ('V', 3, 0, ((0, 1), (3, 0)), ((0, 1, 3, 0, 3, 1, ((1, 1),)),), ((),))),)
KEY n=3 q=2 N=6 OBS=8192 LAW=8192 OK ((1, 3, ('V', 3, 0, ((0, 2), (1, 1), (3, 0)), ((0, 2, 1, 1, 1, 1, ((1, 1),)), (1, 1, 3, 0, 2, 1, ((1, 1),))), ((), ()))),)
KEY n=3 q=2 N=6 OBS=8192 LAW=8192 OK ((1, 3, ('V', 3, 0, ((0, 2), (3, 0)), ((0, 2, 3, 0, 3, 1, ((1, 1),)),), ((),))),)
KEY n=3 q=2 N=6 OBS=4096 LAW=4096 OK ((1, 3, ('V', 3, 0, ((0, 3), (1, 1), (3, 0)), ((0, 3, 1, 1, 1, 1, ((1, 1),)), (1, 1, 3, 0, 2, 1, ((1, 1),))), ((), ()))),)
KEY n=3 q=2 N=6 OBS=1024 LAW=1024 OK ((1, 3, ('V', 3, 0, ((0, 3), (3, 0)), ((0, 3, 3, 0, 1, 3, ((1, 1), (2, 1))),), ((),))),)
KEY n=3 q=2 N=6 OBS=512 LAW=512 OK ((1, 3, ('V', 3, 0, ((0, 3), (3, 0)), ((0, 3, 3, 0, 1, 3, ((1, 3),)),), ((('V', 3, 1, ((0, 4), (3, 0)), ((0, 4, 3, 0, 3, 1, ((1, 1),)),), ((),)),),))),)
KEY n=3 q=2 N=6 OBS=128 LAW=128 OK ((1, 3, ('V', 3, 0, ((0, 3), (3, 0)), ((0, 3, 3, 0, 1, 3, ((1, 3),)),), ((('V', 3, 1, ((0, 5), (1, 3), (3, 0)), ((0, 5, 1, 3, 1, 1, ((1, 1),)), (1, 3, 3, 0, 2, 1, ((1, 1),))), ((), ())),),))),)
KEY n=3 q=2 N=6 OBS=128 LAW=128 OK ((1, 3, ('V', 3, 0, ((0, 3), (3, 0)), ((0, 3, 3, 0, 1, 3, ((1, 3),)),), ((('V', 3, 1, ((0, 5), (3, 0)), ((0, 5, 3, 0, 3, 1, ((1, 1),)),), ((),)),),))),)
KEY n=3 q=2 N=6 OBS=2048 LAW=2048 OK ((1, 3, ('V', 3, 0, ((0, 3), (3, 0)), ((0, 3, 3, 0, 1, 3, ((3, 1),)),), ((),))),)
KEY n=3 q=2 N=6 OBS=2048 LAW=2048 OK ((1, 3, ('V', 3, 0, ((0, 4), (1, 1), (3, 0)), ((0, 4, 1, 1, 1, 1, ((1, 1),)), (1, 1, 3, 0, 2, 1, ((1, 1),))), ((), ()))),)
KEY n=3 q=2 N=6 OBS=256 LAW=256 OK ((1, 3, ('V', 3, 0, ((0, 4), (1, 2), (3, 0)), ((0, 4, 1, 2, 1, 1, ((1, 1),)), (1, 2, 3, 0, 1, 2, ((1, 2),))), ((), (('V', 2, 1, ((0, 3), (2, 0)), ((0, 3, 2, 0, 2, 1, ((1, 1),)),), ((),)),)))),)
KEY n=3 q=2 N=6 OBS=32 LAW=32 OK ((1, 3, ('V', 3, 0, ((0, 4), (1, 2), (3, 0)), ((0, 4, 1, 2, 1, 1, ((1, 1),)), (1, 2, 3, 0, 1, 2, ((1, 2),))), ((), (('V', 2, 1, ((0, 4), (2, 0)), ((0, 4, 2, 0, 1, 2, ((1, 2),)),), ((('V', 2, 2, ((0, 5), (2, 0)), ((0, 5, 2, 0, 2, 1, ((1, 1),)),), ((),)),),)),)))),)
KEY n=3 q=2 N=6 OBS=64 LAW=64 OK ((1, 3, ('V', 3, 0, ((0, 4), (1, 2), (3, 0)), ((0, 4, 1, 2, 1, 1, ((1, 1),)), (1, 2, 3, 0, 1, 2, ((1, 2),))), ((), (('V', 2, 1, ((0, 4), (2, 0)), ((0, 4, 2, 0, 1, 2, ((2, 1),)),), ((),)),)))),)
KEY n=3 q=2 N=6 OBS=32 LAW=32 OK ((1, 3, ('V', 3, 0, ((0, 4), (1, 2), (3, 0)), ((0, 4, 1, 2, 1, 1, ((1, 1),)), (1, 2, 3, 0, 1, 2, ((1, 2),))), ((), (('V', 2, 1, ((0, 5), (1, 2), (2, 0)), ((0, 5, 1, 2, 1, 1, ((1, 1),)), (1, 2, 2, 0, 1, 1, ((1, 1),))), ((), ())),)))),)
KEY n=3 q=2 N=6 OBS=32 LAW=32 OK ((1, 3, ('V', 3, 0, ((0, 4), (1, 2), (3, 0)), ((0, 4, 1, 2, 1, 1, ((1, 1),)), (1, 2, 3, 0, 1, 2, ((1, 2),))), ((), (('V', 2, 1, ((0, 5), (2, 0)), ((0, 5, 2, 0, 2, 1, ((1, 1),)),), ((),)),)))),)
KEY n=3 q=2 N=6 OBS=512 LAW=512 OK ((1, 3, ('V', 3, 0, ((0, 4), (1, 2), (3, 0)), ((0, 4, 1, 2, 1, 1, ((1, 1),)), (1, 2, 3, 0, 1, 2, ((2, 1),))), ((), ()))),)
KEY n=3 q=2 N=6 OBS=512 LAW=512 OK ((1, 3, ('V', 3, 0, ((0, 4), (2, 1), (3, 0)), ((0, 4, 2, 1, 2, 1, ((1, 1),)), (2, 1, 3, 0, 1, 1, ((1, 1),))), ((), ()))),)
KEY n=3 q=2 N=6 OBS=512 LAW=512 OK ((1, 3, ('V', 3, 0, ((0, 4), (3, 0)), ((0, 4, 3, 0, 3, 1, ((1, 1),)),), ((),))),)
KEY n=3 q=2 N=6 OBS=1024 LAW=1024 OK ((1, 3, ('V', 3, 0, ((0, 5), (1, 1), (3, 0)), ((0, 5, 1, 1, 1, 1, ((1, 1),)), (1, 1, 3, 0, 2, 1, ((1, 1),))), ((), ()))),)
KEY n=3 q=2 N=6 OBS=128 LAW=128 OK ((1, 3, ('V', 3, 0, ((0, 5), (1, 2), (3, 0)), ((0, 5, 1, 2, 1, 1, ((1, 1),)), (1, 2, 3, 0, 1, 2, ((1, 2),))), ((), (('V', 2, 1, ((0, 3), (2, 0)), ((0, 3, 2, 0, 2, 1, ((1, 1),)),), ((),)),)))),)
KEY n=3 q=2 N=6 OBS=16 LAW=16 OK ((1, 3, ('V', 3, 0, ((0, 5), (1, 2), (3, 0)), ((0, 5, 1, 2, 1, 1, ((1, 1),)), (1, 2, 3, 0, 1, 2, ((1, 2),))), ((), (('V', 2, 1, ((0, 4), (2, 0)), ((0, 4, 2, 0, 1, 2, ((1, 2),)),), ((('V', 2, 2, ((0, 5), (2, 0)), ((0, 5, 2, 0, 2, 1, ((1, 1),)),), ((),)),),)),)))),)
KEY n=3 q=2 N=6 OBS=32 LAW=32 OK ((1, 3, ('V', 3, 0, ((0, 5), (1, 2), (3, 0)), ((0, 5, 1, 2, 1, 1, ((1, 1),)), (1, 2, 3, 0, 1, 2, ((1, 2),))), ((), (('V', 2, 1, ((0, 4), (2, 0)), ((0, 4, 2, 0, 1, 2, ((2, 1),)),), ((),)),)))),)
KEY n=3 q=2 N=6 OBS=16 LAW=16 OK ((1, 3, ('V', 3, 0, ((0, 5), (1, 2), (3, 0)), ((0, 5, 1, 2, 1, 1, ((1, 1),)), (1, 2, 3, 0, 1, 2, ((1, 2),))), ((), (('V', 2, 1, ((0, 5), (1, 2), (2, 0)), ((0, 5, 1, 2, 1, 1, ((1, 1),)), (1, 2, 2, 0, 1, 1, ((1, 1),))), ((), ())),)))),)
KEY n=3 q=2 N=6 OBS=16 LAW=16 OK ((1, 3, ('V', 3, 0, ((0, 5), (1, 2), (3, 0)), ((0, 5, 1, 2, 1, 1, ((1, 1),)), (1, 2, 3, 0, 1, 2, ((1, 2),))), ((), (('V', 2, 1, ((0, 5), (2, 0)), ((0, 5, 2, 0, 2, 1, ((1, 1),)),), ((),)),)))),)
KEY n=3 q=2 N=6 OBS=256 LAW=256 OK ((1, 3, ('V', 3, 0, ((0, 5), (1, 2), (3, 0)), ((0, 5, 1, 2, 1, 1, ((1, 1),)), (1, 2, 3, 0, 1, 2, ((2, 1),))), ((), ()))),)
KEY n=3 q=2 N=6 OBS=128 LAW=128 OK ((1, 3, ('V', 3, 0, ((0, 5), (1, 3), (3, 0)), ((0, 5, 1, 3, 1, 1, ((1, 1),)), (1, 3, 3, 0, 2, 1, ((1, 1),))), ((), ()))),)
KEY n=3 q=2 N=6 OBS=64 LAW=64 OK ((1, 3, ('V', 3, 0, ((0, 5), (2, 1), (3, 0)), ((0, 5, 2, 1, 1, 2, ((1, 2),)), (2, 1, 3, 0, 1, 1, ((1, 1),))), ((('V', 2, 2, ((0, 5), (2, 0)), ((0, 5, 2, 0, 2, 1, ((1, 1),)),), ((),)),), ()))),)
KEY n=3 q=2 N=6 OBS=128 LAW=128 OK ((1, 3, ('V', 3, 0, ((0, 5), (2, 1), (3, 0)), ((0, 5, 2, 1, 1, 2, ((2, 1),)), (2, 1, 3, 0, 1, 1, ((1, 1),))), ((), ()))),)
KEY n=3 q=2 N=6 OBS=128 LAW=128 OK ((1, 3, ('V', 3, 0, ((0, 5), (3, 0)), ((0, 5, 3, 0, 3, 1, ((1, 1),)),), ((),))),)
KEY n=3 q=2 N=6 OBS=65536 LAW=65536 OK ((3, 1, ('SIMPLE',)),)
CONTROL-L0 q=2 N=6 keys=15 OK
PATTERNS n=4 q=2 ((1, 1), (1, 1), (2, 1)):1 ((1, 1), (1, 3)):2 ((1, 1), (3, 1)):4 ((1, 2), (1, 2)):1 ((1, 2), (2, 1)):2 ((1, 4),):2 ((2, 2),):1 ((4, 1),):3
KEY n=4 q=2 N=2 OBS=16 LAW=16 OK ((1, 1, ('SIMPLE',)), (1, 1, ('SIMPLE',)), (2, 1, ('SIMPLE',)))
KEY n=4 q=2 N=2 OBS=16 LAW=16 OK ((1, 1, ('SIMPLE',)), (1, 3, ('V', 3, 0, ((0, 1), (3, 0)), ((0, 1, 3, 0, 3, 1, ((1, 1),)),), ((),))))
KEY n=4 q=2 N=2 OBS=64 LAW=64 OK ((1, 1, ('SIMPLE',)), (3, 1, ('SIMPLE',)))
KEY n=4 q=2 N=2 OBS=4 LAW=4 OK ((1, 2, ('V', 2, 0, ((0, 1), (2, 0)), ((0, 1, 2, 0, 2, 1, ((1, 1),)),), ((),))), (1, 2, ('V', 2, 0, ((0, 1), (2, 0)), ((0, 1, 2, 0, 2, 1, ((1, 1),)),), ((),))))
KEY n=4 q=2 N=2 OBS=16 LAW=16 OK ((1, 2, ('V', 2, 0, ((0, 1), (2, 0)), ((0, 1, 2, 0, 2, 1, ((1, 1),)),), ((),))), (2, 1, ('SIMPLE',)))
KEY n=4 q=2 N=2 OBS=16 LAW=16 OK ((1, 4, ('V', 4, 0, ((0, 1), (4, 0)), ((0, 1, 4, 0, 4, 1, ((1, 1),)),), ((),))),)
KEY n=4 q=2 N=2 OBS=12 LAW=12 OK ((2, 2, ('V', 2, 0, ((0, 1), (2, 0)), ((0, 1, 2, 0, 2, 1, ((1, 1),)),), ((),))),)
KEY n=4 q=2 N=2 OBS=48 LAW=48 OK ((4, 1, ('SIMPLE',)),)
CONTROL-L0 q=2 N=2 keys=1 OK
KEY n=4 q=2 N=3 OBS=256 LAW=256 OK ((1, 1, ('SIMPLE',)), (1, 1, ('SIMPLE',)), (2, 1, ('SIMPLE',)))
KEY n=4 q=2 N=3 OBS=256 LAW=256 OK ((1, 1, ('SIMPLE',)), (1, 3, ('V', 3, 0, ((0, 1), (3, 0)), ((0, 1, 3, 0, 3, 1, ((1, 1),)),), ((),))))
KEY n=4 q=2 N=3 OBS=64 LAW=64 OK ((1, 1, ('SIMPLE',)), (1, 3, ('V', 3, 0, ((0, 2), (1, 1), (3, 0)), ((0, 2, 1, 1, 1, 1, ((1, 1),)), (1, 1, 3, 0, 2, 1, ((1, 1),))), ((), ()))))
KEY n=4 q=2 N=3 OBS=64 LAW=64 OK ((1, 1, ('SIMPLE',)), (1, 3, ('V', 3, 0, ((0, 2), (3, 0)), ((0, 2, 3, 0, 3, 1, ((1, 1),)),), ((),))))
KEY n=4 q=2 N=3 OBS=1024 LAW=1024 OK ((1, 1, ('SIMPLE',)), (3, 1, ('SIMPLE',)))
KEY n=4 q=2 N=3 OBS=64 LAW=64 OK ((1, 2, ('V', 2, 0, ((0, 1), (2, 0)), ((0, 1, 2, 0, 2, 1, ((1, 1),)),), ((),))), (1, 2, ('V', 2, 0, ((0, 1), (2, 0)), ((0, 1, 2, 0, 2, 1, ((1, 1),)),), ((),))))
KEY n=4 q=2 N=3 OBS=32 LAW=32 OK ((1, 2, ('V', 2, 0, ((0, 1), (2, 0)), ((0, 1, 2, 0, 2, 1, ((1, 1),)),), ((),))), (1, 2, ('V', 2, 0, ((0, 2), (2, 0)), ((0, 2, 2, 0, 1, 2, ((2, 1),)),), ((),))))
KEY n=4 q=2 N=3 OBS=256 LAW=256 OK ((1, 2, ('V', 2, 0, ((0, 1), (2, 0)), ((0, 1, 2, 0, 2, 1, ((1, 1),)),), ((),))), (2, 1, ('SIMPLE',)))
KEY n=4 q=2 N=3 OBS=4 LAW=4 OK ((1, 2, ('V', 2, 0, ((0, 2), (2, 0)), ((0, 2, 2, 0, 1, 2, ((2, 1),)),), ((),))), (1, 2, ('V', 2, 0, ((0, 2), (2, 0)), ((0, 2, 2, 0, 1, 2, ((2, 1),)),), ((),))))
KEY n=4 q=2 N=3 OBS=64 LAW=64 OK ((1, 2, ('V', 2, 0, ((0, 2), (2, 0)), ((0, 2, 2, 0, 1, 2, ((2, 1),)),), ((),))), (2, 1, ('SIMPLE',)))
KEY n=4 q=2 N=3 OBS=256 LAW=256 OK ((1, 4, ('V', 4, 0, ((0, 1), (4, 0)), ((0, 1, 4, 0, 4, 1, ((1, 1),)),), ((),))),)
KEY n=4 q=2 N=3 OBS=64 LAW=64 OK ((1, 4, ('V', 4, 0, ((0, 2), (1, 1), (4, 0)), ((0, 2, 1, 1, 1, 1, ((1, 1),)), (1, 1, 4, 0, 3, 1, ((1, 1),))), ((), ()))),)
KEY n=4 q=2 N=3 OBS=32 LAW=32 OK ((1, 4, ('V', 4, 0, ((0, 2), (4, 0)), ((0, 2, 4, 0, 2, 2, ((2, 1),)),), ((),))),)
KEY n=4 q=2 N=3 OBS=192 LAW=192 OK ((2, 2, ('V', 2, 0, ((0, 1), (2, 0)), ((0, 1, 2, 0, 2, 1, ((1, 1),)),), ((),))),)
KEY n=4 q=2 N=3 OBS=12 LAW=12 OK ((2, 2, ('V', 2, 0, ((0, 2), (2, 0)), ((0, 2, 2, 0, 1, 2, ((1, 1), (1, 1))),), ((),))),)
KEY n=4 q=2 N=3 OBS=24 LAW=24 OK ((2, 2, ('V', 2, 0, ((0, 2), (2, 0)), ((0, 2, 2, 0, 1, 2, ((2, 1),)),), ((),))),)
KEY n=4 q=2 N=3 OBS=768 LAW=768 OK ((4, 1, ('SIMPLE',)),)
CONTROL-L0 q=2 N=3 keys=2 OK
KEY n=4 q=2 N=4 OBS=4096 LAW=4096 OK ((1, 1, ('SIMPLE',)), (1, 1, ('SIMPLE',)), (2, 1, ('SIMPLE',)))
KEY n=4 q=2 N=4 OBS=4096 LAW=4096 OK ((1, 1, ('SIMPLE',)), (1, 3, ('V', 3, 0, ((0, 1), (3, 0)), ((0, 1, 3, 0, 3, 1, ((1, 1),)),), ((),))))
KEY n=4 q=2 N=4 OBS=1024 LAW=1024 OK ((1, 1, ('SIMPLE',)), (1, 3, ('V', 3, 0, ((0, 2), (1, 1), (3, 0)), ((0, 2, 1, 1, 1, 1, ((1, 1),)), (1, 1, 3, 0, 2, 1, ((1, 1),))), ((), ()))))
KEY n=4 q=2 N=4 OBS=1024 LAW=1024 OK ((1, 1, ('SIMPLE',)), (1, 3, ('V', 3, 0, ((0, 2), (3, 0)), ((0, 2, 3, 0, 3, 1, ((1, 1),)),), ((),))))
KEY n=4 q=2 N=4 OBS=512 LAW=512 OK ((1, 1, ('SIMPLE',)), (1, 3, ('V', 3, 0, ((0, 3), (1, 1), (3, 0)), ((0, 3, 1, 1, 1, 1, ((1, 1),)), (1, 1, 3, 0, 2, 1, ((1, 1),))), ((), ()))))
KEY n=4 q=2 N=4 OBS=128 LAW=128 OK ((1, 1, ('SIMPLE',)), (1, 3, ('V', 3, 0, ((0, 3), (3, 0)), ((0, 3, 3, 0, 1, 3, ((1, 1), (2, 1))),), ((),))))
KEY n=4 q=2 N=4 OBS=256 LAW=256 OK ((1, 1, ('SIMPLE',)), (1, 3, ('V', 3, 0, ((0, 3), (3, 0)), ((0, 3, 3, 0, 1, 3, ((3, 1),)),), ((),))))
KEY n=4 q=2 N=4 OBS=16384 LAW=16384 OK ((1, 1, ('SIMPLE',)), (3, 1, ('SIMPLE',)))
KEY n=4 q=2 N=4 OBS=1024 LAW=1024 OK ((1, 2, ('V', 2, 0, ((0, 1), (2, 0)), ((0, 1, 2, 0, 2, 1, ((1, 1),)),), ((),))), (1, 2, ('V', 2, 0, ((0, 1), (2, 0)), ((0, 1, 2, 0, 2, 1, ((1, 1),)),), ((),))))
KEY n=4 q=2 N=4 OBS=256 LAW=256 OK ((1, 2, ('V', 2, 0, ((0, 1), (2, 0)), ((0, 1, 2, 0, 2, 1, ((1, 1),)),), ((),))), (1, 2, ('V', 2, 0, ((0, 2), (2, 0)), ((0, 2, 2, 0, 1, 2, ((1, 2),)),), ((('V', 2, 1, ((0, 3), (2, 0)), ((0, 3, 2, 0, 2, 1, ((1, 1),)),), ((),)),),))))
KEY n=4 q=2 N=4 OBS=512 LAW=512 OK ((1, 2, ('V', 2, 0, ((0, 1), (2, 0)), ((0, 1, 2, 0, 2, 1, ((1, 1),)),), ((),))), (1, 2, ('V', 2, 0, ((0, 2), (2, 0)), ((0, 2, 2, 0, 1, 2, ((2, 1),)),), ((),))))
KEY n=4 q=2 N=4 OBS=256 LAW=256 OK ((1, 2, ('V', 2, 0, ((0, 1), (2, 0)), ((0, 1, 2, 0, 2, 1, ((1, 1),)),), ((),))), (1, 2, ('V', 2, 0, ((0, 3), (1, 1), (2, 0)), ((0, 3, 1, 1, 1, 1, ((1, 1),)), (1, 1, 2, 0, 1, 1, ((1, 1),))), ((), ()))))
KEY n=4 q=2 N=4 OBS=256 LAW=256 OK ((1, 2, ('V', 2, 0, ((0, 1), (2, 0)), ((0, 1, 2, 0, 2, 1, ((1, 1),)),), ((),))), (1, 2, ('V', 2, 0, ((0, 3), (2, 0)), ((0, 3, 2, 0, 2, 1, ((1, 1),)),), ((),))))
KEY n=4 q=2 N=4 OBS=4096 LAW=4096 OK ((1, 2, ('V', 2, 0, ((0, 1), (2, 0)), ((0, 1, 2, 0, 2, 1, ((1, 1),)),), ((),))), (2, 1, ('SIMPLE',)))
KEY n=4 q=2 N=4 OBS=16 LAW=16 OK ((1, 2, ('V', 2, 0, ((0, 2), (2, 0)), ((0, 2, 2, 0, 1, 2, ((1, 2),)),), ((('V', 2, 1, ((0, 3), (2, 0)), ((0, 3, 2, 0, 2, 1, ((1, 1),)),), ((),)),),))), (1, 2, ('V', 2, 0, ((0, 2), (2, 0)), ((0, 2, 2, 0, 1, 2, ((1, 2),)),), ((('V', 2, 1, ((0, 3), (2, 0)), ((0, 3, 2, 0, 2, 1, ((1, 1),)),), ((),)),),))))
KEY n=4 q=2 N=4 OBS=64 LAW=64 OK ((1, 2, ('V', 2, 0, ((0, 2), (2, 0)), ((0, 2, 2, 0, 1, 2, ((1, 2),)),), ((('V', 2, 1, ((0, 3), (2, 0)), ((0, 3, 2, 0, 2, 1, ((1, 1),)),), ((),)),),))), (1, 2, ('V', 2, 0, ((0, 2), (2, 0)), ((0, 2, 2, 0, 1, 2, ((2, 1),)),), ((),))))
KEY n=4 q=2 N=4 OBS=32 LAW=32 OK ((1, 2, ('V', 2, 0, ((0, 2), (2, 0)), ((0, 2, 2, 0, 1, 2, ((1, 2),)),), ((('V', 2, 1, ((0, 3), (2, 0)), ((0, 3, 2, 0, 2, 1, ((1, 1),)),), ((),)),),))), (1, 2, ('V', 2, 0, ((0, 3), (1, 1), (2, 0)), ((0, 3, 1, 1, 1, 1, ((1, 1),)), (1, 1, 2, 0, 1, 1, ((1, 1),))), ((), ()))))
KEY n=4 q=2 N=4 OBS=32 LAW=32 OK ((1, 2, ('V', 2, 0, ((0, 2), (2, 0)), ((0, 2, 2, 0, 1, 2, ((1, 2),)),), ((('V', 2, 1, ((0, 3), (2, 0)), ((0, 3, 2, 0, 2, 1, ((1, 1),)),), ((),)),),))), (1, 2, ('V', 2, 0, ((0, 3), (2, 0)), ((0, 3, 2, 0, 2, 1, ((1, 1),)),), ((),))))
KEY n=4 q=2 N=4 OBS=512 LAW=512 OK ((1, 2, ('V', 2, 0, ((0, 2), (2, 0)), ((0, 2, 2, 0, 1, 2, ((1, 2),)),), ((('V', 2, 1, ((0, 3), (2, 0)), ((0, 3, 2, 0, 2, 1, ((1, 1),)),), ((),)),),))), (2, 1, ('SIMPLE',)))
KEY n=4 q=2 N=4 OBS=64 LAW=64 OK ((1, 2, ('V', 2, 0, ((0, 2), (2, 0)), ((0, 2, 2, 0, 1, 2, ((2, 1),)),), ((),))), (1, 2, ('V', 2, 0, ((0, 2), (2, 0)), ((0, 2, 2, 0, 1, 2, ((2, 1),)),), ((),))))
KEY n=4 q=2 N=4 OBS=64 LAW=64 OK ((1, 2, ('V', 2, 0, ((0, 2), (2, 0)), ((0, 2, 2, 0, 1, 2, ((2, 1),)),), ((),))), (1, 2, ('V', 2, 0, ((0, 3), (1, 1), (2, 0)), ((0, 3, 1, 1, 1, 1, ((1, 1),)), (1, 1, 2, 0, 1, 1, ((1, 1),))), ((), ()))))
KEY n=4 q=2 N=4 OBS=64 LAW=64 OK ((1, 2, ('V', 2, 0, ((0, 2), (2, 0)), ((0, 2, 2, 0, 1, 2, ((2, 1),)),), ((),))), (1, 2, ('V', 2, 0, ((0, 3), (2, 0)), ((0, 3, 2, 0, 2, 1, ((1, 1),)),), ((),))))
KEY n=4 q=2 N=4 OBS=1024 LAW=1024 OK ((1, 2, ('V', 2, 0, ((0, 2), (2, 0)), ((0, 2, 2, 0, 1, 2, ((2, 1),)),), ((),))), (2, 1, ('SIMPLE',)))
KEY n=4 q=2 N=4 OBS=16 LAW=16 OK ((1, 2, ('V', 2, 0, ((0, 3), (1, 1), (2, 0)), ((0, 3, 1, 1, 1, 1, ((1, 1),)), (1, 1, 2, 0, 1, 1, ((1, 1),))), ((), ()))), (1, 2, ('V', 2, 0, ((0, 3), (1, 1), (2, 0)), ((0, 3, 1, 1, 1, 1, ((1, 1),)), (1, 1, 2, 0, 1, 1, ((1, 1),))), ((), ()))))
KEY n=4 q=2 N=4 OBS=32 LAW=32 OK ((1, 2, ('V', 2, 0, ((0, 3), (1, 1), (2, 0)), ((0, 3, 1, 1, 1, 1, ((1, 1),)), (1, 1, 2, 0, 1, 1, ((1, 1),))), ((), ()))), (1, 2, ('V', 2, 0, ((0, 3), (2, 0)), ((0, 3, 2, 0, 2, 1, ((1, 1),)),), ((),))))
KEY n=4 q=2 N=4 OBS=512 LAW=512 OK ((1, 2, ('V', 2, 0, ((0, 3), (1, 1), (2, 0)), ((0, 3, 1, 1, 1, 1, ((1, 1),)), (1, 1, 2, 0, 1, 1, ((1, 1),))), ((), ()))), (2, 1, ('SIMPLE',)))
KEY n=4 q=2 N=4 OBS=16 LAW=16 OK ((1, 2, ('V', 2, 0, ((0, 3), (2, 0)), ((0, 3, 2, 0, 2, 1, ((1, 1),)),), ((),))), (1, 2, ('V', 2, 0, ((0, 3), (2, 0)), ((0, 3, 2, 0, 2, 1, ((1, 1),)),), ((),))))
KEY n=4 q=2 N=4 OBS=512 LAW=512 OK ((1, 2, ('V', 2, 0, ((0, 3), (2, 0)), ((0, 3, 2, 0, 2, 1, ((1, 1),)),), ((),))), (2, 1, ('SIMPLE',)))
KEY n=4 q=2 N=4 OBS=4096 LAW=4096 OK ((1, 4, ('V', 4, 0, ((0, 1), (4, 0)), ((0, 1, 4, 0, 4, 1, ((1, 1),)),), ((),))),)
KEY n=4 q=2 N=4 OBS=1024 LAW=1024 OK ((1, 4, ('V', 4, 0, ((0, 2), (1, 1), (4, 0)), ((0, 2, 1, 1, 1, 1, ((1, 1),)), (1, 1, 4, 0, 3, 1, ((1, 1),))), ((), ()))),)
KEY n=4 q=2 N=4 OBS=512 LAW=512 OK ((1, 4, ('V', 4, 0, ((0, 2), (4, 0)), ((0, 2, 4, 0, 2, 2, ((2, 1),)),), ((),))),)
KEY n=4 q=2 N=4 OBS=512 LAW=512 OK ((1, 4, ('V', 4, 0, ((0, 3), (1, 1), (4, 0)), ((0, 3, 1, 1, 1, 1, ((1, 1),)), (1, 1, 4, 0, 3, 1, ((1, 1),))), ((), ()))),)
KEY n=4 q=2 N=4 OBS=128 LAW=128 OK ((1, 4, ('V', 4, 0, ((0, 3), (1, 2), (4, 0)), ((0, 3, 1, 2, 1, 1, ((1, 1),)), (1, 2, 4, 0, 3, 1, ((1, 1),))), ((), ()))),)
KEY n=4 q=2 N=4 OBS=64 LAW=64 OK ((1, 4, ('V', 4, 0, ((0, 3), (2, 1), (4, 0)), ((0, 3, 2, 1, 1, 2, ((1, 2),)), (2, 1, 4, 0, 2, 1, ((1, 1),))), ((('V', 2, 1, ((0, 3), (2, 0)), ((0, 3, 2, 0, 2, 1, ((1, 1),)),), ((),)),), ()))),)
KEY n=4 q=2 N=4 OBS=128 LAW=128 OK ((1, 4, ('V', 4, 0, ((0, 3), (2, 1), (4, 0)), ((0, 3, 2, 1, 1, 2, ((2, 1),)), (2, 1, 4, 0, 2, 1, ((1, 1),))), ((), ()))),)
KEY n=4 q=2 N=4 OBS=128 LAW=128 OK ((1, 4, ('V', 4, 0, ((0, 3), (4, 0)), ((0, 3, 4, 0, 4, 1, ((1, 1),)),), ((),))),)
KEY n=4 q=2 N=4 OBS=3072 LAW=3072 OK ((2, 2, ('V', 2, 0, ((0, 1), (2, 0)), ((0, 1, 2, 0, 2, 1, ((1, 1),)),), ((),))),)
KEY n=4 q=2 N=4 OBS=192 LAW=192 OK ((2, 2, ('V', 2, 0, ((0, 2), (2, 0)), ((0, 2, 2, 0, 1, 2, ((1, 1), (1, 1))),), ((),))),)
KEY n=4 q=2 N=4 OBS=144 LAW=144 OK ((2, 2, ('V', 2, 0, ((0, 2), (2, 0)), ((0, 2, 2, 0, 1, 2, ((1, 2),)),), ((('V', 2, 1, ((0, 3), (2, 0)), ((0, 3, 2, 0, 2, 1, ((1, 1),)),), ((),)),),))),)
KEY n=4 q=2 N=4 OBS=384 LAW=384 OK ((2, 2, ('V', 2, 0, ((0, 2), (2, 0)), ((0, 2, 2, 0, 1, 2, ((2, 1),)),), ((),))),)
KEY n=4 q=2 N=4 OBS=144 LAW=144 OK ((2, 2, ('V', 2, 0, ((0, 3), (1, 1), (2, 0)), ((0, 3, 1, 1, 1, 1, ((1, 1),)), (1, 1, 2, 0, 1, 1, ((1, 1),))), ((), ()))),)
KEY n=4 q=2 N=4 OBS=48 LAW=48 OK ((2, 2, ('V', 2, 0, ((0, 3), (2, 0)), ((0, 3, 2, 0, 2, 1, ((1, 1),)),), ((),))),)
KEY n=4 q=2 N=4 OBS=12288 LAW=12288 OK ((4, 1, ('SIMPLE',)),)
CONTROL-L0 q=2 N=4 keys=5 OK
KEY n=4 q=2 N=5 OBS=65536 LAW=65536 OK ((1, 1, ('SIMPLE',)), (1, 1, ('SIMPLE',)), (2, 1, ('SIMPLE',)))
KEY n=4 q=2 N=5 OBS=65536 LAW=65536 OK ((1, 1, ('SIMPLE',)), (1, 3, ('V', 3, 0, ((0, 1), (3, 0)), ((0, 1, 3, 0, 3, 1, ((1, 1),)),), ((),))))
KEY n=4 q=2 N=5 OBS=16384 LAW=16384 OK ((1, 1, ('SIMPLE',)), (1, 3, ('V', 3, 0, ((0, 2), (1, 1), (3, 0)), ((0, 2, 1, 1, 1, 1, ((1, 1),)), (1, 1, 3, 0, 2, 1, ((1, 1),))), ((), ()))))
KEY n=4 q=2 N=5 OBS=16384 LAW=16384 OK ((1, 1, ('SIMPLE',)), (1, 3, ('V', 3, 0, ((0, 2), (3, 0)), ((0, 2, 3, 0, 3, 1, ((1, 1),)),), ((),))))
KEY n=4 q=2 N=5 OBS=8192 LAW=8192 OK ((1, 1, ('SIMPLE',)), (1, 3, ('V', 3, 0, ((0, 3), (1, 1), (3, 0)), ((0, 3, 1, 1, 1, 1, ((1, 1),)), (1, 1, 3, 0, 2, 1, ((1, 1),))), ((), ()))))
KEY n=4 q=2 N=5 OBS=2048 LAW=2048 OK ((1, 1, ('SIMPLE',)), (1, 3, ('V', 3, 0, ((0, 3), (3, 0)), ((0, 3, 3, 0, 1, 3, ((1, 1), (2, 1))),), ((),))))
KEY n=4 q=2 N=5 OBS=1024 LAW=1024 OK ((1, 1, ('SIMPLE',)), (1, 3, ('V', 3, 0, ((0, 3), (3, 0)), ((0, 3, 3, 0, 1, 3, ((1, 3),)),), ((('V', 3, 1, ((0, 4), (3, 0)), ((0, 4, 3, 0, 3, 1, ((1, 1),)),), ((),)),),))))
KEY n=4 q=2 N=5 OBS=4096 LAW=4096 OK ((1, 1, ('SIMPLE',)), (1, 3, ('V', 3, 0, ((0, 3), (3, 0)), ((0, 3, 3, 0, 1, 3, ((3, 1),)),), ((),))))
KEY n=4 q=2 N=5 OBS=4096 LAW=4096 OK ((1, 1, ('SIMPLE',)), (1, 3, ('V', 3, 0, ((0, 4), (1, 1), (3, 0)), ((0, 4, 1, 1, 1, 1, ((1, 1),)), (1, 1, 3, 0, 2, 1, ((1, 1),))), ((), ()))))
KEY n=4 q=2 N=5 OBS=512 LAW=512 OK ((1, 1, ('SIMPLE',)), (1, 3, ('V', 3, 0, ((0, 4), (1, 2), (3, 0)), ((0, 4, 1, 2, 1, 1, ((1, 1),)), (1, 2, 3, 0, 1, 2, ((1, 2),))), ((), (('V', 2, 1, ((0, 3), (2, 0)), ((0, 3, 2, 0, 2, 1, ((1, 1),)),), ((),)),)))))
KEY n=4 q=2 N=5 OBS=128 LAW=128 OK ((1, 1, ('SIMPLE',)), (1, 3, ('V', 3, 0, ((0, 4), (1, 2), (3, 0)), ((0, 4, 1, 2, 1, 1, ((1, 1),)), (1, 2, 3, 0, 1, 2, ((1, 2),))), ((), (('V', 2, 1, ((0, 4), (2, 0)), ((0, 4, 2, 0, 1, 2, ((2, 1),)),), ((),)),)))))
KEY n=4 q=2 N=5 OBS=1024 LAW=1024 OK ((1, 1, ('SIMPLE',)), (1, 3, ('V', 3, 0, ((0, 4), (1, 2), (3, 0)), ((0, 4, 1, 2, 1, 1, ((1, 1),)), (1, 2, 3, 0, 1, 2, ((2, 1),))), ((), ()))))
KEY n=4 q=2 N=5 OBS=1024 LAW=1024 OK ((1, 1, ('SIMPLE',)), (1, 3, ('V', 3, 0, ((0, 4), (2, 1), (3, 0)), ((0, 4, 2, 1, 2, 1, ((1, 1),)), (2, 1, 3, 0, 1, 1, ((1, 1),))), ((), ()))))
KEY n=4 q=2 N=5 OBS=1024 LAW=1024 OK ((1, 1, ('SIMPLE',)), (1, 3, ('V', 3, 0, ((0, 4), (3, 0)), ((0, 4, 3, 0, 3, 1, ((1, 1),)),), ((),))))
KEY n=4 q=2 N=5 OBS=262144 LAW=262144 OK ((1, 1, ('SIMPLE',)), (3, 1, ('SIMPLE',)))
KEY n=4 q=2 N=5 OBS=16384 LAW=16384 OK ((1, 2, ('V', 2, 0, ((0, 1), (2, 0)), ((0, 1, 2, 0, 2, 1, ((1, 1),)),), ((),))), (1, 2, ('V', 2, 0, ((0, 1), (2, 0)), ((0, 1, 2, 0, 2, 1, ((1, 1),)),), ((),))))
KEY n=4 q=2 N=5 OBS=4096 LAW=4096 OK ((1, 2, ('V', 2, 0, ((0, 1), (2, 0)), ((0, 1, 2, 0, 2, 1, ((1, 1),)),), ((),))), (1, 2, ('V', 2, 0, ((0, 2), (2, 0)), ((0, 2, 2, 0, 1, 2, ((1, 2),)),), ((('V', 2, 1, ((0, 3), (2, 0)), ((0, 3, 2, 0, 2, 1, ((1, 1),)),), ((),)),),))))
KEY n=4 q=2 N=5 OBS=1024 LAW=1024 OK ((1, 2, ('V', 2, 0, ((0, 1), (2, 0)), ((0, 1, 2, 0, 2, 1, ((1, 1),)),), ((),))), (1, 2, ('V', 2, 0, ((0, 2), (2, 0)), ((0, 2, 2, 0, 1, 2, ((1, 2),)),), ((('V', 2, 1, ((0, 4), (2, 0)), ((0, 4, 2, 0, 1, 2, ((2, 1),)),), ((),)),),))))
KEY n=4 q=2 N=5 OBS=8192 LAW=8192 OK ((1, 2, ('V', 2, 0, ((0, 1), (2, 0)), ((0, 1, 2, 0, 2, 1, ((1, 1),)),), ((),))), (1, 2, ('V', 2, 0, ((0, 2), (2, 0)), ((0, 2, 2, 0, 1, 2, ((2, 1),)),), ((),))))
KEY n=4 q=2 N=5 OBS=4096 LAW=4096 OK ((1, 2, ('V', 2, 0, ((0, 1), (2, 0)), ((0, 1, 2, 0, 2, 1, ((1, 1),)),), ((),))), (1, 2, ('V', 2, 0, ((0, 3), (1, 1), (2, 0)), ((0, 3, 1, 1, 1, 1, ((1, 1),)), (1, 1, 2, 0, 1, 1, ((1, 1),))), ((), ()))))
KEY n=4 q=2 N=5 OBS=4096 LAW=4096 OK ((1, 2, ('V', 2, 0, ((0, 1), (2, 0)), ((0, 1, 2, 0, 2, 1, ((1, 1),)),), ((),))), (1, 2, ('V', 2, 0, ((0, 3), (2, 0)), ((0, 3, 2, 0, 2, 1, ((1, 1),)),), ((),))))
KEY n=4 q=2 N=5 OBS=2048 LAW=2048 OK ((1, 2, ('V', 2, 0, ((0, 1), (2, 0)), ((0, 1, 2, 0, 2, 1, ((1, 1),)),), ((),))), (1, 2, ('V', 2, 0, ((0, 4), (1, 1), (2, 0)), ((0, 4, 1, 1, 1, 1, ((1, 1),)), (1, 1, 2, 0, 1, 1, ((1, 1),))), ((), ()))))
KEY n=4 q=2 N=5 OBS=1024 LAW=1024 OK ((1, 2, ('V', 2, 0, ((0, 1), (2, 0)), ((0, 1, 2, 0, 2, 1, ((1, 1),)),), ((),))), (1, 2, ('V', 2, 0, ((0, 4), (2, 0)), ((0, 4, 2, 0, 1, 2, ((2, 1),)),), ((),))))
KEY n=4 q=2 N=5 OBS=65536 LAW=65536 OK ((1, 2, ('V', 2, 0, ((0, 1), (2, 0)), ((0, 1, 2, 0, 2, 1, ((1, 1),)),), ((),))), (2, 1, ('SIMPLE',)))
KEY n=4 q=2 N=5 OBS=256 LAW=256 OK ((1, 2, ('V', 2, 0, ((0, 2), (2, 0)), ((0, 2, 2, 0, 1, 2, ((1, 2),)),), ((('V', 2, 1, ((0, 3), (2, 0)), ((0, 3, 2, 0, 2, 1, ((1, 1),)),), ((),)),),))), (1, 2, ('V', 2, 0, ((0, 2), (2, 0)), ((0, 2, 2, 0, 1, 2, ((1, 2),)),), ((('V', 2, 1, ((0, 3), (2, 0)), ((0, 3, 2, 0, 2, 1, ((1, 1),)),), ((),)),),))))
KEY n=4 q=2 N=5 OBS=128 LAW=128 OK ((1, 2, ('V', 2, 0, ((0, 2), (2, 0)), ((0, 2, 2, 0, 1, 2, ((1, 2),)),), ((('V', 2, 1, ((0, 3), (2, 0)), ((0, 3, 2, 0, 2, 1, ((1, 1),)),), ((),)),),))), (1, 2, ('V', 2, 0, ((0, 2), (2, 0)), ((0, 2, 2, 0, 1, 2, ((1, 2),)),), ((('V', 2, 1, ((0, 4), (2, 0)), ((0, 4, 2, 0, 1, 2, ((2, 1),)),), ((),)),),))))
KEY n=4 q=2 N=5 OBS=1024 LAW=1024 OK ((1, 2, ('V', 2, 0, ((0, 2), (2, 0)), ((0, 2, 2, 0, 1, 2, ((1, 2),)),), ((('V', 2, 1, ((0, 3), (2, 0)), ((0, 3, 2, 0, 2, 1, ((1, 1),)),), ((),)),),))), (1, 2, ('V', 2, 0, ((0, 2), (2, 0)), ((0, 2, 2, 0, 1, 2, ((2, 1),)),), ((),))))
KEY n=4 q=2 N=5 OBS=512 LAW=512 OK ((1, 2, ('V', 2, 0, ((0, 2), (2, 0)), ((0, 2, 2, 0, 1, 2, ((1, 2),)),), ((('V', 2, 1, ((0, 3), (2, 0)), ((0, 3, 2, 0, 2, 1, ((1, 1),)),), ((),)),),))), (1, 2, ('V', 2, 0, ((0, 3), (1, 1), (2, 0)), ((0, 3, 1, 1, 1, 1, ((1, 1),)), (1, 1, 2, 0, 1, 1, ((1, 1),))), ((), ()))))
KEY n=4 q=2 N=5 OBS=512 LAW=512 OK ((1, 2, ('V', 2, 0, ((0, 2), (2, 0)), ((0, 2, 2, 0, 1, 2, ((1, 2),)),), ((('V', 2, 1, ((0, 3), (2, 0)), ((0, 3, 2, 0, 2, 1, ((1, 1),)),), ((),)),),))), (1, 2, ('V', 2, 0, ((0, 3), (2, 0)), ((0, 3, 2, 0, 2, 1, ((1, 1),)),), ((),))))
KEY n=4 q=2 N=5 OBS=256 LAW=256 OK ((1, 2, ('V', 2, 0, ((0, 2), (2, 0)), ((0, 2, 2, 0, 1, 2, ((1, 2),)),), ((('V', 2, 1, ((0, 3), (2, 0)), ((0, 3, 2, 0, 2, 1, ((1, 1),)),), ((),)),),))), (1, 2, ('V', 2, 0, ((0, 4), (1, 1), (2, 0)), ((0, 4, 1, 1, 1, 1, ((1, 1),)), (1, 1, 2, 0, 1, 1, ((1, 1),))), ((), ()))))
KEY n=4 q=2 N=5 OBS=128 LAW=128 OK ((1, 2, ('V', 2, 0, ((0, 2), (2, 0)), ((0, 2, 2, 0, 1, 2, ((1, 2),)),), ((('V', 2, 1, ((0, 3), (2, 0)), ((0, 3, 2, 0, 2, 1, ((1, 1),)),), ((),)),),))), (1, 2, ('V', 2, 0, ((0, 4), (2, 0)), ((0, 4, 2, 0, 1, 2, ((2, 1),)),), ((),))))
KEY n=4 q=2 N=5 OBS=8192 LAW=8192 OK ((1, 2, ('V', 2, 0, ((0, 2), (2, 0)), ((0, 2, 2, 0, 1, 2, ((1, 2),)),), ((('V', 2, 1, ((0, 3), (2, 0)), ((0, 3, 2, 0, 2, 1, ((1, 1),)),), ((),)),),))), (2, 1, ('SIMPLE',)))
KEY n=4 q=2 N=5 OBS=16 LAW=16 OK ((1, 2, ('V', 2, 0, ((0, 2), (2, 0)), ((0, 2, 2, 0, 1, 2, ((1, 2),)),), ((('V', 2, 1, ((0, 4), (2, 0)), ((0, 4, 2, 0, 1, 2, ((2, 1),)),), ((),)),),))), (1, 2, ('V', 2, 0, ((0, 2), (2, 0)), ((0, 2, 2, 0, 1, 2, ((1, 2),)),), ((('V', 2, 1, ((0, 4), (2, 0)), ((0, 4, 2, 0, 1, 2, ((2, 1),)),), ((),)),),))))
KEY n=4 q=2 N=5 OBS=256 LAW=256 OK ((1, 2, ('V', 2, 0, ((0, 2), (2, 0)), ((0, 2, 2, 0, 1, 2, ((1, 2),)),), ((('V', 2, 1, ((0, 4), (2, 0)), ((0, 4, 2, 0, 1, 2, ((2, 1),)),), ((),)),),))), (1, 2, ('V', 2, 0, ((0, 2), (2, 0)), ((0, 2, 2, 0, 1, 2, ((2, 1),)),), ((),))))
KEY n=4 q=2 N=5 OBS=128 LAW=128 OK ((1, 2, ('V', 2, 0, ((0, 2), (2, 0)), ((0, 2, 2, 0, 1, 2, ((1, 2),)),), ((('V', 2, 1, ((0, 4), (2, 0)), ((0, 4, 2, 0, 1, 2, ((2, 1),)),), ((),)),),))), (1, 2, ('V', 2, 0, ((0, 3), (1, 1), (2, 0)), ((0, 3, 1, 1, 1, 1, ((1, 1),)), (1, 1, 2, 0, 1, 1, ((1, 1),))), ((), ()))))
KEY n=4 q=2 N=5 OBS=128 LAW=128 OK ((1, 2, ('V', 2, 0, ((0, 2), (2, 0)), ((0, 2, 2, 0, 1, 2, ((1, 2),)),), ((('V', 2, 1, ((0, 4), (2, 0)), ((0, 4, 2, 0, 1, 2, ((2, 1),)),), ((),)),),))), (1, 2, ('V', 2, 0, ((0, 3), (2, 0)), ((0, 3, 2, 0, 2, 1, ((1, 1),)),), ((),))))
KEY n=4 q=2 N=5 OBS=64 LAW=64 OK ((1, 2, ('V', 2, 0, ((0, 2), (2, 0)), ((0, 2, 2, 0, 1, 2, ((1, 2),)),), ((('V', 2, 1, ((0, 4), (2, 0)), ((0, 4, 2, 0, 1, 2, ((2, 1),)),), ((),)),),))), (1, 2, ('V', 2, 0, ((0, 4), (1, 1), (2, 0)), ((0, 4, 1, 1, 1, 1, ((1, 1),)), (1, 1, 2, 0, 1, 1, ((1, 1),))), ((), ()))))
KEY n=4 q=2 N=5 OBS=32 LAW=32 OK ((1, 2, ('V', 2, 0, ((0, 2), (2, 0)), ((0, 2, 2, 0, 1, 2, ((1, 2),)),), ((('V', 2, 1, ((0, 4), (2, 0)), ((0, 4, 2, 0, 1, 2, ((2, 1),)),), ((),)),),))), (1, 2, ('V', 2, 0, ((0, 4), (2, 0)), ((0, 4, 2, 0, 1, 2, ((2, 1),)),), ((),))))
KEY n=4 q=2 N=5 OBS=2048 LAW=2048 OK ((1, 2, ('V', 2, 0, ((0, 2), (2, 0)), ((0, 2, 2, 0, 1, 2, ((1, 2),)),), ((('V', 2, 1, ((0, 4), (2, 0)), ((0, 4, 2, 0, 1, 2, ((2, 1),)),), ((),)),),))), (2, 1, ('SIMPLE',)))
KEY n=4 q=2 N=5 OBS=1024 LAW=1024 OK ((1, 2, ('V', 2, 0, ((0, 2), (2, 0)), ((0, 2, 2, 0, 1, 2, ((2, 1),)),), ((),))), (1, 2, ('V', 2, 0, ((0, 2), (2, 0)), ((0, 2, 2, 0, 1, 2, ((2, 1),)),), ((),))))
KEY n=4 q=2 N=5 OBS=1024 LAW=1024 OK ((1, 2, ('V', 2, 0, ((0, 2), (2, 0)), ((0, 2, 2, 0, 1, 2, ((2, 1),)),), ((),))), (1, 2, ('V', 2, 0, ((0, 3), (1, 1), (2, 0)), ((0, 3, 1, 1, 1, 1, ((1, 1),)), (1, 1, 2, 0, 1, 1, ((1, 1),))), ((), ()))))
KEY n=4 q=2 N=5 OBS=1024 LAW=1024 OK ((1, 2, ('V', 2, 0, ((0, 2), (2, 0)), ((0, 2, 2, 0, 1, 2, ((2, 1),)),), ((),))), (1, 2, ('V', 2, 0, ((0, 3), (2, 0)), ((0, 3, 2, 0, 2, 1, ((1, 1),)),), ((),))))
KEY n=4 q=2 N=5 OBS=512 LAW=512 OK ((1, 2, ('V', 2, 0, ((0, 2), (2, 0)), ((0, 2, 2, 0, 1, 2, ((2, 1),)),), ((),))), (1, 2, ('V', 2, 0, ((0, 4), (1, 1), (2, 0)), ((0, 4, 1, 1, 1, 1, ((1, 1),)), (1, 1, 2, 0, 1, 1, ((1, 1),))), ((), ()))))
KEY n=4 q=2 N=5 OBS=256 LAW=256 OK ((1, 2, ('V', 2, 0, ((0, 2), (2, 0)), ((0, 2, 2, 0, 1, 2, ((2, 1),)),), ((),))), (1, 2, ('V', 2, 0, ((0, 4), (2, 0)), ((0, 4, 2, 0, 1, 2, ((2, 1),)),), ((),))))
KEY n=4 q=2 N=5 OBS=16384 LAW=16384 OK ((1, 2, ('V', 2, 0, ((0, 2), (2, 0)), ((0, 2, 2, 0, 1, 2, ((2, 1),)),), ((),))), (2, 1, ('SIMPLE',)))
KEY n=4 q=2 N=5 OBS=256 LAW=256 OK ((1, 2, ('V', 2, 0, ((0, 3), (1, 1), (2, 0)), ((0, 3, 1, 1, 1, 1, ((1, 1),)), (1, 1, 2, 0, 1, 1, ((1, 1),))), ((), ()))), (1, 2, ('V', 2, 0, ((0, 3), (1, 1), (2, 0)), ((0, 3, 1, 1, 1, 1, ((1, 1),)), (1, 1, 2, 0, 1, 1, ((1, 1),))), ((), ()))))
KEY n=4 q=2 N=5 OBS=512 LAW=512 OK ((1, 2, ('V', 2, 0, ((0, 3), (1, 1), (2, 0)), ((0, 3, 1, 1, 1, 1, ((1, 1),)), (1, 1, 2, 0, 1, 1, ((1, 1),))), ((), ()))), (1, 2, ('V', 2, 0, ((0, 3), (2, 0)), ((0, 3, 2, 0, 2, 1, ((1, 1),)),), ((),))))
KEY n=4 q=2 N=5 OBS=256 LAW=256 OK ((1, 2, ('V', 2, 0, ((0, 3), (1, 1), (2, 0)), ((0, 3, 1, 1, 1, 1, ((1, 1),)), (1, 1, 2, 0, 1, 1, ((1, 1),))), ((), ()))), (1, 2, ('V', 2, 0, ((0, 4), (1, 1), (2, 0)), ((0, 4, 1, 1, 1, 1, ((1, 1),)), (1, 1, 2, 0, 1, 1, ((1, 1),))), ((), ()))))
KEY n=4 q=2 N=5 OBS=128 LAW=128 OK ((1, 2, ('V', 2, 0, ((0, 3), (1, 1), (2, 0)), ((0, 3, 1, 1, 1, 1, ((1, 1),)), (1, 1, 2, 0, 1, 1, ((1, 1),))), ((), ()))), (1, 2, ('V', 2, 0, ((0, 4), (2, 0)), ((0, 4, 2, 0, 1, 2, ((2, 1),)),), ((),))))
KEY n=4 q=2 N=5 OBS=8192 LAW=8192 OK ((1, 2, ('V', 2, 0, ((0, 3), (1, 1), (2, 0)), ((0, 3, 1, 1, 1, 1, ((1, 1),)), (1, 1, 2, 0, 1, 1, ((1, 1),))), ((), ()))), (2, 1, ('SIMPLE',)))
KEY n=4 q=2 N=5 OBS=256 LAW=256 OK ((1, 2, ('V', 2, 0, ((0, 3), (2, 0)), ((0, 3, 2, 0, 2, 1, ((1, 1),)),), ((),))), (1, 2, ('V', 2, 0, ((0, 3), (2, 0)), ((0, 3, 2, 0, 2, 1, ((1, 1),)),), ((),))))
KEY n=4 q=2 N=5 OBS=256 LAW=256 OK ((1, 2, ('V', 2, 0, ((0, 3), (2, 0)), ((0, 3, 2, 0, 2, 1, ((1, 1),)),), ((),))), (1, 2, ('V', 2, 0, ((0, 4), (1, 1), (2, 0)), ((0, 4, 1, 1, 1, 1, ((1, 1),)), (1, 1, 2, 0, 1, 1, ((1, 1),))), ((), ()))))
KEY n=4 q=2 N=5 OBS=128 LAW=128 OK ((1, 2, ('V', 2, 0, ((0, 3), (2, 0)), ((0, 3, 2, 0, 2, 1, ((1, 1),)),), ((),))), (1, 2, ('V', 2, 0, ((0, 4), (2, 0)), ((0, 4, 2, 0, 1, 2, ((2, 1),)),), ((),))))
KEY n=4 q=2 N=5 OBS=8192 LAW=8192 OK ((1, 2, ('V', 2, 0, ((0, 3), (2, 0)), ((0, 3, 2, 0, 2, 1, ((1, 1),)),), ((),))), (2, 1, ('SIMPLE',)))
KEY n=4 q=2 N=5 OBS=64 LAW=64 OK ((1, 2, ('V', 2, 0, ((0, 4), (1, 1), (2, 0)), ((0, 4, 1, 1, 1, 1, ((1, 1),)), (1, 1, 2, 0, 1, 1, ((1, 1),))), ((), ()))), (1, 2, ('V', 2, 0, ((0, 4), (1, 1), (2, 0)), ((0, 4, 1, 1, 1, 1, ((1, 1),)), (1, 1, 2, 0, 1, 1, ((1, 1),))), ((), ()))))
KEY n=4 q=2 N=5 OBS=64 LAW=64 OK ((1, 2, ('V', 2, 0, ((0, 4), (1, 1), (2, 0)), ((0, 4, 1, 1, 1, 1, ((1, 1),)), (1, 1, 2, 0, 1, 1, ((1, 1),))), ((), ()))), (1, 2, ('V', 2, 0, ((0, 4), (2, 0)), ((0, 4, 2, 0, 1, 2, ((2, 1),)),), ((),))))
KEY n=4 q=2 N=5 OBS=4096 LAW=4096 OK ((1, 2, ('V', 2, 0, ((0, 4), (1, 1), (2, 0)), ((0, 4, 1, 1, 1, 1, ((1, 1),)), (1, 1, 2, 0, 1, 1, ((1, 1),))), ((), ()))), (2, 1, ('SIMPLE',)))
KEY n=4 q=2 N=5 OBS=16 LAW=16 OK ((1, 2, ('V', 2, 0, ((0, 4), (2, 0)), ((0, 4, 2, 0, 1, 2, ((2, 1),)),), ((),))), (1, 2, ('V', 2, 0, ((0, 4), (2, 0)), ((0, 4, 2, 0, 1, 2, ((2, 1),)),), ((),))))
KEY n=4 q=2 N=5 OBS=2048 LAW=2048 OK ((1, 2, ('V', 2, 0, ((0, 4), (2, 0)), ((0, 4, 2, 0, 1, 2, ((2, 1),)),), ((),))), (2, 1, ('SIMPLE',)))
KEY n=4 q=2 N=5 OBS=65536 LAW=65536 OK ((1, 4, ('V', 4, 0, ((0, 1), (4, 0)), ((0, 1, 4, 0, 4, 1, ((1, 1),)),), ((),))),)
KEY n=4 q=2 N=5 OBS=16384 LAW=16384 OK ((1, 4, ('V', 4, 0, ((0, 2), (1, 1), (4, 0)), ((0, 2, 1, 1, 1, 1, ((1, 1),)), (1, 1, 4, 0, 3, 1, ((1, 1),))), ((), ()))),)
KEY n=4 q=2 N=5 OBS=8192 LAW=8192 OK ((1, 4, ('V', 4, 0, ((0, 2), (4, 0)), ((0, 2, 4, 0, 2, 2, ((2, 1),)),), ((),))),)
KEY n=4 q=2 N=5 OBS=8192 LAW=8192 OK ((1, 4, ('V', 4, 0, ((0, 3), (1, 1), (4, 0)), ((0, 3, 1, 1, 1, 1, ((1, 1),)), (1, 1, 4, 0, 3, 1, ((1, 1),))), ((), ()))),)
KEY n=4 q=2 N=5 OBS=2048 LAW=2048 OK ((1, 4, ('V', 4, 0, ((0, 3), (1, 2), (4, 0)), ((0, 3, 1, 2, 1, 1, ((1, 1),)), (1, 2, 4, 0, 3, 1, ((1, 1),))), ((), ()))),)
KEY n=4 q=2 N=5 OBS=1024 LAW=1024 OK ((1, 4, ('V', 4, 0, ((0, 3), (2, 1), (4, 0)), ((0, 3, 2, 1, 1, 2, ((1, 2),)), (2, 1, 4, 0, 2, 1, ((1, 1),))), ((('V', 2, 1, ((0, 3), (2, 0)), ((0, 3, 2, 0, 2, 1, ((1, 1),)),), ((),)),), ()))),)
KEY n=4 q=2 N=5 OBS=256 LAW=256 OK ((1, 4, ('V', 4, 0, ((0, 3), (2, 1), (4, 0)), ((0, 3, 2, 1, 1, 2, ((1, 2),)), (2, 1, 4, 0, 2, 1, ((1, 1),))), ((('V', 2, 1, ((0, 4), (2, 0)), ((0, 4, 2, 0, 1, 2, ((2, 1),)),), ((),)),), ()))),)
KEY n=4 q=2 N=5 OBS=2048 LAW=2048 OK ((1, 4, ('V', 4, 0, ((0, 3), (2, 1), (4, 0)), ((0, 3, 2, 1, 1, 2, ((2, 1),)), (2, 1, 4, 0, 2, 1, ((1, 1),))), ((), ()))),)
KEY n=4 q=2 N=5 OBS=2048 LAW=2048 OK ((1, 4, ('V', 4, 0, ((0, 3), (4, 0)), ((0, 3, 4, 0, 4, 1, ((1, 1),)),), ((),))),)
KEY n=4 q=2 N=5 OBS=4096 LAW=4096 OK ((1, 4, ('V', 4, 0, ((0, 4), (1, 1), (4, 0)), ((0, 4, 1, 1, 1, 1, ((1, 1),)), (1, 1, 4, 0, 3, 1, ((1, 1),))), ((), ()))),)
KEY n=4 q=2 N=5 OBS=1024 LAW=1024 OK ((1, 4, ('V', 4, 0, ((0, 4), (1, 2), (2, 1), (4, 0)), ((0, 4, 1, 2, 1, 1, ((1, 1),)), (1, 2, 2, 1, 1, 1, ((1, 1),)), (2, 1, 4, 0, 2, 1, ((1, 1),))), ((), (), ()))),)
KEY n=4 q=2 N=5 OBS=1024 LAW=1024 OK ((1, 4, ('V', 4, 0, ((0, 4), (1, 2), (4, 0)), ((0, 4, 1, 2, 1, 1, ((1, 1),)), (1, 2, 4, 0, 3, 1, ((1, 1),))), ((), ()))),)
KEY n=4 q=2 N=5 OBS=1024 LAW=1024 OK ((1, 4, ('V', 4, 0, ((0, 4), (2, 1), (4, 0)), ((0, 4, 2, 1, 2, 1, ((1, 1),)), (2, 1, 4, 0, 2, 1, ((1, 1),))), ((), ()))),)
KEY n=4 q=2 N=5 OBS=256 LAW=256 OK ((1, 4, ('V', 4, 0, ((0, 4), (4, 0)), ((0, 4, 4, 0, 1, 4, ((1, 1), (3, 1))),), ((),))),)
KEY n=4 q=2 N=5 OBS=64 LAW=64 OK ((1, 4, ('V', 4, 0, ((0, 4), (4, 0)), ((0, 4, 4, 0, 1, 4, ((1, 2), (2, 1))),), ((('V', 2, 1, ((0, 3), (2, 0)), ((0, 3, 2, 0, 2, 1, ((1, 1),)),), ((),)),),))),)
KEY n=4 q=2 N=5 OBS=16 LAW=16 OK ((1, 4, ('V', 4, 0, ((0, 4), (4, 0)), ((0, 4, 4, 0, 1, 4, ((1, 2), (2, 1))),), ((('V', 2, 1, ((0, 4), (2, 0)), ((0, 4, 2, 0, 1, 2, ((2, 1),)),), ((),)),),))),)
KEY n=4 q=2 N=5 OBS=384 LAW=384 OK ((1, 4, ('V', 4, 0, ((0, 4), (4, 0)), ((0, 4, 4, 0, 1, 4, ((4, 1),)),), ((),))),)
KEY n=4 q=2 N=5 OBS=49152 LAW=49152 OK ((2, 2, ('V', 2, 0, ((0, 1), (2, 0)), ((0, 1, 2, 0, 2, 1, ((1, 1),)),), ((),))),)
KEY n=4 q=2 N=5 OBS=3072 LAW=3072 OK ((2, 2, ('V', 2, 0, ((0, 2), (2, 0)), ((0, 2, 2, 0, 1, 2, ((1, 1), (1, 1))),), ((),))),)
KEY n=4 q=2 N=5 OBS=2304 LAW=2304 OK ((2, 2, ('V', 2, 0, ((0, 2), (2, 0)), ((0, 2, 2, 0, 1, 2, ((1, 2),)),), ((('V', 2, 1, ((0, 3), (2, 0)), ((0, 3, 2, 0, 2, 1, ((1, 1),)),), ((),)),),))),)
KEY n=4 q=2 N=5 OBS=144 LAW=144 OK ((2, 2, ('V', 2, 0, ((0, 2), (2, 0)), ((0, 2, 2, 0, 1, 2, ((1, 2),)),), ((('V', 2, 1, ((0, 4), (2, 0)), ((0, 4, 2, 0, 1, 2, ((1, 1), (1, 1))),), ((),)),),))),)
KEY n=4 q=2 N=5 OBS=288 LAW=288 OK ((2, 2, ('V', 2, 0, ((0, 2), (2, 0)), ((0, 2, 2, 0, 1, 2, ((1, 2),)),), ((('V', 2, 1, ((0, 4), (2, 0)), ((0, 4, 2, 0, 1, 2, ((2, 1),)),), ((),)),),))),)
KEY n=4 q=2 N=5 OBS=6144 LAW=6144 OK ((2, 2, ('V', 2, 0, ((0, 2), (2, 0)), ((0, 2, 2, 0, 1, 2, ((2, 1),)),), ((),))),)
KEY n=4 q=2 N=5 OBS=2304 LAW=2304 OK ((2, 2, ('V', 2, 0, ((0, 3), (1, 1), (2, 0)), ((0, 3, 1, 1, 1, 1, ((1, 1),)), (1, 1, 2, 0, 1, 1, ((1, 1),))), ((), ()))),)
KEY n=4 q=2 N=5 OBS=768 LAW=768 OK ((2, 2, ('V', 2, 0, ((0, 3), (2, 0)), ((0, 3, 2, 0, 2, 1, ((1, 1),)),), ((),))),)
KEY n=4 q=2 N=5 OBS=576 LAW=576 OK ((2, 2, ('V', 2, 0, ((0, 4), (1, 1), (2, 0)), ((0, 4, 1, 1, 1, 1, ((1, 1),)), (1, 1, 2, 0, 1, 1, ((1, 1),))), ((), ()))),)
KEY n=4 q=2 N=5 OBS=48 LAW=48 OK ((2, 2, ('V', 2, 0, ((0, 4), (2, 0)), ((0, 4, 2, 0, 1, 2, ((1, 1), (1, 1))),), ((),))),)
KEY n=4 q=2 N=5 OBS=96 LAW=96 OK ((2, 2, ('V', 2, 0, ((0, 4), (2, 0)), ((0, 4, 2, 0, 1, 2, ((2, 1),)),), ((),))),)
KEY n=4 q=2 N=5 OBS=196608 LAW=196608 OK ((4, 1, ('SIMPLE',)),)
CONTROL-L0 q=2 N=5 keys=8 OK
KEY n=4 q=2 N=6 OBS=1048576 LAW=1048576 OK ((1, 1, ('SIMPLE',)), (1, 1, ('SIMPLE',)), (2, 1, ('SIMPLE',)))
KEY n=4 q=2 N=6 OBS=1048576 LAW=1048576 OK ((1, 1, ('SIMPLE',)), (1, 3, ('V', 3, 0, ((0, 1), (3, 0)), ((0, 1, 3, 0, 3, 1, ((1, 1),)),), ((),))))
KEY n=4 q=2 N=6 OBS=262144 LAW=262144 OK ((1, 1, ('SIMPLE',)), (1, 3, ('V', 3, 0, ((0, 2), (1, 1), (3, 0)), ((0, 2, 1, 1, 1, 1, ((1, 1),)), (1, 1, 3, 0, 2, 1, ((1, 1),))), ((), ()))))
KEY n=4 q=2 N=6 OBS=262144 LAW=262144 OK ((1, 1, ('SIMPLE',)), (1, 3, ('V', 3, 0, ((0, 2), (3, 0)), ((0, 2, 3, 0, 3, 1, ((1, 1),)),), ((),))))
KEY n=4 q=2 N=6 OBS=131072 LAW=131072 OK ((1, 1, ('SIMPLE',)), (1, 3, ('V', 3, 0, ((0, 3), (1, 1), (3, 0)), ((0, 3, 1, 1, 1, 1, ((1, 1),)), (1, 1, 3, 0, 2, 1, ((1, 1),))), ((), ()))))
KEY n=4 q=2 N=6 OBS=32768 LAW=32768 OK ((1, 1, ('SIMPLE',)), (1, 3, ('V', 3, 0, ((0, 3), (3, 0)), ((0, 3, 3, 0, 1, 3, ((1, 1), (2, 1))),), ((),))))
KEY n=4 q=2 N=6 OBS=16384 LAW=16384 OK ((1, 1, ('SIMPLE',)), (1, 3, ('V', 3, 0, ((0, 3), (3, 0)), ((0, 3, 3, 0, 1, 3, ((1, 3),)),), ((('V', 3, 1, ((0, 4), (3, 0)), ((0, 4, 3, 0, 3, 1, ((1, 1),)),), ((),)),),))))
KEY n=4 q=2 N=6 OBS=4096 LAW=4096 OK ((1, 1, ('SIMPLE',)), (1, 3, ('V', 3, 0, ((0, 3), (3, 0)), ((0, 3, 3, 0, 1, 3, ((1, 3),)),), ((('V', 3, 1, ((0, 5), (1, 3), (3, 0)), ((0, 5, 1, 3, 1, 1, ((1, 1),)), (1, 3, 3, 0, 2, 1, ((1, 1),))), ((), ())),),))))
KEY n=4 q=2 N=6 OBS=4096 LAW=4096 OK ((1, 1, ('SIMPLE',)), (1, 3, ('V', 3, 0, ((0, 3), (3, 0)), ((0, 3, 3, 0, 1, 3, ((1, 3),)),), ((('V', 3, 1, ((0, 5), (3, 0)), ((0, 5, 3, 0, 3, 1, ((1, 1),)),), ((),)),),))))
KEY n=4 q=2 N=6 OBS=65536 LAW=65536 OK ((1, 1, ('SIMPLE',)), (1, 3, ('V', 3, 0, ((0, 3), (3, 0)), ((0, 3, 3, 0, 1, 3, ((3, 1),)),), ((),))))
KEY n=4 q=2 N=6 OBS=65536 LAW=65536 OK ((1, 1, ('SIMPLE',)), (1, 3, ('V', 3, 0, ((0, 4), (1, 1), (3, 0)), ((0, 4, 1, 1, 1, 1, ((1, 1),)), (1, 1, 3, 0, 2, 1, ((1, 1),))), ((), ()))))
KEY n=4 q=2 N=6 OBS=8192 LAW=8192 OK ((1, 1, ('SIMPLE',)), (1, 3, ('V', 3, 0, ((0, 4), (1, 2), (3, 0)), ((0, 4, 1, 2, 1, 1, ((1, 1),)), (1, 2, 3, 0, 1, 2, ((1, 2),))), ((), (('V', 2, 1, ((0, 3), (2, 0)), ((0, 3, 2, 0, 2, 1, ((1, 1),)),), ((),)),)))))
KEY n=4 q=2 N=6 OBS=1024 LAW=1024 OK ((1, 1, ('SIMPLE',)), (1, 3, ('V', 3, 0, ((0, 4), (1, 2), (3, 0)), ((0, 4, 1, 2, 1, 1, ((1, 1),)), (1, 2, 3, 0, 1, 2, ((1, 2),))), ((), (('V', 2, 1, ((0, 4), (2, 0)), ((0, 4, 2, 0, 1, 2, ((1, 2),)),), ((('V', 2, 2, ((0, 5), (2, 0)), ((0, 5, 2, 0, 2, 1, ((1, 1),)),), ((),)),),)),)))))
KEY n=4 q=2 N=6 OBS=2048 LAW=2048 OK ((1, 1, ('SIMPLE',)), (1, 3, ('V', 3, 0, ((0, 4), (1, 2), (3, 0)), ((0, 4, 1, 2, 1, 1, ((1, 1),)), (1, 2, 3, 0, 1, 2, ((1, 2),))), ((), (('V', 2, 1, ((0, 4), (2, 0)), ((0, 4, 2, 0, 1, 2, ((2, 1),)),), ((),)),)))))
KEY n=4 q=2 N=6 OBS=1024 LAW=1024 OK ((1, 1, ('SIMPLE',)), (1, 3, ('V', 3, 0, ((0, 4), (1, 2), (3, 0)), ((0, 4, 1, 2, 1, 1, ((1, 1),)), (1, 2, 3, 0, 1, 2, ((1, 2),))), ((), (('V', 2, 1, ((0, 5), (1, 2), (2, 0)), ((0, 5, 1, 2, 1, 1, ((1, 1),)), (1, 2, 2, 0, 1, 1, ((1, 1),))), ((), ())),)))))
KEY n=4 q=2 N=6 OBS=1024 LAW=1024 OK ((1, 1, ('SIMPLE',)), (1, 3, ('V', 3, 0, ((0, 4), (1, 2), (3, 0)), ((0, 4, 1, 2, 1, 1, ((1, 1),)), (1, 2, 3, 0, 1, 2, ((1, 2),))), ((), (('V', 2, 1, ((0, 5), (2, 0)), ((0, 5, 2, 0, 2, 1, ((1, 1),)),), ((),)),)))))
KEY n=4 q=2 N=6 OBS=16384 LAW=16384 OK ((1, 1, ('SIMPLE',)), (1, 3, ('V', 3, 0, ((0, 4), (1, 2), (3, 0)), ((0, 4, 1, 2, 1, 1, ((1, 1),)), (1, 2, 3, 0, 1, 2, ((2, 1),))), ((), ()))))
KEY n=4 q=2 N=6 OBS=16384 LAW=16384 OK ((1, 1, ('SIMPLE',)), (1, 3, ('V', 3, 0, ((0, 4), (2, 1), (3, 0)), ((0, 4, 2, 1, 2, 1, ((1, 1),)), (2, 1, 3, 0, 1, 1, ((1, 1),))), ((), ()))))
KEY n=4 q=2 N=6 OBS=16384 LAW=16384 OK ((1, 1, ('SIMPLE',)), (1, 3, ('V', 3, 0, ((0, 4), (3, 0)), ((0, 4, 3, 0, 3, 1, ((1, 1),)),), ((),))))
KEY n=4 q=2 N=6 OBS=32768 LAW=32768 OK ((1, 1, ('SIMPLE',)), (1, 3, ('V', 3, 0, ((0, 5), (1, 1), (3, 0)), ((0, 5, 1, 1, 1, 1, ((1, 1),)), (1, 1, 3, 0, 2, 1, ((1, 1),))), ((), ()))))
KEY n=4 q=2 N=6 OBS=4096 LAW=4096 OK ((1, 1, ('SIMPLE',)), (1, 3, ('V', 3, 0, ((0, 5), (1, 2), (3, 0)), ((0, 5, 1, 2, 1, 1, ((1, 1),)), (1, 2, 3, 0, 1, 2, ((1, 2),))), ((), (('V', 2, 1, ((0, 3), (2, 0)), ((0, 3, 2, 0, 2, 1, ((1, 1),)),), ((),)),)))))
KEY n=4 q=2 N=6 OBS=512 LAW=512 OK ((1, 1, ('SIMPLE',)), (1, 3, ('V', 3, 0, ((0, 5), (1, 2), (3, 0)), ((0, 5, 1, 2, 1, 1, ((1, 1),)), (1, 2, 3, 0, 1, 2, ((1, 2),))), ((), (('V', 2, 1, ((0, 4), (2, 0)), ((0, 4, 2, 0, 1, 2, ((1, 2),)),), ((('V', 2, 2, ((0, 5), (2, 0)), ((0, 5, 2, 0, 2, 1, ((1, 1),)),), ((),)),),)),)))))
KEY n=4 q=2 N=6 OBS=1024 LAW=1024 OK ((1, 1, ('SIMPLE',)), (1, 3, ('V', 3, 0, ((0, 5), (1, 2), (3, 0)), ((0, 5, 1, 2, 1, 1, ((1, 1),)), (1, 2, 3, 0, 1, 2, ((1, 2),))), ((), (('V', 2, 1, ((0, 4), (2, 0)), ((0, 4, 2, 0, 1, 2, ((2, 1),)),), ((),)),)))))
KEY n=4 q=2 N=6 OBS=512 LAW=512 OK ((1, 1, ('SIMPLE',)), (1, 3, ('V', 3, 0, ((0, 5), (1, 2), (3, 0)), ((0, 5, 1, 2, 1, 1, ((1, 1),)), (1, 2, 3, 0, 1, 2, ((1, 2),))), ((), (('V', 2, 1, ((0, 5), (1, 2), (2, 0)), ((0, 5, 1, 2, 1, 1, ((1, 1),)), (1, 2, 2, 0, 1, 1, ((1, 1),))), ((), ())),)))))
KEY n=4 q=2 N=6 OBS=512 LAW=512 OK ((1, 1, ('SIMPLE',)), (1, 3, ('V', 3, 0, ((0, 5), (1, 2), (3, 0)), ((0, 5, 1, 2, 1, 1, ((1, 1),)), (1, 2, 3, 0, 1, 2, ((1, 2),))), ((), (('V', 2, 1, ((0, 5), (2, 0)), ((0, 5, 2, 0, 2, 1, ((1, 1),)),), ((),)),)))))
KEY n=4 q=2 N=6 OBS=8192 LAW=8192 OK ((1, 1, ('SIMPLE',)), (1, 3, ('V', 3, 0, ((0, 5), (1, 2), (3, 0)), ((0, 5, 1, 2, 1, 1, ((1, 1),)), (1, 2, 3, 0, 1, 2, ((2, 1),))), ((), ()))))
KEY n=4 q=2 N=6 OBS=4096 LAW=4096 OK ((1, 1, ('SIMPLE',)), (1, 3, ('V', 3, 0, ((0, 5), (1, 3), (3, 0)), ((0, 5, 1, 3, 1, 1, ((1, 1),)), (1, 3, 3, 0, 2, 1, ((1, 1),))), ((), ()))))
KEY n=4 q=2 N=6 OBS=2048 LAW=2048 OK ((1, 1, ('SIMPLE',)), (1, 3, ('V', 3, 0, ((0, 5), (2, 1), (3, 0)), ((0, 5, 2, 1, 1, 2, ((1, 2),)), (2, 1, 3, 0, 1, 1, ((1, 1),))), ((('V', 2, 2, ((0, 5), (2, 0)), ((0, 5, 2, 0, 2, 1, ((1, 1),)),), ((),)),), ()))))
KEY n=4 q=2 N=6 OBS=4096 LAW=4096 OK ((1, 1, ('SIMPLE',)), (1, 3, ('V', 3, 0, ((0, 5), (2, 1), (3, 0)), ((0, 5, 2, 1, 1, 2, ((2, 1),)), (2, 1, 3, 0, 1, 1, ((1, 1),))), ((), ()))))
KEY n=4 q=2 N=6 OBS=4096 LAW=4096 OK ((1, 1, ('SIMPLE',)), (1, 3, ('V', 3, 0, ((0, 5), (3, 0)), ((0, 5, 3, 0, 3, 1, ((1, 1),)),), ((),))))
KEY n=4 q=2 N=6 OBS=4194304 LAW=4194304 OK ((1, 1, ('SIMPLE',)), (3, 1, ('SIMPLE',)))
KEY n=4 q=2 N=6 OBS=262144 LAW=262144 OK ((1, 2, ('V', 2, 0, ((0, 1), (2, 0)), ((0, 1, 2, 0, 2, 1, ((1, 1),)),), ((),))), (1, 2, ('V', 2, 0, ((0, 1), (2, 0)), ((0, 1, 2, 0, 2, 1, ((1, 1),)),), ((),))))
KEY n=4 q=2 N=6 OBS=65536 LAW=65536 OK ((1, 2, ('V', 2, 0, ((0, 1), (2, 0)), ((0, 1, 2, 0, 2, 1, ((1, 1),)),), ((),))), (1, 2, ('V', 2, 0, ((0, 2), (2, 0)), ((0, 2, 2, 0, 1, 2, ((1, 2),)),), ((('V', 2, 1, ((0, 3), (2, 0)), ((0, 3, 2, 0, 2, 1, ((1, 1),)),), ((),)),),))))
KEY n=4 q=2 N=6 OBS=8192 LAW=8192 OK ((1, 2, ('V', 2, 0, ((0, 1), (2, 0)), ((0, 1, 2, 0, 2, 1, ((1, 1),)),), ((),))), (1, 2, ('V', 2, 0, ((0, 2), (2, 0)), ((0, 2, 2, 0, 1, 2, ((1, 2),)),), ((('V', 2, 1, ((0, 4), (2, 0)), ((0, 4, 2, 0, 1, 2, ((1, 2),)),), ((('V', 2, 2, ((0, 5), (2, 0)), ((0, 5, 2, 0, 2, 1, ((1, 1),)),), ((),)),),)),),))))
KEY n=4 q=2 N=6 OBS=16384 LAW=16384 OK ((1, 2, ('V', 2, 0, ((0, 1), (2, 0)), ((0, 1, 2, 0, 2, 1, ((1, 1),)),), ((),))), (1, 2, ('V', 2, 0, ((0, 2), (2, 0)), ((0, 2, 2, 0, 1, 2, ((1, 2),)),), ((('V', 2, 1, ((0, 4), (2, 0)), ((0, 4, 2, 0, 1, 2, ((2, 1),)),), ((),)),),))))
KEY n=4 q=2 N=6 OBS=8192 LAW=8192 OK ((1, 2, ('V', 2, 0, ((0, 1), (2, 0)), ((0, 1, 2, 0, 2, 1, ((1, 1),)),), ((),))), (1, 2, ('V', 2, 0, ((0, 2), (2, 0)), ((0, 2, 2, 0, 1, 2, ((1, 2),)),), ((('V', 2, 1, ((0, 5), (1, 2), (2, 0)), ((0, 5, 1, 2, 1, 1, ((1, 1),)), (1, 2, 2, 0, 1, 1, ((1, 1),))), ((), ())),),))))
KEY n=4 q=2 N=6 OBS=8192 LAW=8192 OK ((1, 2, ('V', 2, 0, ((0, 1), (2, 0)), ((0, 1, 2, 0, 2, 1, ((1, 1),)),), ((),))), (1, 2, ('V', 2, 0, ((0, 2), (2, 0)), ((0, 2, 2, 0, 1, 2, ((1, 2),)),), ((('V', 2, 1, ((0, 5), (2, 0)), ((0, 5, 2, 0, 2, 1, ((1, 1),)),), ((),)),),))))
KEY n=4 q=2 N=6 OBS=131072 LAW=131072 OK ((1, 2, ('V', 2, 0, ((0, 1), (2, 0)), ((0, 1, 2, 0, 2, 1, ((1, 1),)),), ((),))), (1, 2, ('V', 2, 0, ((0, 2), (2, 0)), ((0, 2, 2, 0, 1, 2, ((2, 1),)),), ((),))))
KEY n=4 q=2 N=6 OBS=65536 LAW=65536 OK ((1, 2, ('V', 2, 0, ((0, 1), (2, 0)), ((0, 1, 2, 0, 2, 1, ((1, 1),)),), ((),))), (1, 2, ('V', 2, 0, ((0, 3), (1, 1), (2, 0)), ((0, 3, 1, 1, 1, 1, ((1, 1),)), (1, 1, 2, 0, 1, 1, ((1, 1),))), ((), ()))))
KEY n=4 q=2 N=6 OBS=65536 LAW=65536 OK ((1, 2, ('V', 2, 0, ((0, 1), (2, 0)), ((0, 1, 2, 0, 2, 1, ((1, 1),)),), ((),))), (1, 2, ('V', 2, 0, ((0, 3), (2, 0)), ((0, 3, 2, 0, 2, 1, ((1, 1),)),), ((),))))
KEY n=4 q=2 N=6 OBS=32768 LAW=32768 OK ((1, 2, ('V', 2, 0, ((0, 1), (2, 0)), ((0, 1, 2, 0, 2, 1, ((1, 1),)),), ((),))), (1, 2, ('V', 2, 0, ((0, 4), (1, 1), (2, 0)), ((0, 4, 1, 1, 1, 1, ((1, 1),)), (1, 1, 2, 0, 1, 1, ((1, 1),))), ((), ()))))
KEY n=4 q=2 N=6 OBS=8192 LAW=8192 OK ((1, 2, ('V', 2, 0, ((0, 1), (2, 0)), ((0, 1, 2, 0, 2, 1, ((1, 1),)),), ((),))), (1, 2, ('V', 2, 0, ((0, 4), (2, 0)), ((0, 4, 2, 0, 1, 2, ((1, 2),)),), ((('V', 2, 2, ((0, 5), (2, 0)), ((0, 5, 2, 0, 2, 1, ((1, 1),)),), ((),)),),))))
KEY n=4 q=2 N=6 OBS=16384 LAW=16384 OK ((1, 2, ('V', 2, 0, ((0, 1), (2, 0)), ((0, 1, 2, 0, 2, 1, ((1, 1),)),), ((),))), (1, 2, ('V', 2, 0, ((0, 4), (2, 0)), ((0, 4, 2, 0, 1, 2, ((2, 1),)),), ((),))))
KEY n=4 q=2 N=6 OBS=16384 LAW=16384 OK ((1, 2, ('V', 2, 0, ((0, 1), (2, 0)), ((0, 1, 2, 0, 2, 1, ((1, 1),)),), ((),))), (1, 2, ('V', 2, 0, ((0, 5), (1, 1), (2, 0)), ((0, 5, 1, 1, 1, 1, ((1, 1),)), (1, 1, 2, 0, 1, 1, ((1, 1),))), ((), ()))))
KEY n=4 q=2 N=6 OBS=8192 LAW=8192 OK ((1, 2, ('V', 2, 0, ((0, 1), (2, 0)), ((0, 1, 2, 0, 2, 1, ((1, 1),)),), ((),))), (1, 2, ('V', 2, 0, ((0, 5), (1, 2), (2, 0)), ((0, 5, 1, 2, 1, 1, ((1, 1),)), (1, 2, 2, 0, 1, 1, ((1, 1),))), ((), ()))))
KEY n=4 q=2 N=6 OBS=8192 LAW=8192 OK ((1, 2, ('V', 2, 0, ((0, 1), (2, 0)), ((0, 1, 2, 0, 2, 1, ((1, 1),)),), ((),))), (1, 2, ('V', 2, 0, ((0, 5), (2, 0)), ((0, 5, 2, 0, 2, 1, ((1, 1),)),), ((),))))
KEY n=4 q=2 N=6 OBS=1048576 LAW=1048576 OK ((1, 2, ('V', 2, 0, ((0, 1), (2, 0)), ((0, 1, 2, 0, 2, 1, ((1, 1),)),), ((),))), (2, 1, ('SIMPLE',)))
KEY n=4 q=2 N=6 OBS=4096 LAW=4096 OK ((1, 2, ('V', 2, 0, ((0, 2), (2, 0)), ((0, 2, 2, 0, 1, 2, ((1, 2),)),), ((('V', 2, 1, ((0, 3), (2, 0)), ((0, 3, 2, 0, 2, 1, ((1, 1),)),), ((),)),),))), (1, 2, ('V', 2, 0, ((0, 2), (2, 0)), ((0, 2, 2, 0, 1, 2, ((1, 2),)),), ((('V', 2, 1, ((0, 3), (2, 0)), ((0, 3, 2, 0, 2, 1, ((1, 1),)),), ((),)),),))))
KEY n=4 q=2 N=6 OBS=1024 LAW=1024 OK ((1, 2, ('V', 2, 0, ((0, 2), (2, 0)), ((0, 2, 2, 0, 1, 2, ((1, 2),)),), ((('V', 2, 1, ((0, 3), (2, 0)), ((0, 3, 2, 0, 2, 1, ((1, 1),)),), ((),)),),))), (1, 2, ('V', 2, 0, ((0, 2), (2, 0)), ((0, 2, 2, 0, 1, 2, ((1, 2),)),), ((('V', 2, 1, ((0, 4), (2, 0)), ((0, 4, 2, 0, 1, 2, ((1, 2),)),), ((('V', 2, 2, ((0, 5), (2, 0)), ((0, 5, 2, 0, 2, 1, ((1, 1),)),), ((),)),),)),),))))
KEY n=4 q=2 N=6 OBS=2048 LAW=2048 OK ((1, 2, ('V', 2, 0, ((0, 2), (2, 0)), ((0, 2, 2, 0, 1, 2, ((1, 2),)),), ((('V', 2, 1, ((0, 3), (2, 0)), ((0, 3, 2, 0, 2, 1, ((1, 1),)),), ((),)),),))), (1, 2, ('V', 2, 0, ((0, 2), (2, 0)), ((0, 2, 2, 0, 1, 2, ((1, 2),)),), ((('V', 2, 1, ((0, 4), (2, 0)), ((0, 4, 2, 0, 1, 2, ((2, 1),)),), ((),)),),))))
KEY n=4 q=2 N=6 OBS=1024 LAW=1024 OK ((1, 2, ('V', 2, 0, ((0, 2), (2, 0)), ((0, 2, 2, 0, 1, 2, ((1, 2),)),), ((('V', 2, 1, ((0, 3), (2, 0)), ((0, 3, 2, 0, 2, 1, ((1, 1),)),), ((),)),),))), (1, 2, ('V', 2, 0, ((0, 2), (2, 0)), ((0, 2, 2, 0, 1, 2, ((1, 2),)),), ((('V', 2, 1, ((0, 5), (1, 2), (2, 0)), ((0, 5, 1, 2, 1, 1, ((1, 1),)), (1, 2, 2, 0, 1, 1, ((1, 1),))), ((), ())),),))))
KEY n=4 q=2 N=6 OBS=1024 LAW=1024 OK ((1, 2, ('V', 2, 0, ((0, 2), (2, 0)), ((0, 2, 2, 0, 1, 2, ((1, 2),)),), ((('V', 2, 1, ((0, 3), (2, 0)), ((0, 3, 2, 0, 2, 1, ((1, 1),)),), ((),)),),))), (1, 2, ('V', 2, 0, ((0, 2), (2, 0)), ((0, 2, 2, 0, 1, 2, ((1, 2),)),), ((('V', 2, 1, ((0, 5), (2, 0)), ((0, 5, 2, 0, 2, 1, ((1, 1),)),), ((),)),),))))
KEY n=4 q=2 N=6 OBS=16384 LAW=16384 OK ((1, 2, ('V', 2, 0, ((0, 2), (2, 0)), ((0, 2, 2, 0, 1, 2, ((1, 2),)),), ((('V', 2, 1, ((0, 3), (2, 0)), ((0, 3, 2, 0, 2, 1, ((1, 1),)),), ((),)),),))), (1, 2, ('V', 2, 0, ((0, 2), (2, 0)), ((0, 2, 2, 0, 1, 2, ((2, 1),)),), ((),))))
KEY n=4 q=2 N=6 OBS=8192 LAW=8192 OK ((1, 2, ('V', 2, 0, ((0, 2), (2, 0)), ((0, 2, 2, 0, 1, 2, ((1, 2),)),), ((('V', 2, 1, ((0, 3), (2, 0)), ((0, 3, 2, 0, 2, 1, ((1, 1),)),), ((),)),),))), (1, 2, ('V', 2, 0, ((0, 3), (1, 1), (2, 0)), ((0, 3, 1, 1, 1, 1, ((1, 1),)), (1, 1, 2, 0, 1, 1, ((1, 1),))), ((), ()))))
KEY n=4 q=2 N=6 OBS=8192 LAW=8192 OK ((1, 2, ('V', 2, 0, ((0, 2), (2, 0)), ((0, 2, 2, 0, 1, 2, ((1, 2),)),), ((('V', 2, 1, ((0, 3), (2, 0)), ((0, 3, 2, 0, 2, 1, ((1, 1),)),), ((),)),),))), (1, 2, ('V', 2, 0, ((0, 3), (2, 0)), ((0, 3, 2, 0, 2, 1, ((1, 1),)),), ((),))))
KEY n=4 q=2 N=6 OBS=4096 LAW=4096 OK ((1, 2, ('V', 2, 0, ((0, 2), (2, 0)), ((0, 2, 2, 0, 1, 2, ((1, 2),)),), ((('V', 2, 1, ((0, 3), (2, 0)), ((0, 3, 2, 0, 2, 1, ((1, 1),)),), ((),)),),))), (1, 2, ('V', 2, 0, ((0, 4), (1, 1), (2, 0)), ((0, 4, 1, 1, 1, 1, ((1, 1),)), (1, 1, 2, 0, 1, 1, ((1, 1),))), ((), ()))))
KEY n=4 q=2 N=6 OBS=1024 LAW=1024 OK ((1, 2, ('V', 2, 0, ((0, 2), (2, 0)), ((0, 2, 2, 0, 1, 2, ((1, 2),)),), ((('V', 2, 1, ((0, 3), (2, 0)), ((0, 3, 2, 0, 2, 1, ((1, 1),)),), ((),)),),))), (1, 2, ('V', 2, 0, ((0, 4), (2, 0)), ((0, 4, 2, 0, 1, 2, ((1, 2),)),), ((('V', 2, 2, ((0, 5), (2, 0)), ((0, 5, 2, 0, 2, 1, ((1, 1),)),), ((),)),),))))
KEY n=4 q=2 N=6 OBS=2048 LAW=2048 OK ((1, 2, ('V', 2, 0, ((0, 2), (2, 0)), ((0, 2, 2, 0, 1, 2, ((1, 2),)),), ((('V', 2, 1, ((0, 3), (2, 0)), ((0, 3, 2, 0, 2, 1, ((1, 1),)),), ((),)),),))), (1, 2, ('V', 2, 0, ((0, 4), (2, 0)), ((0, 4, 2, 0, 1, 2, ((2, 1),)),), ((),))))
KEY n=4 q=2 N=6 OBS=2048 LAW=2048 OK ((1, 2, ('V', 2, 0, ((0, 2), (2, 0)), ((0, 2, 2, 0, 1, 2, ((1, 2),)),), ((('V', 2, 1, ((0, 3), (2, 0)), ((0, 3, 2, 0, 2, 1, ((1, 1),)),), ((),)),),))), (1, 2, ('V', 2, 0, ((0, 5), (1, 1), (2, 0)), ((0, 5, 1, 1, 1, 1, ((1, 1),)), (1, 1, 2, 0, 1, 1, ((1, 1),))), ((), ()))))
KEY n=4 q=2 N=6 OBS=1024 LAW=1024 OK ((1, 2, ('V', 2, 0, ((0, 2), (2, 0)), ((0, 2, 2, 0, 1, 2, ((1, 2),)),), ((('V', 2, 1, ((0, 3), (2, 0)), ((0, 3, 2, 0, 2, 1, ((1, 1),)),), ((),)),),))), (1, 2, ('V', 2, 0, ((0, 5), (1, 2), (2, 0)), ((0, 5, 1, 2, 1, 1, ((1, 1),)), (1, 2, 2, 0, 1, 1, ((1, 1),))), ((), ()))))
KEY n=4 q=2 N=6 OBS=1024 LAW=1024 OK ((1, 2, ('V', 2, 0, ((0, 2), (2, 0)), ((0, 2, 2, 0, 1, 2, ((1, 2),)),), ((('V', 2, 1, ((0, 3), (2, 0)), ((0, 3, 2, 0, 2, 1, ((1, 1),)),), ((),)),),))), (1, 2, ('V', 2, 0, ((0, 5), (2, 0)), ((0, 5, 2, 0, 2, 1, ((1, 1),)),), ((),))))
KEY n=4 q=2 N=6 OBS=131072 LAW=131072 OK ((1, 2, ('V', 2, 0, ((0, 2), (2, 0)), ((0, 2, 2, 0, 1, 2, ((1, 2),)),), ((('V', 2, 1, ((0, 3), (2, 0)), ((0, 3, 2, 0, 2, 1, ((1, 1),)),), ((),)),),))), (2, 1, ('SIMPLE',)))
KEY n=4 q=2 N=6 OBS=64 LAW=64 OK ((1, 2, ('V', 2, 0, ((0, 2), (2, 0)), ((0, 2, 2, 0, 1, 2, ((1, 2),)),), ((('V', 2, 1, ((0, 4), (2, 0)), ((0, 4, 2, 0, 1, 2, ((1, 2),)),), ((('V', 2, 2, ((0, 5), (2, 0)), ((0, 5, 2, 0, 2, 1, ((1, 1),)),), ((),)),),)),),))), (1, 2, ('V', 2, 0, ((0, 2), (2, 0)), ((0, 2, 2, 0, 1, 2, ((1, 2),)),), ((('V', 2, 1, ((0, 4), (2, 0)), ((0, 4, 2, 0, 1, 2, ((1, 2),)),), ((('V', 2, 2, ((0, 5), (2, 0)), ((0, 5, 2, 0, 2, 1, ((1, 1),)),), ((),)),),)),),))))
KEY n=4 q=2 N=6 OBS=256 LAW=256 OK ((1, 2, ('V', 2, 0, ((0, 2), (2, 0)), ((0, 2, 2, 0, 1, 2, ((1, 2),)),), ((('V', 2, 1, ((0, 4), (2, 0)), ((0, 4, 2, 0, 1, 2, ((1, 2),)),), ((('V', 2, 2, ((0, 5), (2, 0)), ((0, 5, 2, 0, 2, 1, ((1, 1),)),), ((),)),),)),),))), (1, 2, ('V', 2, 0, ((0, 2), (2, 0)), ((0, 2, 2, 0, 1, 2, ((1, 2),)),), ((('V', 2, 1, ((0, 4), (2, 0)), ((0, 4, 2, 0, 1, 2, ((2, 1),)),), ((),)),),))))
KEY n=4 q=2 N=6 OBS=128 LAW=128 OK ((1, 2, ('V', 2, 0, ((0, 2), (2, 0)), ((0, 2, 2, 0, 1, 2, ((1, 2),)),), ((('V', 2, 1, ((0, 4), (2, 0)), ((0, 4, 2, 0, 1, 2, ((1, 2),)),), ((('V', 2, 2, ((0, 5), (2, 0)), ((0, 5, 2, 0, 2, 1, ((1, 1),)),), ((),)),),)),),))), (1, 2, ('V', 2, 0, ((0, 2), (2, 0)), ((0, 2, 2, 0, 1, 2, ((1, 2),)),), ((('V', 2, 1, ((0, 5), (1, 2), (2, 0)), ((0, 5, 1, 2, 1, 1, ((1, 1),)), (1, 2, 2, 0, 1, 1, ((1, 1),))), ((), ())),),))))
KEY n=4 q=2 N=6 OBS=128 LAW=128 OK ((1, 2, ('V', 2, 0, ((0, 2), (2, 0)), ((0, 2, 2, 0, 1, 2, ((1, 2),)),), ((('V', 2, 1, ((0, 4), (2, 0)), ((0, 4, 2, 0, 1, 2, ((1, 2),)),), ((('V', 2, 2, ((0, 5), (2, 0)), ((0, 5, 2, 0, 2, 1, ((1, 1),)),), ((),)),),)),),))), (1, 2, ('V', 2, 0, ((0, 2), (2, 0)), ((0, 2, 2, 0, 1, 2, ((1, 2),)),), ((('V', 2, 1, ((0, 5), (2, 0)), ((0, 5, 2, 0, 2, 1, ((1, 1),)),), ((),)),),))))
KEY n=4 q=2 N=6 OBS=2048 LAW=2048 OK ((1, 2, ('V', 2, 0, ((0, 2), (2, 0)), ((0, 2, 2, 0, 1, 2, ((1, 2),)),), ((('V', 2, 1, ((0, 4), (2, 0)), ((0, 4, 2, 0, 1, 2, ((1, 2),)),), ((('V', 2, 2, ((0, 5), (2, 0)), ((0, 5, 2, 0, 2, 1, ((1, 1),)),), ((),)),),)),),))), (1, 2, ('V', 2, 0, ((0, 2), (2, 0)), ((0, 2, 2, 0, 1, 2, ((2, 1),)),), ((),))))
KEY n=4 q=2 N=6 OBS=1024 LAW=1024 OK ((1, 2, ('V', 2, 0, ((0, 2), (2, 0)), ((0, 2, 2, 0, 1, 2, ((1, 2),)),), ((('V', 2, 1, ((0, 4), (2, 0)), ((0, 4, 2, 0, 1, 2, ((1, 2),)),), ((('V', 2, 2, ((0, 5), (2, 0)), ((0, 5, 2, 0, 2, 1, ((1, 1),)),), ((),)),),)),),))), (1, 2, ('V', 2, 0, ((0, 3), (1, 1), (2, 0)), ((0, 3, 1, 1, 1, 1, ((1, 1),)), (1, 1, 2, 0, 1, 1, ((1, 1),))), ((), ()))))
KEY n=4 q=2 N=6 OBS=1024 LAW=1024 OK ((1, 2, ('V', 2, 0, ((0, 2), (2, 0)), ((0, 2, 2, 0, 1, 2, ((1, 2),)),), ((('V', 2, 1, ((0, 4), (2, 0)), ((0, 4, 2, 0, 1, 2, ((1, 2),)),), ((('V', 2, 2, ((0, 5), (2, 0)), ((0, 5, 2, 0, 2, 1, ((1, 1),)),), ((),)),),)),),))), (1, 2, ('V', 2, 0, ((0, 3), (2, 0)), ((0, 3, 2, 0, 2, 1, ((1, 1),)),), ((),))))
KEY n=4 q=2 N=6 OBS=512 LAW=512 OK ((1, 2, ('V', 2, 0, ((0, 2), (2, 0)), ((0, 2, 2, 0, 1, 2, ((1, 2),)),), ((('V', 2, 1, ((0, 4), (2, 0)), ((0, 4, 2, 0, 1, 2, ((1, 2),)),), ((('V', 2, 2, ((0, 5), (2, 0)), ((0, 5, 2, 0, 2, 1, ((1, 1),)),), ((),)),),)),),))), (1, 2, ('V', 2, 0, ((0, 4), (1, 1), (2, 0)), ((0, 4, 1, 1, 1, 1, ((1, 1),)), (1, 1, 2, 0, 1, 1, ((1, 1),))), ((), ()))))
KEY n=4 q=2 N=6 OBS=128 LAW=128 OK ((1, 2, ('V', 2, 0, ((0, 2), (2, 0)), ((0, 2, 2, 0, 1, 2, ((1, 2),)),), ((('V', 2, 1, ((0, 4), (2, 0)), ((0, 4, 2, 0, 1, 2, ((1, 2),)),), ((('V', 2, 2, ((0, 5), (2, 0)), ((0, 5, 2, 0, 2, 1, ((1, 1),)),), ((),)),),)),),))), (1, 2, ('V', 2, 0, ((0, 4), (2, 0)), ((0, 4, 2, 0, 1, 2, ((1, 2),)),), ((('V', 2, 2, ((0, 5), (2, 0)), ((0, 5, 2, 0, 2, 1, ((1, 1),)),), ((),)),),))))
KEY n=4 q=2 N=6 OBS=256 LAW=256 OK ((1, 2, ('V', 2, 0, ((0, 2), (2, 0)), ((0, 2, 2, 0, 1, 2, ((1, 2),)),), ((('V', 2, 1, ((0, 4), (2, 0)), ((0, 4, 2, 0, 1, 2, ((1, 2),)),), ((('V', 2, 2, ((0, 5), (2, 0)), ((0, 5, 2, 0, 2, 1, ((1, 1),)),), ((),)),),)),),))), (1, 2, ('V', 2, 0, ((0, 4), (2, 0)), ((0, 4, 2, 0, 1, 2, ((2, 1),)),), ((),))))
KEY n=4 q=2 N=6 OBS=256 LAW=256 OK ((1, 2, ('V', 2, 0, ((0, 2), (2, 0)), ((0, 2, 2, 0, 1, 2, ((1, 2),)),), ((('V', 2, 1, ((0, 4), (2, 0)), ((0, 4, 2, 0, 1, 2, ((1, 2),)),), ((('V', 2, 2, ((0, 5), (2, 0)), ((0, 5, 2, 0, 2, 1, ((1, 1),)),), ((),)),),)),),))), (1, 2, ('V', 2, 0, ((0, 5), (1, 1), (2, 0)), ((0, 5, 1, 1, 1, 1, ((1, 1),)), (1, 1, 2, 0, 1, 1, ((1, 1),))), ((), ()))))
KEY n=4 q=2 N=6 OBS=128 LAW=128 OK ((1, 2, ('V', 2, 0, ((0, 2), (2, 0)), ((0, 2, 2, 0, 1, 2, ((1, 2),)),), ((('V', 2, 1, ((0, 4), (2, 0)), ((0, 4, 2, 0, 1, 2, ((1, 2),)),), ((('V', 2, 2, ((0, 5), (2, 0)), ((0, 5, 2, 0, 2, 1, ((1, 1),)),), ((),)),),)),),))), (1, 2, ('V', 2, 0, ((0, 5), (1, 2), (2, 0)), ((0, 5, 1, 2, 1, 1, ((1, 1),)), (1, 2, 2, 0, 1, 1, ((1, 1),))), ((), ()))))
KEY n=4 q=2 N=6 OBS=128 LAW=128 OK ((1, 2, ('V', 2, 0, ((0, 2), (2, 0)), ((0, 2, 2, 0, 1, 2, ((1, 2),)),), ((('V', 2, 1, ((0, 4), (2, 0)), ((0, 4, 2, 0, 1, 2, ((1, 2),)),), ((('V', 2, 2, ((0, 5), (2, 0)), ((0, 5, 2, 0, 2, 1, ((1, 1),)),), ((),)),),)),),))), (1, 2, ('V', 2, 0, ((0, 5), (2, 0)), ((0, 5, 2, 0, 2, 1, ((1, 1),)),), ((),))))
KEY n=4 q=2 N=6 OBS=16384 LAW=16384 OK ((1, 2, ('V', 2, 0, ((0, 2), (2, 0)), ((0, 2, 2, 0, 1, 2, ((1, 2),)),), ((('V', 2, 1, ((0, 4), (2, 0)), ((0, 4, 2, 0, 1, 2, ((1, 2),)),), ((('V', 2, 2, ((0, 5), (2, 0)), ((0, 5, 2, 0, 2, 1, ((1, 1),)),), ((),)),),)),),))), (2, 1, ('SIMPLE',)))
KEY n=4 q=2 N=6 OBS=256 LAW=256 OK ((1, 2, ('V', 2, 0, ((0, 2), (2, 0)), ((0, 2, 2, 0, 1, 2, ((1, 2),)),), ((('V', 2, 1, ((0, 4), (2, 0)), ((0, 4, 2, 0, 1, 2, ((2, 1),)),), ((),)),),))), (1, 2, ('V', 2, 0, ((0, 2), (2, 0)), ((0, 2, 2, 0, 1, 2, ((1, 2),)),), ((('V', 2, 1, ((0, 4), (2, 0)), ((0, 4, 2, 0, 1, 2, ((2, 1),)),), ((),)),),))))
KEY n=4 q=2 N=6 OBS=256 LAW=256 OK ((1, 2, ('V', 2, 0, ((0, 2), (2, 0)), ((0, 2, 2, 0, 1, 2, ((1, 2),)),), ((('V', 2, 1, ((0, 4), (2, 0)), ((0, 4, 2, 0, 1, 2, ((2, 1),)),), ((),)),),))), (1, 2, ('V', 2, 0, ((0, 2), (2, 0)), ((0, 2, 2, 0, 1, 2, ((1, 2),)),), ((('V', 2, 1, ((0, 5), (1, 2), (2, 0)), ((0, 5, 1, 2, 1, 1, ((1, 1),)), (1, 2, 2, 0, 1, 1, ((1, 1),))), ((), ())),),))))
KEY n=4 q=2 N=6 OBS=256 LAW=256 OK ((1, 2, ('V', 2, 0, ((0, 2), (2, 0)), ((0, 2, 2, 0, 1, 2, ((1, 2),)),), ((('V', 2, 1, ((0, 4), (2, 0)), ((0, 4, 2, 0, 1, 2, ((2, 1),)),), ((),)),),))), (1, 2, ('V', 2, 0, ((0, 2), (2, 0)), ((0, 2, 2, 0, 1, 2, ((1, 2),)),), ((('V', 2, 1, ((0, 5), (2, 0)), ((0, 5, 2, 0, 2, 1, ((1, 1),)),), ((),)),),))))
KEY n=4 q=2 N=6 OBS=4096 LAW=4096 OK ((1, 2, ('V', 2, 0, ((0, 2), (2, 0)), ((0, 2, 2, 0, 1, 2, ((1, 2),)),), ((('V', 2, 1, ((0, 4), (2, 0)), ((0, 4, 2, 0, 1, 2, ((2, 1),)),), ((),)),),))), (1, 2, ('V', 2, 0, ((0, 2), (2, 0)), ((0, 2, 2, 0, 1, 2, ((2, 1),)),), ((),))))
KEY n=4 q=2 N=6 OBS=2048 LAW=2048 OK ((1, 2, ('V', 2, 0, ((0, 2), (2, 0)), ((0, 2, 2, 0, 1, 2, ((1, 2),)),), ((('V', 2, 1, ((0, 4), (2, 0)), ((0, 4, 2, 0, 1, 2, ((2, 1),)),), ((),)),),))), (1, 2, ('V', 2, 0, ((0, 3), (1, 1), (2, 0)), ((0, 3, 1, 1, 1, 1, ((1, 1),)), (1, 1, 2, 0, 1, 1, ((1, 1),))), ((), ()))))
KEY n=4 q=2 N=6 OBS=2048 LAW=2048 OK ((1, 2, ('V', 2, 0, ((0, 2), (2, 0)), ((0, 2, 2, 0, 1, 2, ((1, 2),)),), ((('V', 2, 1, ((0, 4), (2, 0)), ((0, 4, 2, 0, 1, 2, ((2, 1),)),), ((),)),),))), (1, 2, ('V', 2, 0, ((0, 3), (2, 0)), ((0, 3, 2, 0, 2, 1, ((1, 1),)),), ((),))))
KEY n=4 q=2 N=6 OBS=1024 LAW=1024 OK ((1, 2, ('V', 2, 0, ((0, 2), (2, 0)), ((0, 2, 2, 0, 1, 2, ((1, 2),)),), ((('V', 2, 1, ((0, 4), (2, 0)), ((0, 4, 2, 0, 1, 2, ((2, 1),)),), ((),)),),))), (1, 2, ('V', 2, 0, ((0, 4), (1, 1), (2, 0)), ((0, 4, 1, 1, 1, 1, ((1, 1),)), (1, 1, 2, 0, 1, 1, ((1, 1),))), ((), ()))))
KEY n=4 q=2 N=6 OBS=256 LAW=256 OK ((1, 2, ('V', 2, 0, ((0, 2), (2, 0)), ((0, 2, 2, 0, 1, 2, ((1, 2),)),), ((('V', 2, 1, ((0, 4), (2, 0)), ((0, 4, 2, 0, 1, 2, ((2, 1),)),), ((),)),),))), (1, 2, ('V', 2, 0, ((0, 4), (2, 0)), ((0, 4, 2, 0, 1, 2, ((1, 2),)),), ((('V', 2, 2, ((0, 5), (2, 0)), ((0, 5, 2, 0, 2, 1, ((1, 1),)),), ((),)),),))))
KEY n=4 q=2 N=6 OBS=512 LAW=512 OK ((1, 2, ('V', 2, 0, ((0, 2), (2, 0)), ((0, 2, 2, 0, 1, 2, ((1, 2),)),), ((('V', 2, 1, ((0, 4), (2, 0)), ((0, 4, 2, 0, 1, 2, ((2, 1),)),), ((),)),),))), (1, 2, ('V', 2, 0, ((0, 4), (2, 0)), ((0, 4, 2, 0, 1, 2, ((2, 1),)),), ((),))))
KEY n=4 q=2 N=6 OBS=512 LAW=512 OK ((1, 2, ('V', 2, 0, ((0, 2), (2, 0)), ((0, 2, 2, 0, 1, 2, ((1, 2),)),), ((('V', 2, 1, ((0, 4), (2, 0)), ((0, 4, 2, 0, 1, 2, ((2, 1),)),), ((),)),),))), (1, 2, ('V', 2, 0, ((0, 5), (1, 1), (2, 0)), ((0, 5, 1, 1, 1, 1, ((1, 1),)), (1, 1, 2, 0, 1, 1, ((1, 1),))), ((), ()))))
KEY n=4 q=2 N=6 OBS=256 LAW=256 OK ((1, 2, ('V', 2, 0, ((0, 2), (2, 0)), ((0, 2, 2, 0, 1, 2, ((1, 2),)),), ((('V', 2, 1, ((0, 4), (2, 0)), ((0, 4, 2, 0, 1, 2, ((2, 1),)),), ((),)),),))), (1, 2, ('V', 2, 0, ((0, 5), (1, 2), (2, 0)), ((0, 5, 1, 2, 1, 1, ((1, 1),)), (1, 2, 2, 0, 1, 1, ((1, 1),))), ((), ()))))
KEY n=4 q=2 N=6 OBS=256 LAW=256 OK ((1, 2, ('V', 2, 0, ((0, 2), (2, 0)), ((0, 2, 2, 0, 1, 2, ((1, 2),)),), ((('V', 2, 1, ((0, 4), (2, 0)), ((0, 4, 2, 0, 1, 2, ((2, 1),)),), ((),)),),))), (1, 2, ('V', 2, 0, ((0, 5), (2, 0)), ((0, 5, 2, 0, 2, 1, ((1, 1),)),), ((),))))
KEY n=4 q=2 N=6 OBS=32768 LAW=32768 OK ((1, 2, ('V', 2, 0, ((0, 2), (2, 0)), ((0, 2, 2, 0, 1, 2, ((1, 2),)),), ((('V', 2, 1, ((0, 4), (2, 0)), ((0, 4, 2, 0, 1, 2, ((2, 1),)),), ((),)),),))), (2, 1, ('SIMPLE',)))
KEY n=4 q=2 N=6 OBS=64 LAW=64 OK ((1, 2, ('V', 2, 0, ((0, 2), (2, 0)), ((0, 2, 2, 0, 1, 2, ((1, 2),)),), ((('V', 2, 1, ((0, 5), (1, 2), (2, 0)), ((0, 5, 1, 2, 1, 1, ((1, 1),)), (1, 2, 2, 0, 1, 1, ((1, 1),))), ((), ())),),))), (1, 2, ('V', 2, 0, ((0, 2), (2, 0)), ((0, 2, 2, 0, 1, 2, ((1, 2),)),), ((('V', 2, 1, ((0, 5), (1, 2), (2, 0)), ((0, 5, 1, 2, 1, 1, ((1, 1),)), (1, 2, 2, 0, 1, 1, ((1, 1),))), ((), ())),),))))
KEY n=4 q=2 N=6 OBS=128 LAW=128 OK ((1, 2, ('V', 2, 0, ((0, 2), (2, 0)), ((0, 2, 2, 0, 1, 2, ((1, 2),)),), ((('V', 2, 1, ((0, 5), (1, 2), (2, 0)), ((0, 5, 1, 2, 1, 1, ((1, 1),)), (1, 2, 2, 0, 1, 1, ((1, 1),))), ((), ())),),))), (1, 2, ('V', 2, 0, ((0, 2), (2, 0)), ((0, 2, 2, 0, 1, 2, ((1, 2),)),), ((('V', 2, 1, ((0, 5), (2, 0)), ((0, 5, 2, 0, 2, 1, ((1, 1),)),), ((),)),),))))
KEY n=4 q=2 N=6 OBS=2048 LAW=2048 OK ((1, 2, ('V', 2, 0, ((0, 2), (2, 0)), ((0, 2, 2, 0, 1, 2, ((1, 2),)),), ((('V', 2, 1, ((0, 5), (1, 2), (2, 0)), ((0, 5, 1, 2, 1, 1, ((1, 1),)), (1, 2, 2, 0, 1, 1, ((1, 1),))), ((), ())),),))), (1, 2, ('V', 2, 0, ((0, 2), (2, 0)), ((0, 2, 2, 0, 1, 2, ((2, 1),)),), ((),))))
KEY n=4 q=2 N=6 OBS=1024 LAW=1024 OK ((1, 2, ('V', 2, 0, ((0, 2), (2, 0)), ((0, 2, 2, 0, 1, 2, ((1, 2),)),), ((('V', 2, 1, ((0, 5), (1, 2), (2, 0)), ((0, 5, 1, 2, 1, 1, ((1, 1),)), (1, 2, 2, 0, 1, 1, ((1, 1),))), ((), ())),),))), (1, 2, ('V', 2, 0, ((0, 3), (1, 1), (2, 0)), ((0, 3, 1, 1, 1, 1, ((1, 1),)), (1, 1, 2, 0, 1, 1, ((1, 1),))), ((), ()))))
KEY n=4 q=2 N=6 OBS=1024 LAW=1024 OK ((1, 2, ('V', 2, 0, ((0, 2), (2, 0)), ((0, 2, 2, 0, 1, 2, ((1, 2),)),), ((('V', 2, 1, ((0, 5), (1, 2), (2, 0)), ((0, 5, 1, 2, 1, 1, ((1, 1),)), (1, 2, 2, 0, 1, 1, ((1, 1),))), ((), ())),),))), (1, 2, ('V', 2, 0, ((0, 3), (2, 0)), ((0, 3, 2, 0, 2, 1, ((1, 1),)),), ((),))))
KEY n=4 q=2 N=6 OBS=512 LAW=512 OK ((1, 2, ('V', 2, 0, ((0, 2), (2, 0)), ((0, 2, 2, 0, 1, 2, ((1, 2),)),), ((('V', 2, 1, ((0, 5), (1, 2), (2, 0)), ((0, 5, 1, 2, 1, 1, ((1, 1),)), (1, 2, 2, 0, 1, 1, ((1, 1),))), ((), ())),),))), (1, 2, ('V', 2, 0, ((0, 4), (1, 1), (2, 0)), ((0, 4, 1, 1, 1, 1, ((1, 1),)), (1, 1, 2, 0, 1, 1, ((1, 1),))), ((), ()))))
KEY n=4 q=2 N=6 OBS=128 LAW=128 OK ((1, 2, ('V', 2, 0, ((0, 2), (2, 0)), ((0, 2, 2, 0, 1, 2, ((1, 2),)),), ((('V', 2, 1, ((0, 5), (1, 2), (2, 0)), ((0, 5, 1, 2, 1, 1, ((1, 1),)), (1, 2, 2, 0, 1, 1, ((1, 1),))), ((), ())),),))), (1, 2, ('V', 2, 0, ((0, 4), (2, 0)), ((0, 4, 2, 0, 1, 2, ((1, 2),)),), ((('V', 2, 2, ((0, 5), (2, 0)), ((0, 5, 2, 0, 2, 1, ((1, 1),)),), ((),)),),))))
KEY n=4 q=2 N=6 OBS=256 LAW=256 OK ((1, 2, ('V', 2, 0, ((0, 2), (2, 0)), ((0, 2, 2, 0, 1, 2, ((1, 2),)),), ((('V', 2, 1, ((0, 5), (1, 2), (2, 0)), ((0, 5, 1, 2, 1, 1, ((1, 1),)), (1, 2, 2, 0, 1, 1, ((1, 1),))), ((), ())),),))), (1, 2, ('V', 2, 0, ((0, 4), (2, 0)), ((0, 4, 2, 0, 1, 2, ((2, 1),)),), ((),))))
KEY n=4 q=2 N=6 OBS=256 LAW=256 OK ((1, 2, ('V', 2, 0, ((0, 2), (2, 0)), ((0, 2, 2, 0, 1, 2, ((1, 2),)),), ((('V', 2, 1, ((0, 5), (1, 2), (2, 0)), ((0, 5, 1, 2, 1, 1, ((1, 1),)), (1, 2, 2, 0, 1, 1, ((1, 1),))), ((), ())),),))), (1, 2, ('V', 2, 0, ((0, 5), (1, 1), (2, 0)), ((0, 5, 1, 1, 1, 1, ((1, 1),)), (1, 1, 2, 0, 1, 1, ((1, 1),))), ((), ()))))
KEY n=4 q=2 N=6 OBS=128 LAW=128 OK ((1, 2, ('V', 2, 0, ((0, 2), (2, 0)), ((0, 2, 2, 0, 1, 2, ((1, 2),)),), ((('V', 2, 1, ((0, 5), (1, 2), (2, 0)), ((0, 5, 1, 2, 1, 1, ((1, 1),)), (1, 2, 2, 0, 1, 1, ((1, 1),))), ((), ())),),))), (1, 2, ('V', 2, 0, ((0, 5), (1, 2), (2, 0)), ((0, 5, 1, 2, 1, 1, ((1, 1),)), (1, 2, 2, 0, 1, 1, ((1, 1),))), ((), ()))))
KEY n=4 q=2 N=6 OBS=128 LAW=128 OK ((1, 2, ('V', 2, 0, ((0, 2), (2, 0)), ((0, 2, 2, 0, 1, 2, ((1, 2),)),), ((('V', 2, 1, ((0, 5), (1, 2), (2, 0)), ((0, 5, 1, 2, 1, 1, ((1, 1),)), (1, 2, 2, 0, 1, 1, ((1, 1),))), ((), ())),),))), (1, 2, ('V', 2, 0, ((0, 5), (2, 0)), ((0, 5, 2, 0, 2, 1, ((1, 1),)),), ((),))))
KEY n=4 q=2 N=6 OBS=16384 LAW=16384 OK ((1, 2, ('V', 2, 0, ((0, 2), (2, 0)), ((0, 2, 2, 0, 1, 2, ((1, 2),)),), ((('V', 2, 1, ((0, 5), (1, 2), (2, 0)), ((0, 5, 1, 2, 1, 1, ((1, 1),)), (1, 2, 2, 0, 1, 1, ((1, 1),))), ((), ())),),))), (2, 1, ('SIMPLE',)))
KEY n=4 q=2 N=6 OBS=64 LAW=64 OK ((1, 2, ('V', 2, 0, ((0, 2), (2, 0)), ((0, 2, 2, 0, 1, 2, ((1, 2),)),), ((('V', 2, 1, ((0, 5), (2, 0)), ((0, 5, 2, 0, 2, 1, ((1, 1),)),), ((),)),),))), (1, 2, ('V', 2, 0, ((0, 2), (2, 0)), ((0, 2, 2, 0, 1, 2, ((1, 2),)),), ((('V', 2, 1, ((0, 5), (2, 0)), ((0, 5, 2, 0, 2, 1, ((1, 1),)),), ((),)),),))))
KEY n=4 q=2 N=6 OBS=2048 LAW=2048 OK ((1, 2, ('V', 2, 0, ((0, 2), (2, 0)), ((0, 2, 2, 0, 1, 2, ((1, 2),)),), ((('V', 2, 1, ((0, 5), (2, 0)), ((0, 5, 2, 0, 2, 1, ((1, 1),)),), ((),)),),))), (1, 2, ('V', 2, 0, ((0, 2), (2, 0)), ((0, 2, 2, 0, 1, 2, ((2, 1),)),), ((),))))
KEY n=4 q=2 N=6 OBS=1024 LAW=1024 OK ((1, 2, ('V', 2, 0, ((0, 2), (2, 0)), ((0, 2, 2, 0, 1, 2, ((1, 2),)),), ((('V', 2, 1, ((0, 5), (2, 0)), ((0, 5, 2, 0, 2, 1, ((1, 1),)),), ((),)),),))), (1, 2, ('V', 2, 0, ((0, 3), (1, 1), (2, 0)), ((0, 3, 1, 1, 1, 1, ((1, 1),)), (1, 1, 2, 0, 1, 1, ((1, 1),))), ((), ()))))
KEY n=4 q=2 N=6 OBS=1024 LAW=1024 OK ((1, 2, ('V', 2, 0, ((0, 2), (2, 0)), ((0, 2, 2, 0, 1, 2, ((1, 2),)),), ((('V', 2, 1, ((0, 5), (2, 0)), ((0, 5, 2, 0, 2, 1, ((1, 1),)),), ((),)),),))), (1, 2, ('V', 2, 0, ((0, 3), (2, 0)), ((0, 3, 2, 0, 2, 1, ((1, 1),)),), ((),))))
KEY n=4 q=2 N=6 OBS=512 LAW=512 OK ((1, 2, ('V', 2, 0, ((0, 2), (2, 0)), ((0, 2, 2, 0, 1, 2, ((1, 2),)),), ((('V', 2, 1, ((0, 5), (2, 0)), ((0, 5, 2, 0, 2, 1, ((1, 1),)),), ((),)),),))), (1, 2, ('V', 2, 0, ((0, 4), (1, 1), (2, 0)), ((0, 4, 1, 1, 1, 1, ((1, 1),)), (1, 1, 2, 0, 1, 1, ((1, 1),))), ((), ()))))
KEY n=4 q=2 N=6 OBS=128 LAW=128 OK ((1, 2, ('V', 2, 0, ((0, 2), (2, 0)), ((0, 2, 2, 0, 1, 2, ((1, 2),)),), ((('V', 2, 1, ((0, 5), (2, 0)), ((0, 5, 2, 0, 2, 1, ((1, 1),)),), ((),)),),))), (1, 2, ('V', 2, 0, ((0, 4), (2, 0)), ((0, 4, 2, 0, 1, 2, ((1, 2),)),), ((('V', 2, 2, ((0, 5), (2, 0)), ((0, 5, 2, 0, 2, 1, ((1, 1),)),), ((),)),),))))
KEY n=4 q=2 N=6 OBS=256 LAW=256 OK ((1, 2, ('V', 2, 0, ((0, 2), (2, 0)), ((0, 2, 2, 0, 1, 2, ((1, 2),)),), ((('V', 2, 1, ((0, 5), (2, 0)), ((0, 5, 2, 0, 2, 1, ((1, 1),)),), ((),)),),))), (1, 2, ('V', 2, 0, ((0, 4), (2, 0)), ((0, 4, 2, 0, 1, 2, ((2, 1),)),), ((),))))
KEY n=4 q=2 N=6 OBS=256 LAW=256 OK ((1, 2, ('V', 2, 0, ((0, 2), (2, 0)), ((0, 2, 2, 0, 1, 2, ((1, 2),)),), ((('V', 2, 1, ((0, 5), (2, 0)), ((0, 5, 2, 0, 2, 1, ((1, 1),)),), ((),)),),))), (1, 2, ('V', 2, 0, ((0, 5), (1, 1), (2, 0)), ((0, 5, 1, 1, 1, 1, ((1, 1),)), (1, 1, 2, 0, 1, 1, ((1, 1),))), ((), ()))))
KEY n=4 q=2 N=6 OBS=128 LAW=128 OK ((1, 2, ('V', 2, 0, ((0, 2), (2, 0)), ((0, 2, 2, 0, 1, 2, ((1, 2),)),), ((('V', 2, 1, ((0, 5), (2, 0)), ((0, 5, 2, 0, 2, 1, ((1, 1),)),), ((),)),),))), (1, 2, ('V', 2, 0, ((0, 5), (1, 2), (2, 0)), ((0, 5, 1, 2, 1, 1, ((1, 1),)), (1, 2, 2, 0, 1, 1, ((1, 1),))), ((), ()))))
KEY n=4 q=2 N=6 OBS=128 LAW=128 OK ((1, 2, ('V', 2, 0, ((0, 2), (2, 0)), ((0, 2, 2, 0, 1, 2, ((1, 2),)),), ((('V', 2, 1, ((0, 5), (2, 0)), ((0, 5, 2, 0, 2, 1, ((1, 1),)),), ((),)),),))), (1, 2, ('V', 2, 0, ((0, 5), (2, 0)), ((0, 5, 2, 0, 2, 1, ((1, 1),)),), ((),))))
KEY n=4 q=2 N=6 OBS=16384 LAW=16384 OK ((1, 2, ('V', 2, 0, ((0, 2), (2, 0)), ((0, 2, 2, 0, 1, 2, ((1, 2),)),), ((('V', 2, 1, ((0, 5), (2, 0)), ((0, 5, 2, 0, 2, 1, ((1, 1),)),), ((),)),),))), (2, 1, ('SIMPLE',)))
KEY n=4 q=2 N=6 OBS=16384 LAW=16384 OK ((1, 2, ('V', 2, 0, ((0, 2), (2, 0)), ((0, 2, 2, 0, 1, 2, ((2, 1),)),), ((),))), (1, 2, ('V', 2, 0, ((0, 2), (2, 0)), ((0, 2, 2, 0, 1, 2, ((2, 1),)),), ((),))))
KEY n=4 q=2 N=6 OBS=16384 LAW=16384 OK ((1, 2, ('V', 2, 0, ((0, 2), (2, 0)), ((0, 2, 2, 0, 1, 2, ((2, 1),)),), ((),))), (1, 2, ('V', 2, 0, ((0, 3), (1, 1), (2, 0)), ((0, 3, 1, 1, 1, 1, ((1, 1),)), (1, 1, 2, 0, 1, 1, ((1, 1),))), ((), ()))))
KEY n=4 q=2 N=6 OBS=16384 LAW=16384 OK ((1, 2, ('V', 2, 0, ((0, 2), (2, 0)), ((0, 2, 2, 0, 1, 2, ((2, 1),)),), ((),))), (1, 2, ('V', 2, 0, ((0, 3), (2, 0)), ((0, 3, 2, 0, 2, 1, ((1, 1),)),), ((),))))
KEY n=4 q=2 N=6 OBS=8192 LAW=8192 OK ((1, 2, ('V', 2, 0, ((0, 2), (2, 0)), ((0, 2, 2, 0, 1, 2, ((2, 1),)),), ((),))), (1, 2, ('V', 2, 0, ((0, 4), (1, 1), (2, 0)), ((0, 4, 1, 1, 1, 1, ((1, 1),)), (1, 1, 2, 0, 1, 1, ((1, 1),))), ((), ()))))
KEY n=4 q=2 N=6 OBS=2048 LAW=2048 OK ((1, 2, ('V', 2, 0, ((0, 2), (2, 0)), ((0, 2, 2, 0, 1, 2, ((2, 1),)),), ((),))), (1, 2, ('V', 2, 0, ((0, 4), (2, 0)), ((0, 4, 2, 0, 1, 2, ((1, 2),)),), ((('V', 2, 2, ((0, 5), (2, 0)), ((0, 5, 2, 0, 2, 1, ((1, 1),)),), ((),)),),))))
KEY n=4 q=2 N=6 OBS=4096 LAW=4096 OK ((1, 2, ('V', 2, 0, ((0, 2), (2, 0)), ((0, 2, 2, 0, 1, 2, ((2, 1),)),), ((),))), (1, 2, ('V', 2, 0, ((0, 4), (2, 0)), ((0, 4, 2, 0, 1, 2, ((2, 1),)),), ((),))))
KEY n=4 q=2 N=6 OBS=4096 LAW=4096 OK ((1, 2, ('V', 2, 0, ((0, 2), (2, 0)), ((0, 2, 2, 0, 1, 2, ((2, 1),)),), ((),))), (1, 2, ('V', 2, 0, ((0, 5), (1, 1), (2, 0)), ((0, 5, 1, 1, 1, 1, ((1, 1),)), (1, 1, 2, 0, 1, 1, ((1, 1),))), ((), ()))))
KEY n=4 q=2 N=6 OBS=2048 LAW=2048 OK ((1, 2, ('V', 2, 0, ((0, 2), (2, 0)), ((0, 2, 2, 0, 1, 2, ((2, 1),)),), ((),))), (1, 2, ('V', 2, 0, ((0, 5), (1, 2), (2, 0)), ((0, 5, 1, 2, 1, 1, ((1, 1),)), (1, 2, 2, 0, 1, 1, ((1, 1),))), ((), ()))))
KEY n=4 q=2 N=6 OBS=2048 LAW=2048 OK ((1, 2, ('V', 2, 0, ((0, 2), (2, 0)), ((0, 2, 2, 0, 1, 2, ((2, 1),)),), ((),))), (1, 2, ('V', 2, 0, ((0, 5), (2, 0)), ((0, 5, 2, 0, 2, 1, ((1, 1),)),), ((),))))
KEY n=4 q=2 N=6 OBS=262144 LAW=262144 OK ((1, 2, ('V', 2, 0, ((0, 2), (2, 0)), ((0, 2, 2, 0, 1, 2, ((2, 1),)),), ((),))), (2, 1, ('SIMPLE',)))
KEY n=4 q=2 N=6 OBS=4096 LAW=4096 OK ((1, 2, ('V', 2, 0, ((0, 3), (1, 1), (2, 0)), ((0, 3, 1, 1, 1, 1, ((1, 1),)), (1, 1, 2, 0, 1, 1, ((1, 1),))), ((), ()))), (1, 2, ('V', 2, 0, ((0, 3), (1, 1), (2, 0)), ((0, 3, 1, 1, 1, 1, ((1, 1),)), (1, 1, 2, 0, 1, 1, ((1, 1),))), ((), ()))))
KEY n=4 q=2 N=6 OBS=8192 LAW=8192 OK ((1, 2, ('V', 2, 0, ((0, 3), (1, 1), (2, 0)), ((0, 3, 1, 1, 1, 1, ((1, 1),)), (1, 1, 2, 0, 1, 1, ((1, 1),))), ((), ()))), (1, 2, ('V', 2, 0, ((0, 3), (2, 0)), ((0, 3, 2, 0, 2, 1, ((1, 1),)),), ((),))))
KEY n=4 q=2 N=6 OBS=4096 LAW=4096 OK ((1, 2, ('V', 2, 0, ((0, 3), (1, 1), (2, 0)), ((0, 3, 1, 1, 1, 1, ((1, 1),)), (1, 1, 2, 0, 1, 1, ((1, 1),))), ((), ()))), (1, 2, ('V', 2, 0, ((0, 4), (1, 1), (2, 0)), ((0, 4, 1, 1, 1, 1, ((1, 1),)), (1, 1, 2, 0, 1, 1, ((1, 1),))), ((), ()))))
KEY n=4 q=2 N=6 OBS=1024 LAW=1024 OK ((1, 2, ('V', 2, 0, ((0, 3), (1, 1), (2, 0)), ((0, 3, 1, 1, 1, 1, ((1, 1),)), (1, 1, 2, 0, 1, 1, ((1, 1),))), ((), ()))), (1, 2, ('V', 2, 0, ((0, 4), (2, 0)), ((0, 4, 2, 0, 1, 2, ((1, 2),)),), ((('V', 2, 2, ((0, 5), (2, 0)), ((0, 5, 2, 0, 2, 1, ((1, 1),)),), ((),)),),))))
KEY n=4 q=2 N=6 OBS=2048 LAW=2048 OK ((1, 2, ('V', 2, 0, ((0, 3), (1, 1), (2, 0)), ((0, 3, 1, 1, 1, 1, ((1, 1),)), (1, 1, 2, 0, 1, 1, ((1, 1),))), ((), ()))), (1, 2, ('V', 2, 0, ((0, 4), (2, 0)), ((0, 4, 2, 0, 1, 2, ((2, 1),)),), ((),))))
KEY n=4 q=2 N=6 OBS=2048 LAW=2048 OK ((1, 2, ('V', 2, 0, ((0, 3), (1, 1), (2, 0)), ((0, 3, 1, 1, 1, 1, ((1, 1),)), (1, 1, 2, 0, 1, 1, ((1, 1),))), ((), ()))), (1, 2, ('V', 2, 0, ((0, 5), (1, 1), (2, 0)), ((0, 5, 1, 1, 1, 1, ((1, 1),)), (1, 1, 2, 0, 1, 1, ((1, 1),))), ((), ()))))
KEY n=4 q=2 N=6 OBS=1024 LAW=1024 OK ((1, 2, ('V', 2, 0, ((0, 3), (1, 1), (2, 0)), ((0, 3, 1, 1, 1, 1, ((1, 1),)), (1, 1, 2, 0, 1, 1, ((1, 1),))), ((), ()))), (1, 2, ('V', 2, 0, ((0, 5), (1, 2), (2, 0)), ((0, 5, 1, 2, 1, 1, ((1, 1),)), (1, 2, 2, 0, 1, 1, ((1, 1),))), ((), ()))))
KEY n=4 q=2 N=6 OBS=1024 LAW=1024 OK ((1, 2, ('V', 2, 0, ((0, 3), (1, 1), (2, 0)), ((0, 3, 1, 1, 1, 1, ((1, 1),)), (1, 1, 2, 0, 1, 1, ((1, 1),))), ((), ()))), (1, 2, ('V', 2, 0, ((0, 5), (2, 0)), ((0, 5, 2, 0, 2, 1, ((1, 1),)),), ((),))))
KEY n=4 q=2 N=6 OBS=131072 LAW=131072 OK ((1, 2, ('V', 2, 0, ((0, 3), (1, 1), (2, 0)), ((0, 3, 1, 1, 1, 1, ((1, 1),)), (1, 1, 2, 0, 1, 1, ((1, 1),))), ((), ()))), (2, 1, ('SIMPLE',)))
KEY n=4 q=2 N=6 OBS=4096 LAW=4096 OK ((1, 2, ('V', 2, 0, ((0, 3), (2, 0)), ((0, 3, 2, 0, 2, 1, ((1, 1),)),), ((),))), (1, 2, ('V', 2, 0, ((0, 3), (2, 0)), ((0, 3, 2, 0, 2, 1, ((1, 1),)),), ((),))))
KEY n=4 q=2 N=6 OBS=4096 LAW=4096 OK ((1, 2, ('V', 2, 0, ((0, 3), (2, 0)), ((0, 3, 2, 0, 2, 1, ((1, 1),)),), ((),))), (1, 2, ('V', 2, 0, ((0, 4), (1, 1), (2, 0)), ((0, 4, 1, 1, 1, 1, ((1, 1),)), (1, 1, 2, 0, 1, 1, ((1, 1),))), ((), ()))))
KEY n=4 q=2 N=6 OBS=1024 LAW=1024 OK ((1, 2, ('V', 2, 0, ((0, 3), (2, 0)), ((0, 3, 2, 0, 2, 1, ((1, 1),)),), ((),))), (1, 2, ('V', 2, 0, ((0, 4), (2, 0)), ((0, 4, 2, 0, 1, 2, ((1, 2),)),), ((('V', 2, 2, ((0, 5), (2, 0)), ((0, 5, 2, 0, 2, 1, ((1, 1),)),), ((),)),),))))
KEY n=4 q=2 N=6 OBS=2048 LAW=2048 OK ((1, 2, ('V', 2, 0, ((0, 3), (2, 0)), ((0, 3, 2, 0, 2, 1, ((1, 1),)),), ((),))), (1, 2, ('V', 2, 0, ((0, 4), (2, 0)), ((0, 4, 2, 0, 1, 2, ((2, 1),)),), ((),))))
KEY n=4 q=2 N=6 OBS=2048 LAW=2048 OK ((1, 2, ('V', 2, 0, ((0, 3), (2, 0)), ((0, 3, 2, 0, 2, 1, ((1, 1),)),), ((),))), (1, 2, ('V', 2, 0, ((0, 5), (1, 1), (2, 0)), ((0, 5, 1, 1, 1, 1, ((1, 1),)), (1, 1, 2, 0, 1, 1, ((1, 1),))), ((), ()))))
KEY n=4 q=2 N=6 OBS=1024 LAW=1024 OK ((1, 2, ('V', 2, 0, ((0, 3), (2, 0)), ((0, 3, 2, 0, 2, 1, ((1, 1),)),), ((),))), (1, 2, ('V', 2, 0, ((0, 5), (1, 2), (2, 0)), ((0, 5, 1, 2, 1, 1, ((1, 1),)), (1, 2, 2, 0, 1, 1, ((1, 1),))), ((), ()))))
KEY n=4 q=2 N=6 OBS=1024 LAW=1024 OK ((1, 2, ('V', 2, 0, ((0, 3), (2, 0)), ((0, 3, 2, 0, 2, 1, ((1, 1),)),), ((),))), (1, 2, ('V', 2, 0, ((0, 5), (2, 0)), ((0, 5, 2, 0, 2, 1, ((1, 1),)),), ((),))))
KEY n=4 q=2 N=6 OBS=131072 LAW=131072 OK ((1, 2, ('V', 2, 0, ((0, 3), (2, 0)), ((0, 3, 2, 0, 2, 1, ((1, 1),)),), ((),))), (2, 1, ('SIMPLE',)))
KEY n=4 q=2 N=6 OBS=1024 LAW=1024 OK ((1, 2, ('V', 2, 0, ((0, 4), (1, 1), (2, 0)), ((0, 4, 1, 1, 1, 1, ((1, 1),)), (1, 1, 2, 0, 1, 1, ((1, 1),))), ((), ()))), (1, 2, ('V', 2, 0, ((0, 4), (1, 1), (2, 0)), ((0, 4, 1, 1, 1, 1, ((1, 1),)), (1, 1, 2, 0, 1, 1, ((1, 1),))), ((), ()))))
KEY n=4 q=2 N=6 OBS=512 LAW=512 OK ((1, 2, ('V', 2, 0, ((0, 4), (1, 1), (2, 0)), ((0, 4, 1, 1, 1, 1, ((1, 1),)), (1, 1, 2, 0, 1, 1, ((1, 1),))), ((), ()))), (1, 2, ('V', 2, 0, ((0, 4), (2, 0)), ((0, 4, 2, 0, 1, 2, ((1, 2),)),), ((('V', 2, 2, ((0, 5), (2, 0)), ((0, 5, 2, 0, 2, 1, ((1, 1),)),), ((),)),),))))
KEY n=4 q=2 N=6 OBS=1024 LAW=1024 OK ((1, 2, ('V', 2, 0, ((0, 4), (1, 1), (2, 0)), ((0, 4, 1, 1, 1, 1, ((1, 1),)), (1, 1, 2, 0, 1, 1, ((1, 1),))), ((), ()))), (1, 2, ('V', 2, 0, ((0, 4), (2, 0)), ((0, 4, 2, 0, 1, 2, ((2, 1),)),), ((),))))
KEY n=4 q=2 N=6 OBS=1024 LAW=1024 OK ((1, 2, ('V', 2, 0, ((0, 4), (1, 1), (2, 0)), ((0, 4, 1, 1, 1, 1, ((1, 1),)), (1, 1, 2, 0, 1, 1, ((1, 1),))), ((), ()))), (1, 2, ('V', 2, 0, ((0, 5), (1, 1), (2, 0)), ((0, 5, 1, 1, 1, 1, ((1, 1),)), (1, 1, 2, 0, 1, 1, ((1, 1),))), ((), ()))))
KEY n=4 q=2 N=6 OBS=512 LAW=512 OK ((1, 2, ('V', 2, 0, ((0, 4), (1, 1), (2, 0)), ((0, 4, 1, 1, 1, 1, ((1, 1),)), (1, 1, 2, 0, 1, 1, ((1, 1),))), ((), ()))), (1, 2, ('V', 2, 0, ((0, 5), (1, 2), (2, 0)), ((0, 5, 1, 2, 1, 1, ((1, 1),)), (1, 2, 2, 0, 1, 1, ((1, 1),))), ((), ()))))
KEY n=4 q=2 N=6 OBS=512 LAW=512 OK ((1, 2, ('V', 2, 0, ((0, 4), (1, 1), (2, 0)), ((0, 4, 1, 1, 1, 1, ((1, 1),)), (1, 1, 2, 0, 1, 1, ((1, 1),))), ((), ()))), (1, 2, ('V', 2, 0, ((0, 5), (2, 0)), ((0, 5, 2, 0, 2, 1, ((1, 1),)),), ((),))))
KEY n=4 q=2 N=6 OBS=65536 LAW=65536 OK ((1, 2, ('V', 2, 0, ((0, 4), (1, 1), (2, 0)), ((0, 4, 1, 1, 1, 1, ((1, 1),)), (1, 1, 2, 0, 1, 1, ((1, 1),))), ((), ()))), (2, 1, ('SIMPLE',)))
KEY n=4 q=2 N=6 OBS=64 LAW=64 OK ((1, 2, ('V', 2, 0, ((0, 4), (2, 0)), ((0, 4, 2, 0, 1, 2, ((1, 2),)),), ((('V', 2, 2, ((0, 5), (2, 0)), ((0, 5, 2, 0, 2, 1, ((1, 1),)),), ((),)),),))), (1, 2, ('V', 2, 0, ((0, 4), (2, 0)), ((0, 4, 2, 0, 1, 2, ((1, 2),)),), ((('V', 2, 2, ((0, 5), (2, 0)), ((0, 5, 2, 0, 2, 1, ((1, 1),)),), ((),)),),))))
KEY n=4 q=2 N=6 OBS=256 LAW=256 OK ((1, 2, ('V', 2, 0, ((0, 4), (2, 0)), ((0, 4, 2, 0, 1, 2, ((1, 2),)),), ((('V', 2, 2, ((0, 5), (2, 0)), ((0, 5, 2, 0, 2, 1, ((1, 1),)),), ((),)),),))), (1, 2, ('V', 2, 0, ((0, 4), (2, 0)), ((0, 4, 2, 0, 1, 2, ((2, 1),)),), ((),))))
KEY n=4 q=2 N=6 OBS=256 LAW=256 OK ((1, 2, ('V', 2, 0, ((0, 4), (2, 0)), ((0, 4, 2, 0, 1, 2, ((1, 2),)),), ((('V', 2, 2, ((0, 5), (2, 0)), ((0, 5, 2, 0, 2, 1, ((1, 1),)),), ((),)),),))), (1, 2, ('V', 2, 0, ((0, 5), (1, 1), (2, 0)), ((0, 5, 1, 1, 1, 1, ((1, 1),)), (1, 1, 2, 0, 1, 1, ((1, 1),))), ((), ()))))
KEY n=4 q=2 N=6 OBS=128 LAW=128 OK ((1, 2, ('V', 2, 0, ((0, 4), (2, 0)), ((0, 4, 2, 0, 1, 2, ((1, 2),)),), ((('V', 2, 2, ((0, 5), (2, 0)), ((0, 5, 2, 0, 2, 1, ((1, 1),)),), ((),)),),))), (1, 2, ('V', 2, 0, ((0, 5), (1, 2), (2, 0)), ((0, 5, 1, 2, 1, 1, ((1, 1),)), (1, 2, 2, 0, 1, 1, ((1, 1),))), ((), ()))))
KEY n=4 q=2 N=6 OBS=128 LAW=128 OK ((1, 2, ('V', 2, 0, ((0, 4), (2, 0)), ((0, 4, 2, 0, 1, 2, ((1, 2),)),), ((('V', 2, 2, ((0, 5), (2, 0)), ((0, 5, 2, 0, 2, 1, ((1, 1),)),), ((),)),),))), (1, 2, ('V', 2, 0, ((0, 5), (2, 0)), ((0, 5, 2, 0, 2, 1, ((1, 1),)),), ((),))))
KEY n=4 q=2 N=6 OBS=16384 LAW=16384 OK ((1, 2, ('V', 2, 0, ((0, 4), (2, 0)), ((0, 4, 2, 0, 1, 2, ((1, 2),)),), ((('V', 2, 2, ((0, 5), (2, 0)), ((0, 5, 2, 0, 2, 1, ((1, 1),)),), ((),)),),))), (2, 1, ('SIMPLE',)))
KEY n=4 q=2 N=6 OBS=256 LAW=256 OK ((1, 2, ('V', 2, 0, ((0, 4), (2, 0)), ((0, 4, 2, 0, 1, 2, ((2, 1),)),), ((),))), (1, 2, ('V', 2, 0, ((0, 4), (2, 0)), ((0, 4, 2, 0, 1, 2, ((2, 1),)),), ((),))))
KEY n=4 q=2 N=6 OBS=512 LAW=512 OK ((1, 2, ('V', 2, 0, ((0, 4), (2, 0)), ((0, 4, 2, 0, 1, 2, ((2, 1),)),), ((),))), (1, 2, ('V', 2, 0, ((0, 5), (1, 1), (2, 0)), ((0, 5, 1, 1, 1, 1, ((1, 1),)), (1, 1, 2, 0, 1, 1, ((1, 1),))), ((), ()))))
KEY n=4 q=2 N=6 OBS=256 LAW=256 OK ((1, 2, ('V', 2, 0, ((0, 4), (2, 0)), ((0, 4, 2, 0, 1, 2, ((2, 1),)),), ((),))), (1, 2, ('V', 2, 0, ((0, 5), (1, 2), (2, 0)), ((0, 5, 1, 2, 1, 1, ((1, 1),)), (1, 2, 2, 0, 1, 1, ((1, 1),))), ((), ()))))
KEY n=4 q=2 N=6 OBS=256 LAW=256 OK ((1, 2, ('V', 2, 0, ((0, 4), (2, 0)), ((0, 4, 2, 0, 1, 2, ((2, 1),)),), ((),))), (1, 2, ('V', 2, 0, ((0, 5), (2, 0)), ((0, 5, 2, 0, 2, 1, ((1, 1),)),), ((),))))
KEY n=4 q=2 N=6 OBS=32768 LAW=32768 OK ((1, 2, ('V', 2, 0, ((0, 4), (2, 0)), ((0, 4, 2, 0, 1, 2, ((2, 1),)),), ((),))), (2, 1, ('SIMPLE',)))
KEY n=4 q=2 N=6 OBS=256 LAW=256 OK ((1, 2, ('V', 2, 0, ((0, 5), (1, 1), (2, 0)), ((0, 5, 1, 1, 1, 1, ((1, 1),)), (1, 1, 2, 0, 1, 1, ((1, 1),))), ((), ()))), (1, 2, ('V', 2, 0, ((0, 5), (1, 1), (2, 0)), ((0, 5, 1, 1, 1, 1, ((1, 1),)), (1, 1, 2, 0, 1, 1, ((1, 1),))), ((), ()))))
KEY n=4 q=2 N=6 OBS=256 LAW=256 OK ((1, 2, ('V', 2, 0, ((0, 5), (1, 1), (2, 0)), ((0, 5, 1, 1, 1, 1, ((1, 1),)), (1, 1, 2, 0, 1, 1, ((1, 1),))), ((), ()))), (1, 2, ('V', 2, 0, ((0, 5), (1, 2), (2, 0)), ((0, 5, 1, 2, 1, 1, ((1, 1),)), (1, 2, 2, 0, 1, 1, ((1, 1),))), ((), ()))))
KEY n=4 q=2 N=6 OBS=256 LAW=256 OK ((1, 2, ('V', 2, 0, ((0, 5), (1, 1), (2, 0)), ((0, 5, 1, 1, 1, 1, ((1, 1),)), (1, 1, 2, 0, 1, 1, ((1, 1),))), ((), ()))), (1, 2, ('V', 2, 0, ((0, 5), (2, 0)), ((0, 5, 2, 0, 2, 1, ((1, 1),)),), ((),))))
KEY n=4 q=2 N=6 OBS=32768 LAW=32768 OK ((1, 2, ('V', 2, 0, ((0, 5), (1, 1), (2, 0)), ((0, 5, 1, 1, 1, 1, ((1, 1),)), (1, 1, 2, 0, 1, 1, ((1, 1),))), ((), ()))), (2, 1, ('SIMPLE',)))
KEY n=4 q=2 N=6 OBS=64 LAW=64 OK ((1, 2, ('V', 2, 0, ((0, 5), (1, 2), (2, 0)), ((0, 5, 1, 2, 1, 1, ((1, 1),)), (1, 2, 2, 0, 1, 1, ((1, 1),))), ((), ()))), (1, 2, ('V', 2, 0, ((0, 5), (1, 2), (2, 0)), ((0, 5, 1, 2, 1, 1, ((1, 1),)), (1, 2, 2, 0, 1, 1, ((1, 1),))), ((), ()))))
KEY n=4 q=2 N=6 OBS=128 LAW=128 OK ((1, 2, ('V', 2, 0, ((0, 5), (1, 2), (2, 0)), ((0, 5, 1, 2, 1, 1, ((1, 1),)), (1, 2, 2, 0, 1, 1, ((1, 1),))), ((), ()))), (1, 2, ('V', 2, 0, ((0, 5), (2, 0)), ((0, 5, 2, 0, 2, 1, ((1, 1),)),), ((),))))
KEY n=4 q=2 N=6 OBS=16384 LAW=16384 OK ((1, 2, ('V', 2, 0, ((0, 5), (1, 2), (2, 0)), ((0, 5, 1, 2, 1, 1, ((1, 1),)), (1, 2, 2, 0, 1, 1, ((1, 1),))), ((), ()))), (2, 1, ('SIMPLE',)))
KEY n=4 q=2 N=6 OBS=64 LAW=64 OK ((1, 2, ('V', 2, 0, ((0, 5), (2, 0)), ((0, 5, 2, 0, 2, 1, ((1, 1),)),), ((),))), (1, 2, ('V', 2, 0, ((0, 5), (2, 0)), ((0, 5, 2, 0, 2, 1, ((1, 1),)),), ((),))))
KEY n=4 q=2 N=6 OBS=16384 LAW=16384 OK ((1, 2, ('V', 2, 0, ((0, 5), (2, 0)), ((0, 5, 2, 0, 2, 1, ((1, 1),)),), ((),))), (2, 1, ('SIMPLE',)))
KEY n=4 q=2 N=6 OBS=1048576 LAW=1048576 OK ((1, 4, ('V', 4, 0, ((0, 1), (4, 0)), ((0, 1, 4, 0, 4, 1, ((1, 1),)),), ((),))),)
KEY n=4 q=2 N=6 OBS=262144 LAW=262144 OK ((1, 4, ('V', 4, 0, ((0, 2), (1, 1), (4, 0)), ((0, 2, 1, 1, 1, 1, ((1, 1),)), (1, 1, 4, 0, 3, 1, ((1, 1),))), ((), ()))),)
KEY n=4 q=2 N=6 OBS=131072 LAW=131072 OK ((1, 4, ('V', 4, 0, ((0, 2), (4, 0)), ((0, 2, 4, 0, 2, 2, ((2, 1),)),), ((),))),)
KEY n=4 q=2 N=6 OBS=131072 LAW=131072 OK ((1, 4, ('V', 4, 0, ((0, 3), (1, 1), (4, 0)), ((0, 3, 1, 1, 1, 1, ((1, 1),)), (1, 1, 4, 0, 3, 1, ((1, 1),))), ((), ()))),)
KEY n=4 q=2 N=6 OBS=32768 LAW=32768 OK ((1, 4, ('V', 4, 0, ((0, 3), (1, 2), (4, 0)), ((0, 3, 1, 2, 1, 1, ((1, 1),)), (1, 2, 4, 0, 3, 1, ((1, 1),))), ((), ()))),)
KEY n=4 q=2 N=6 OBS=16384 LAW=16384 OK ((1, 4, ('V', 4, 0, ((0, 3), (2, 1), (4, 0)), ((0, 3, 2, 1, 1, 2, ((1, 2),)), (2, 1, 4, 0, 2, 1, ((1, 1),))), ((('V', 2, 1, ((0, 3), (2, 0)), ((0, 3, 2, 0, 2, 1, ((1, 1),)),), ((),)),), ()))),)
KEY n=4 q=2 N=6 OBS=2048 LAW=2048 OK ((1, 4, ('V', 4, 0, ((0, 3), (2, 1), (4, 0)), ((0, 3, 2, 1, 1, 2, ((1, 2),)), (2, 1, 4, 0, 2, 1, ((1, 1),))), ((('V', 2, 1, ((0, 4), (2, 0)), ((0, 4, 2, 0, 1, 2, ((1, 2),)),), ((('V', 2, 2, ((0, 5), (2, 0)), ((0, 5, 2, 0, 2, 1, ((1, 1),)),), ((),)),),)),), ()))),)
KEY n=4 q=2 N=6 OBS=4096 LAW=4096 OK ((1, 4, ('V', 4, 0, ((0, 3), (2, 1), (4, 0)), ((0, 3, 2, 1, 1, 2, ((1, 2),)), (2, 1, 4, 0, 2, 1, ((1, 1),))), ((('V', 2, 1, ((0, 4), (2, 0)), ((0, 4, 2, 0, 1, 2, ((2, 1),)),), ((),)),), ()))),)
KEY n=4 q=2 N=6 OBS=2048 LAW=2048 OK ((1, 4, ('V', 4, 0, ((0, 3), (2, 1), (4, 0)), ((0, 3, 2, 1, 1, 2, ((1, 2),)), (2, 1, 4, 0, 2, 1, ((1, 1),))), ((('V', 2, 1, ((0, 5), (1, 2), (2, 0)), ((0, 5, 1, 2, 1, 1, ((1, 1),)), (1, 2, 2, 0, 1, 1, ((1, 1),))), ((), ())),), ()))),)
KEY n=4 q=2 N=6 OBS=2048 LAW=2048 OK ((1, 4, ('V', 4, 0, ((0, 3), (2, 1), (4, 0)), ((0, 3, 2, 1, 1, 2, ((1, 2),)), (2, 1, 4, 0, 2, 1, ((1, 1),))), ((('V', 2, 1, ((0, 5), (2, 0)), ((0, 5, 2, 0, 2, 1, ((1, 1),)),), ((),)),), ()))),)
KEY n=4 q=2 N=6 OBS=32768 LAW=32768 OK ((1, 4, ('V', 4, 0, ((0, 3), (2, 1), (4, 0)), ((0, 3, 2, 1, 1, 2, ((2, 1),)), (2, 1, 4, 0, 2, 1, ((1, 1),))), ((), ()))),)
KEY n=4 q=2 N=6 OBS=32768 LAW=32768 OK ((1, 4, ('V', 4, 0, ((0, 3), (4, 0)), ((0, 3, 4, 0, 4, 1, ((1, 1),)),), ((),))),)
KEY n=4 q=2 N=6 OBS=65536 LAW=65536 OK ((1, 4, ('V', 4, 0, ((0, 4), (1, 1), (4, 0)), ((0, 4, 1, 1, 1, 1, ((1, 1),)), (1, 1, 4, 0, 3, 1, ((1, 1),))), ((), ()))),)
KEY n=4 q=2 N=6 OBS=16384 LAW=16384 OK ((1, 4, ('V', 4, 0, ((0, 4), (1, 2), (2, 1), (4, 0)), ((0, 4, 1, 2, 1, 1, ((1, 1),)), (1, 2, 2, 1, 1, 1, ((1, 1),)), (2, 1, 4, 0, 2, 1, ((1, 1),))), ((), (), ()))),)
KEY n=4 q=2 N=6 OBS=16384 LAW=16384 OK ((1, 4, ('V', 4, 0, ((0, 4), (1, 2), (4, 0)), ((0, 4, 1, 2, 1, 1, ((1, 1),)), (1, 2, 4, 0, 3, 1, ((1, 1),))), ((), ()))),)
KEY n=4 q=2 N=6 OBS=16384 LAW=16384 OK ((1, 4, ('V', 4, 0, ((0, 4), (2, 1), (4, 0)), ((0, 4, 2, 1, 2, 1, ((1, 1),)), (2, 1, 4, 0, 2, 1, ((1, 1),))), ((), ()))),)
KEY n=4 q=2 N=6 OBS=4096 LAW=4096 OK ((1, 4, ('V', 4, 0, ((0, 4), (4, 0)), ((0, 4, 4, 0, 1, 4, ((1, 1), (3, 1))),), ((),))),)
KEY n=4 q=2 N=6 OBS=1024 LAW=1024 OK ((1, 4, ('V', 4, 0, ((0, 4), (4, 0)), ((0, 4, 4, 0, 1, 4, ((1, 2), (2, 1))),), ((('V', 2, 1, ((0, 3), (2, 0)), ((0, 3, 2, 0, 2, 1, ((1, 1),)),), ((),)),),))),)
KEY n=4 q=2 N=6 OBS=128 LAW=128 OK ((1, 4, ('V', 4, 0, ((0, 4), (4, 0)), ((0, 4, 4, 0, 1, 4, ((1, 2), (2, 1))),), ((('V', 2, 1, ((0, 4), (2, 0)), ((0, 4, 2, 0, 1, 2, ((1, 2),)),), ((('V', 2, 2, ((0, 5), (2, 0)), ((0, 5, 2, 0, 2, 1, ((1, 1),)),), ((),)),),)),),))),)
KEY n=4 q=2 N=6 OBS=256 LAW=256 OK ((1, 4, ('V', 4, 0, ((0, 4), (4, 0)), ((0, 4, 4, 0, 1, 4, ((1, 2), (2, 1))),), ((('V', 2, 1, ((0, 4), (2, 0)), ((0, 4, 2, 0, 1, 2, ((2, 1),)),), ((),)),),))),)
KEY n=4 q=2 N=6 OBS=128 LAW=128 OK ((1, 4, ('V', 4, 0, ((0, 4), (4, 0)), ((0, 4, 4, 0, 1, 4, ((1, 2), (2, 1))),), ((('V', 2, 1, ((0, 5), (1, 2), (2, 0)), ((0, 5, 1, 2, 1, 1, ((1, 1),)), (1, 2, 2, 0, 1, 1, ((1, 1),))), ((), ())),),))),)
KEY n=4 q=2 N=6 OBS=128 LAW=128 OK ((1, 4, ('V', 4, 0, ((0, 4), (4, 0)), ((0, 4, 4, 0, 1, 4, ((1, 2), (2, 1))),), ((('V', 2, 1, ((0, 5), (2, 0)), ((0, 5, 2, 0, 2, 1, ((1, 1),)),), ((),)),),))),)
KEY n=4 q=2 N=6 OBS=1024 LAW=1024 OK ((1, 4, ('V', 4, 0, ((0, 4), (4, 0)), ((0, 4, 4, 0, 1, 4, ((1, 4),)),), ((('V', 4, 1, ((0, 5), (4, 0)), ((0, 5, 4, 0, 4, 1, ((1, 1),)),), ((),)),),))),)
KEY n=4 q=2 N=6 OBS=6144 LAW=6144 OK ((1, 4, ('V', 4, 0, ((0, 4), (4, 0)), ((0, 4, 4, 0, 1, 4, ((4, 1),)),), ((),))),)
KEY n=4 q=2 N=6 OBS=32768 LAW=32768 OK ((1, 4, ('V', 4, 0, ((0, 5), (1, 1), (4, 0)), ((0, 5, 1, 1, 1, 1, ((1, 1),)), (1, 1, 4, 0, 3, 1, ((1, 1),))), ((), ()))),)
KEY n=4 q=2 N=6 OBS=8192 LAW=8192 OK ((1, 4, ('V', 4, 0, ((0, 5), (1, 2), (2, 1), (4, 0)), ((0, 5, 1, 2, 1, 1, ((1, 1),)), (1, 2, 2, 1, 1, 1, ((1, 1),)), (2, 1, 4, 0, 2, 1, ((1, 1),))), ((), (), ()))),)
KEY n=4 q=2 N=6 OBS=8192 LAW=8192 OK ((1, 4, ('V', 4, 0, ((0, 5), (1, 2), (4, 0)), ((0, 5, 1, 2, 1, 1, ((1, 1),)), (1, 2, 4, 0, 3, 1, ((1, 1),))), ((), ()))),)
KEY n=4 q=2 N=6 OBS=1024 LAW=1024 OK ((1, 4, ('V', 4, 0, ((0, 5), (1, 3), (4, 0)), ((0, 5, 1, 3, 1, 1, ((1, 1),)), (1, 3, 4, 0, 1, 3, ((1, 1), (2, 1)))), ((), ()))),)
KEY n=4 q=2 N=6 OBS=512 LAW=512 OK ((1, 4, ('V', 4, 0, ((0, 5), (1, 3), (4, 0)), ((0, 5, 1, 3, 1, 1, ((1, 1),)), (1, 3, 4, 0, 1, 3, ((1, 3),))), ((), (('V', 3, 1, ((0, 4), (3, 0)), ((0, 4, 3, 0, 3, 1, ((1, 1),)),), ((),)),)))),)
KEY n=4 q=2 N=6 OBS=128 LAW=128 OK ((1, 4, ('V', 4, 0, ((0, 5), (1, 3), (4, 0)), ((0, 5, 1, 3, 1, 1, ((1, 1),)), (1, 3, 4, 0, 1, 3, ((1, 3),))), ((), (('V', 3, 1, ((0, 5), (1, 3), (3, 0)), ((0, 5, 1, 3, 1, 1, ((1, 1),)), (1, 3, 3, 0, 2, 1, ((1, 1),))), ((), ())),)))),)
KEY n=4 q=2 N=6 OBS=128 LAW=128 OK ((1, 4, ('V', 4, 0, ((0, 5), (1, 3), (4, 0)), ((0, 5, 1, 3, 1, 1, ((1, 1),)), (1, 3, 4, 0, 1, 3, ((1, 3),))), ((), (('V', 3, 1, ((0, 5), (3, 0)), ((0, 5, 3, 0, 3, 1, ((1, 1),)),), ((),)),)))),)
KEY n=4 q=2 N=6 OBS=2048 LAW=2048 OK ((1, 4, ('V', 4, 0, ((0, 5), (1, 3), (4, 0)), ((0, 5, 1, 3, 1, 1, ((1, 1),)), (1, 3, 4, 0, 1, 3, ((3, 1),))), ((), ()))),)
KEY n=4 q=2 N=6 OBS=2048 LAW=2048 OK ((1, 4, ('V', 4, 0, ((0, 5), (2, 1), (4, 0)), ((0, 5, 2, 1, 1, 2, ((1, 2),)), (2, 1, 4, 0, 2, 1, ((1, 1),))), ((('V', 2, 2, ((0, 5), (2, 0)), ((0, 5, 2, 0, 2, 1, ((1, 1),)),), ((),)),), ()))),)
KEY n=4 q=2 N=6 OBS=4096 LAW=4096 OK ((1, 4, ('V', 4, 0, ((0, 5), (2, 1), (4, 0)), ((0, 5, 2, 1, 1, 2, ((2, 1),)), (2, 1, 4, 0, 2, 1, ((1, 1),))), ((), ()))),)
KEY n=4 q=2 N=6 OBS=512 LAW=512 OK ((1, 4, ('V', 4, 0, ((0, 5), (2, 2), (4, 0)), ((0, 5, 2, 2, 2, 1, ((1, 1),)), (2, 2, 4, 0, 1, 2, ((1, 2),))), ((), (('V', 2, 1, ((0, 3), (2, 0)), ((0, 3, 2, 0, 2, 1, ((1, 1),)),), ((),)),)))),)
KEY n=4 q=2 N=6 OBS=64 LAW=64 OK ((1, 4, ('V', 4, 0, ((0, 5), (2, 2), (4, 0)), ((0, 5, 2, 2, 2, 1, ((1, 1),)), (2, 2, 4, 0, 1, 2, ((1, 2),))), ((), (('V', 2, 1, ((0, 4), (2, 0)), ((0, 4, 2, 0, 1, 2, ((1, 2),)),), ((('V', 2, 2, ((0, 5), (2, 0)), ((0, 5, 2, 0, 2, 1, ((1, 1),)),), ((),)),),)),)))),)
KEY n=4 q=2 N=6 OBS=128 LAW=128 OK ((1, 4, ('V', 4, 0, ((0, 5), (2, 2), (4, 0)), ((0, 5, 2, 2, 2, 1, ((1, 1),)), (2, 2, 4, 0, 1, 2, ((1, 2),))), ((), (('V', 2, 1, ((0, 4), (2, 0)), ((0, 4, 2, 0, 1, 2, ((2, 1),)),), ((),)),)))),)
KEY n=4 q=2 N=6 OBS=64 LAW=64 OK ((1, 4, ('V', 4, 0, ((0, 5), (2, 2), (4, 0)), ((0, 5, 2, 2, 2, 1, ((1, 1),)), (2, 2, 4, 0, 1, 2, ((1, 2),))), ((), (('V', 2, 1, ((0, 5), (1, 2), (2, 0)), ((0, 5, 1, 2, 1, 1, ((1, 1),)), (1, 2, 2, 0, 1, 1, ((1, 1),))), ((), ())),)))),)
KEY n=4 q=2 N=6 OBS=64 LAW=64 OK ((1, 4, ('V', 4, 0, ((0, 5), (2, 2), (4, 0)), ((0, 5, 2, 2, 2, 1, ((1, 1),)), (2, 2, 4, 0, 1, 2, ((1, 2),))), ((), (('V', 2, 1, ((0, 5), (2, 0)), ((0, 5, 2, 0, 2, 1, ((1, 1),)),), ((),)),)))),)
KEY n=4 q=2 N=6 OBS=1024 LAW=1024 OK ((1, 4, ('V', 4, 0, ((0, 5), (2, 2), (4, 0)), ((0, 5, 2, 2, 2, 1, ((1, 1),)), (2, 2, 4, 0, 1, 2, ((2, 1),))), ((), ()))),)
KEY n=4 q=2 N=6 OBS=1024 LAW=1024 OK ((1, 4, ('V', 4, 0, ((0, 5), (3, 1), (4, 0)), ((0, 5, 3, 1, 3, 1, ((1, 1),)), (3, 1, 4, 0, 1, 1, ((1, 1),))), ((), ()))),)
KEY n=4 q=2 N=6 OBS=1024 LAW=1024 OK ((1, 4, ('V', 4, 0, ((0, 5), (4, 0)), ((0, 5, 4, 0, 4, 1, ((1, 1),)),), ((),))),)
KEY n=4 q=2 N=6 OBS=786432 LAW=786432 OK ((2, 2, ('V', 2, 0, ((0, 1), (2, 0)), ((0, 1, 2, 0, 2, 1, ((1, 1),)),), ((),))),)
KEY n=4 q=2 N=6 OBS=49152 LAW=49152 OK ((2, 2, ('V', 2, 0, ((0, 2), (2, 0)), ((0, 2, 2, 0, 1, 2, ((1, 1), (1, 1))),), ((),))),)
KEY n=4 q=2 N=6 OBS=36864 LAW=36864 OK ((2, 2, ('V', 2, 0, ((0, 2), (2, 0)), ((0, 2, 2, 0, 1, 2, ((1, 2),)),), ((('V', 2, 1, ((0, 3), (2, 0)), ((0, 3, 2, 0, 2, 1, ((1, 1),)),), ((),)),),))),)
KEY n=4 q=2 N=6 OBS=2304 LAW=2304 OK ((2, 2, ('V', 2, 0, ((0, 2), (2, 0)), ((0, 2, 2, 0, 1, 2, ((1, 2),)),), ((('V', 2, 1, ((0, 4), (2, 0)), ((0, 4, 2, 0, 1, 2, ((1, 1), (1, 1))),), ((),)),),))),)
KEY n=4 q=2 N=6 OBS=1728 LAW=1728 OK ((2, 2, ('V', 2, 0, ((0, 2), (2, 0)), ((0, 2, 2, 0, 1, 2, ((1, 2),)),), ((('V', 2, 1, ((0, 4), (2, 0)), ((0, 4, 2, 0, 1, 2, ((1, 2),)),), ((('V', 2, 2, ((0, 5), (2, 0)), ((0, 5, 2, 0, 2, 1, ((1, 1),)),), ((),)),),)),),))),)
KEY n=4 q=2 N=6 OBS=4608 LAW=4608 OK ((2, 2, ('V', 2, 0, ((0, 2), (2, 0)), ((0, 2, 2, 0, 1, 2, ((1, 2),)),), ((('V', 2, 1, ((0, 4), (2, 0)), ((0, 4, 2, 0, 1, 2, ((2, 1),)),), ((),)),),))),)
KEY n=4 q=2 N=6 OBS=1728 LAW=1728 OK ((2, 2, ('V', 2, 0, ((0, 2), (2, 0)), ((0, 2, 2, 0, 1, 2, ((1, 2),)),), ((('V', 2, 1, ((0, 5), (1, 2), (2, 0)), ((0, 5, 1, 2, 1, 1, ((1, 1),)), (1, 2, 2, 0, 1, 1, ((1, 1),))), ((), ())),),))),)
KEY n=4 q=2 N=6 OBS=576 LAW=576 OK ((2, 2, ('V', 2, 0, ((0, 2), (2, 0)), ((0, 2, 2, 0, 1, 2, ((1, 2),)),), ((('V', 2, 1, ((0, 5), (2, 0)), ((0, 5, 2, 0, 2, 1, ((1, 1),)),), ((),)),),))),)
KEY n=4 q=2 N=6 OBS=98304 LAW=98304 OK ((2, 2, ('V', 2, 0, ((0, 2), (2, 0)), ((0, 2, 2, 0, 1, 2, ((2, 1),)),), ((),))),)
KEY n=4 q=2 N=6 OBS=36864 LAW=36864 OK ((2, 2, ('V', 2, 0, ((0, 3), (1, 1), (2, 0)), ((0, 3, 1, 1, 1, 1, ((1, 1),)), (1, 1, 2, 0, 1, 1, ((1, 1),))), ((), ()))),)
KEY n=4 q=2 N=6 OBS=12288 LAW=12288 OK ((2, 2, ('V', 2, 0, ((0, 3), (2, 0)), ((0, 3, 2, 0, 2, 1, ((1, 1),)),), ((),))),)
KEY n=4 q=2 N=6 OBS=9216 LAW=9216 OK ((2, 2, ('V', 2, 0, ((0, 4), (1, 1), (2, 0)), ((0, 4, 1, 1, 1, 1, ((1, 1),)), (1, 1, 2, 0, 1, 1, ((1, 1),))), ((), ()))),)
KEY n=4 q=2 N=6 OBS=768 LAW=768 OK ((2, 2, ('V', 2, 0, ((0, 4), (2, 0)), ((0, 4, 2, 0, 1, 2, ((1, 1), (1, 1))),), ((),))),)
KEY n=4 q=2 N=6 OBS=576 LAW=576 OK ((2, 2, ('V', 2, 0, ((0, 4), (2, 0)), ((0, 4, 2, 0, 1, 2, ((1, 2),)),), ((('V', 2, 2, ((0, 5), (2, 0)), ((0, 5, 2, 0, 2, 1, ((1, 1),)),), ((),)),),))),)
KEY n=4 q=2 N=6 OBS=1536 LAW=1536 OK ((2, 2, ('V', 2, 0, ((0, 4), (2, 0)), ((0, 4, 2, 0, 1, 2, ((2, 1),)),), ((),))),)
KEY n=4 q=2 N=6 OBS=2304 LAW=2304 OK ((2, 2, ('V', 2, 0, ((0, 5), (1, 1), (2, 0)), ((0, 5, 1, 1, 1, 1, ((1, 1),)), (1, 1, 2, 0, 1, 1, ((1, 1),))), ((), ()))),)
KEY n=4 q=2 N=6 OBS=576 LAW=576 OK ((2, 2, ('V', 2, 0, ((0, 5), (1, 2), (2, 0)), ((0, 5, 1, 2, 1, 1, ((1, 1),)), (1, 2, 2, 0, 1, 1, ((1, 1),))), ((), ()))),)
KEY n=4 q=2 N=6 OBS=192 LAW=192 OK ((2, 2, ('V', 2, 0, ((0, 5), (2, 0)), ((0, 5, 2, 0, 2, 1, ((1, 1),)),), ((),))),)
KEY n=4 q=2 N=6 OBS=3145728 LAW=3145728 OK ((4, 1, ('SIMPLE',)),)
CONTROL-L0 q=2 N=6 keys=15 OK
PATTERNS n=3 q=3 ((1, 1), (1, 1), (1, 1)):1 ((1, 1), (1, 2)):6 ((1, 1), (2, 1)):9 ((1, 3),):3 ((3, 1),):8
KEY n=3 q=3 N=2 OBS=27 LAW=27 OK ((1, 1, ('SIMPLE',)), (1, 1, ('SIMPLE',)), (1, 1, ('SIMPLE',)))
KEY n=3 q=3 N=2 OBS=108 LAW=108 OK ((1, 1, ('SIMPLE',)), (1, 2, ('V', 2, 0, ((0, 1), (2, 0)), ((0, 1, 2, 0, 2, 1, ((1, 1),)),), ((),))))
KEY n=3 q=3 N=2 OBS=243 LAW=243 OK ((1, 1, ('SIMPLE',)), (2, 1, ('SIMPLE',)))
KEY n=3 q=3 N=2 OBS=54 LAW=54 OK ((1, 3, ('V', 3, 0, ((0, 1), (3, 0)), ((0, 1, 3, 0, 3, 1, ((1, 1),)),), ((),))),)
KEY n=3 q=3 N=2 OBS=216 LAW=216 OK ((3, 1, ('SIMPLE',)),)
CONTROL-L0 q=3 N=2 keys=1 OK
KEY n=3 q=3 N=3 OBS=729 LAW=729 OK ((1, 1, ('SIMPLE',)), (1, 1, ('SIMPLE',)), (1, 1, ('SIMPLE',)))
KEY n=3 q=3 N=3 OBS=2916 LAW=2916 OK ((1, 1, ('SIMPLE',)), (1, 2, ('V', 2, 0, ((0, 1), (2, 0)), ((0, 1, 2, 0, 2, 1, ((1, 1),)),), ((),))))
KEY n=3 q=3 N=3 OBS=162 LAW=162 OK ((1, 1, ('SIMPLE',)), (1, 2, ('V', 2, 0, ((0, 2), (2, 0)), ((0, 2, 2, 0, 1, 2, ((1, 1), (1, 1))),), ((),))))
KEY n=3 q=3 N=3 OBS=486 LAW=486 OK ((1, 1, ('SIMPLE',)), (1, 2, ('V', 2, 0, ((0, 2), (2, 0)), ((0, 2, 2, 0, 1, 2, ((2, 1),)),), ((),))))
KEY n=3 q=3 N=3 OBS=6561 LAW=6561 OK ((1, 1, ('SIMPLE',)), (2, 1, ('SIMPLE',)))
KEY n=3 q=3 N=3 OBS=1458 LAW=1458 OK ((1, 3, ('V', 3, 0, ((0, 1), (3, 0)), ((0, 1, 3, 0, 3, 1, ((1, 1),)),), ((),))),)
KEY n=3 q=3 N=3 OBS=324 LAW=324 OK ((1, 3, ('V', 3, 0, ((0, 2), (1, 1), (3, 0)), ((0, 2, 1, 1, 1, 1, ((1, 1),)), (1, 1, 3, 0, 2, 1, ((1, 1),))), ((), ()))),)
KEY n=3 q=3 N=3 OBS=162 LAW=162 OK ((1, 3, ('V', 3, 0, ((0, 2), (3, 0)), ((0, 2, 3, 0, 3, 1, ((1, 1),)),), ((),))),)
KEY n=3 q=3 N=3 OBS=5832 LAW=5832 OK ((3, 1, ('SIMPLE',)),)
CONTROL-L0 q=3 N=3 keys=3 OK
KEY n=3 q=3 N=4 OBS=19683 LAW=19683 OK ((1, 1, ('SIMPLE',)), (1, 1, ('SIMPLE',)), (1, 1, ('SIMPLE',)))
KEY n=3 q=3 N=4 OBS=78732 LAW=78732 OK ((1, 1, ('SIMPLE',)), (1, 2, ('V', 2, 0, ((0, 1), (2, 0)), ((0, 1, 2, 0, 2, 1, ((1, 1),)),), ((),))))
KEY n=3 q=3 N=4 OBS=4374 LAW=4374 OK ((1, 1, ('SIMPLE',)), (1, 2, ('V', 2, 0, ((0, 2), (2, 0)), ((0, 2, 2, 0, 1, 2, ((1, 1), (1, 1))),), ((),))))
KEY n=3 q=3 N=4 OBS=5832 LAW=5832 OK ((1, 1, ('SIMPLE',)), (1, 2, ('V', 2, 0, ((0, 2), (2, 0)), ((0, 2, 2, 0, 1, 2, ((1, 2),)),), ((('V', 2, 1, ((0, 3), (2, 0)), ((0, 3, 2, 0, 2, 1, ((1, 1),)),), ((),)),),))))
KEY n=3 q=3 N=4 OBS=13122 LAW=13122 OK ((1, 1, ('SIMPLE',)), (1, 2, ('V', 2, 0, ((0, 2), (2, 0)), ((0, 2, 2, 0, 1, 2, ((2, 1),)),), ((),))))
KEY n=3 q=3 N=4 OBS=5832 LAW=5832 OK ((1, 1, ('SIMPLE',)), (1, 2, ('V', 2, 0, ((0, 3), (1, 1), (2, 0)), ((0, 3, 1, 1, 1, 1, ((1, 1),)), (1, 1, 2, 0, 1, 1, ((1, 1),))), ((), ()))))
KEY n=3 q=3 N=4 OBS=2916 LAW=2916 OK ((1, 1, ('SIMPLE',)), (1, 2, ('V', 2, 0, ((0, 3), (2, 0)), ((0, 3, 2, 0, 2, 1, ((1, 1),)),), ((),))))
KEY n=3 q=3 N=4 OBS=177147 LAW=177147 OK ((1, 1, ('SIMPLE',)), (2, 1, ('SIMPLE',)))
KEY n=3 q=3 N=4 OBS=39366 LAW=39366 OK ((1, 3, ('V', 3, 0, ((0, 1), (3, 0)), ((0, 1, 3, 0, 3, 1, ((1, 1),)),), ((),))),)
KEY n=3 q=3 N=4 OBS=8748 LAW=8748 OK ((1, 3, ('V', 3, 0, ((0, 2), (1, 1), (3, 0)), ((0, 2, 1, 1, 1, 1, ((1, 1),)), (1, 1, 3, 0, 2, 1, ((1, 1),))), ((), ()))),)
KEY n=3 q=3 N=4 OBS=4374 LAW=4374 OK ((1, 3, ('V', 3, 0, ((0, 2), (3, 0)), ((0, 2, 3, 0, 3, 1, ((1, 1),)),), ((),))),)
KEY n=3 q=3 N=4 OBS=2916 LAW=2916 OK ((1, 3, ('V', 3, 0, ((0, 3), (1, 1), (3, 0)), ((0, 3, 1, 1, 1, 1, ((1, 1),)), (1, 1, 3, 0, 2, 1, ((1, 1),))), ((), ()))),)
KEY n=3 q=3 N=4 OBS=108 LAW=108 OK ((1, 3, ('V', 3, 0, ((0, 3), (3, 0)), ((0, 3, 3, 0, 1, 3, ((1, 1), (1, 2))),), ((('V', 2, 1, ((0, 3), (2, 0)), ((0, 3, 2, 0, 2, 1, ((1, 1),)),), ((),)),),))),)
KEY n=3 q=3 N=4 OBS=486 LAW=486 OK ((1, 3, ('V', 3, 0, ((0, 3), (3, 0)), ((0, 3, 3, 0, 1, 3, ((1, 1), (2, 1))),), ((),))),)
KEY n=3 q=3 N=4 OBS=648 LAW=648 OK ((1, 3, ('V', 3, 0, ((0, 3), (3, 0)), ((0, 3, 3, 0, 1, 3, ((3, 1),)),), ((),))),)
KEY n=3 q=3 N=4 OBS=157464 LAW=157464 OK ((3, 1, ('SIMPLE',)),)
CONTROL-L0 q=3 N=4 keys=6 OK
KEY n=3 q=3 N=5 OBS=531441 LAW=531441 OK ((1, 1, ('SIMPLE',)), (1, 1, ('SIMPLE',)), (1, 1, ('SIMPLE',)))
KEY n=3 q=3 N=5 OBS=2125764 LAW=2125764 OK ((1, 1, ('SIMPLE',)), (1, 2, ('V', 2, 0, ((0, 1), (2, 0)), ((0, 1, 2, 0, 2, 1, ((1, 1),)),), ((),))))
KEY n=3 q=3 N=5 OBS=118098 LAW=118098 OK ((1, 1, ('SIMPLE',)), (1, 2, ('V', 2, 0, ((0, 2), (2, 0)), ((0, 2, 2, 0, 1, 2, ((1, 1), (1, 1))),), ((),))))
KEY n=3 q=3 N=5 OBS=157464 LAW=157464 OK ((1, 1, ('SIMPLE',)), (1, 2, ('V', 2, 0, ((0, 2), (2, 0)), ((0, 2, 2, 0, 1, 2, ((1, 2),)),), ((('V', 2, 1, ((0, 3), (2, 0)), ((0, 3, 2, 0, 2, 1, ((1, 1),)),), ((),)),),))))
KEY n=3 q=3 N=5 OBS=8748 LAW=8748 OK ((1, 1, ('SIMPLE',)), (1, 2, ('V', 2, 0, ((0, 2), (2, 0)), ((0, 2, 2, 0, 1, 2, ((1, 2),)),), ((('V', 2, 1, ((0, 4), (2, 0)), ((0, 4, 2, 0, 1, 2, ((1, 1), (1, 1))),), ((),)),),))))
KEY n=3 q=3 N=5 OBS=26244 LAW=26244 OK ((1, 1, ('SIMPLE',)), (1, 2, ('V', 2, 0, ((0, 2), (2, 0)), ((0, 2, 2, 0, 1, 2, ((1, 2),)),), ((('V', 2, 1, ((0, 4), (2, 0)), ((0, 4, 2, 0, 1, 2, ((2, 1),)),), ((),)),),))))
KEY n=3 q=3 N=5 OBS=354294 LAW=354294 OK ((1, 1, ('SIMPLE',)), (1, 2, ('V', 2, 0, ((0, 2), (2, 0)), ((0, 2, 2, 0, 1, 2, ((2, 1),)),), ((),))))
KEY n=3 q=3 N=5 OBS=157464 LAW=157464 OK ((1, 1, ('SIMPLE',)), (1, 2, ('V', 2, 0, ((0, 3), (1, 1), (2, 0)), ((0, 3, 1, 1, 1, 1, ((1, 1),)), (1, 1, 2, 0, 1, 1, ((1, 1),))), ((), ()))))
KEY n=3 q=3 N=5 OBS=78732 LAW=78732 OK ((1, 1, ('SIMPLE',)), (1, 2, ('V', 2, 0, ((0, 3), (2, 0)), ((0, 3, 2, 0, 2, 1, ((1, 1),)),), ((),))))
KEY n=3 q=3 N=5 OBS=52488 LAW=52488 OK ((1, 1, ('SIMPLE',)), (1, 2, ('V', 2, 0, ((0, 4), (1, 1), (2, 0)), ((0, 4, 1, 1, 1, 1, ((1, 1),)), (1, 1, 2, 0, 1, 1, ((1, 1),))), ((), ()))))
KEY n=3 q=3 N=5 OBS=4374 LAW=4374 OK ((1, 1, ('SIMPLE',)), (1, 2, ('V', 2, 0, ((0, 4), (2, 0)), ((0, 4, 2, 0, 1, 2, ((1, 1), (1, 1))),), ((),))))
KEY n=3 q=3 N=5 OBS=13122 LAW=13122 OK ((1, 1, ('SIMPLE',)), (1, 2, ('V', 2, 0, ((0, 4), (2, 0)), ((0, 4, 2, 0, 1, 2, ((2, 1),)),), ((),))))
KEY n=3 q=3 N=5 OBS=4782969 LAW=4782969 OK ((1, 1, ('SIMPLE',)), (2, 1, ('SIMPLE',)))
KEY n=3 q=3 N=5 OBS=1062882 LAW=1062882 OK ((1, 3, ('V', 3, 0, ((0, 1), (3, 0)), ((0, 1, 3, 0, 3, 1, ((1, 1),)),), ((),))),)
KEY n=3 q=3 N=5 OBS=236196 LAW=236196 OK ((1, 3, ('V', 3, 0, ((0, 2), (1, 1), (3, 0)), ((0, 2, 1, 1, 1, 1, ((1, 1),)), (1, 1, 3, 0, 2, 1, ((1, 1),))), ((), ()))),)
KEY n=3 q=3 N=5 OBS=118098 LAW=118098 OK ((1, 3, ('V', 3, 0, ((0, 2), (3, 0)), ((0, 2, 3, 0, 3, 1, ((1, 1),)),), ((),))),)
KEY n=3 q=3 N=5 OBS=78732 LAW=78732 OK ((1, 3, ('V', 3, 0, ((0, 3), (1, 1), (3, 0)), ((0, 3, 1, 1, 1, 1, ((1, 1),)), (1, 1, 3, 0, 2, 1, ((1, 1),))), ((), ()))),)
KEY n=3 q=3 N=5 OBS=2916 LAW=2916 OK ((1, 3, ('V', 3, 0, ((0, 3), (3, 0)), ((0, 3, 3, 0, 1, 3, ((1, 1), (1, 2))),), ((('V', 2, 1, ((0, 3), (2, 0)), ((0, 3, 2, 0, 2, 1, ((1, 1),)),), ((),)),),))),)
KEY n=3 q=3 N=5 OBS=162 LAW=162 OK ((1, 3, ('V', 3, 0, ((0, 3), (3, 0)), ((0, 3, 3, 0, 1, 3, ((1, 1), (1, 2))),), ((('V', 2, 1, ((0, 4), (2, 0)), ((0, 4, 2, 0, 1, 2, ((1, 1), (1, 1))),), ((),)),),))),)
KEY n=3 q=3 N=5 OBS=486 LAW=486 OK ((1, 3, ('V', 3, 0, ((0, 3), (3, 0)), ((0, 3, 3, 0, 1, 3, ((1, 1), (1, 2))),), ((('V', 2, 1, ((0, 4), (2, 0)), ((0, 4, 2, 0, 1, 2, ((2, 1),)),), ((),)),),))),)
KEY n=3 q=3 N=5 OBS=13122 LAW=13122 OK ((1, 3, ('V', 3, 0, ((0, 3), (3, 0)), ((0, 3, 3, 0, 1, 3, ((1, 1), (2, 1))),), ((),))),)
KEY n=3 q=3 N=5 OBS=2916 LAW=2916 OK ((1, 3, ('V', 3, 0, ((0, 3), (3, 0)), ((0, 3, 3, 0, 1, 3, ((1, 3),)),), ((('V', 3, 1, ((0, 4), (3, 0)), ((0, 4, 3, 0, 3, 1, ((1, 1),)),), ((),)),),))),)
KEY n=3 q=3 N=5 OBS=17496 LAW=17496 OK ((1, 3, ('V', 3, 0, ((0, 3), (3, 0)), ((0, 3, 3, 0, 1, 3, ((3, 1),)),), ((),))),)
KEY n=3 q=3 N=5 OBS=26244 LAW=26244 OK ((1, 3, ('V', 3, 0, ((0, 4), (1, 1), (3, 0)), ((0, 4, 1, 1, 1, 1, ((1, 1),)), (1, 1, 3, 0, 2, 1, ((1, 1),))), ((), ()))),)
KEY n=3 q=3 N=5 OBS=1458 LAW=1458 OK ((1, 3, ('V', 3, 0, ((0, 4), (1, 2), (3, 0)), ((0, 4, 1, 2, 1, 1, ((1, 1),)), (1, 2, 3, 0, 1, 2, ((1, 1), (1, 1)))), ((), ()))),)
KEY n=3 q=3 N=5 OBS=1944 LAW=1944 OK ((1, 3, ('V', 3, 0, ((0, 4), (1, 2), (3, 0)), ((0, 4, 1, 2, 1, 1, ((1, 1),)), (1, 2, 3, 0, 1, 2, ((1, 2),))), ((), (('V', 2, 1, ((0, 3), (2, 0)), ((0, 3, 2, 0, 2, 1, ((1, 1),)),), ((),)),)))),)
KEY n=3 q=3 N=5 OBS=108 LAW=108 OK ((1, 3, ('V', 3, 0, ((0, 4), (1, 2), (3, 0)), ((0, 4, 1, 2, 1, 1, ((1, 1),)), (1, 2, 3, 0, 1, 2, ((1, 2),))), ((), (('V', 2, 1, ((0, 4), (2, 0)), ((0, 4, 2, 0, 1, 2, ((1, 1), (1, 1))),), ((),)),)))),)
KEY n=3 q=3 N=5 OBS=324 LAW=324 OK ((1, 3, ('V', 3, 0, ((0, 4), (1, 2), (3, 0)), ((0, 4, 1, 2, 1, 1, ((1, 1),)), (1, 2, 3, 0, 1, 2, ((1, 2),))), ((), (('V', 2, 1, ((0, 4), (2, 0)), ((0, 4, 2, 0, 1, 2, ((2, 1),)),), ((),)),)))),)
KEY n=3 q=3 N=5 OBS=4374 LAW=4374 OK ((1, 3, ('V', 3, 0, ((0, 4), (1, 2), (3, 0)), ((0, 4, 1, 2, 1, 1, ((1, 1),)), (1, 2, 3, 0, 1, 2, ((2, 1),))), ((), ()))),)
KEY n=3 q=3 N=5 OBS=2916 LAW=2916 OK ((1, 3, ('V', 3, 0, ((0, 4), (2, 1), (3, 0)), ((0, 4, 2, 1, 2, 1, ((1, 1),)), (2, 1, 3, 0, 1, 1, ((1, 1),))), ((), ()))),)
KEY n=3 q=3 N=5 OBS=1458 LAW=1458 OK ((1, 3, ('V', 3, 0, ((0, 4), (3, 0)), ((0, 4, 3, 0, 3, 1, ((1, 1),)),), ((),))),)
KEY n=3 q=3 N=5 OBS=4251528 LAW=4251528 OK ((3, 1, ('SIMPLE',)),)
CONTROL-L0 q=3 N=5 keys=11 OK
KEY n=3 q=3 N=6 OBS=14348907 LAW=14348907 OK ((1, 1, ('SIMPLE',)), (1, 1, ('SIMPLE',)), (1, 1, ('SIMPLE',)))
KEY n=3 q=3 N=6 OBS=57395628 LAW=57395628 OK ((1, 1, ('SIMPLE',)), (1, 2, ('V', 2, 0, ((0, 1), (2, 0)), ((0, 1, 2, 0, 2, 1, ((1, 1),)),), ((),))))
KEY n=3 q=3 N=6 OBS=3188646 LAW=3188646 OK ((1, 1, ('SIMPLE',)), (1, 2, ('V', 2, 0, ((0, 2), (2, 0)), ((0, 2, 2, 0, 1, 2, ((1, 1), (1, 1))),), ((),))))
KEY n=3 q=3 N=6 OBS=4251528 LAW=4251528 OK ((1, 1, ('SIMPLE',)), (1, 2, ('V', 2, 0, ((0, 2), (2, 0)), ((0, 2, 2, 0, 1, 2, ((1, 2),)),), ((('V', 2, 1, ((0, 3), (2, 0)), ((0, 3, 2, 0, 2, 1, ((1, 1),)),), ((),)),),))))
KEY n=3 q=3 N=6 OBS=236196 LAW=236196 OK ((1, 1, ('SIMPLE',)), (1, 2, ('V', 2, 0, ((0, 2), (2, 0)), ((0, 2, 2, 0, 1, 2, ((1, 2),)),), ((('V', 2, 1, ((0, 4), (2, 0)), ((0, 4, 2, 0, 1, 2, ((1, 1), (1, 1))),), ((),)),),))))
KEY n=3 q=3 N=6 OBS=314928 LAW=314928 OK ((1, 1, ('SIMPLE',)), (1, 2, ('V', 2, 0, ((0, 2), (2, 0)), ((0, 2, 2, 0, 1, 2, ((1, 2),)),), ((('V', 2, 1, ((0, 4), (2, 0)), ((0, 4, 2, 0, 1, 2, ((1, 2),)),), ((('V', 2, 2, ((0, 5), (2, 0)), ((0, 5, 2, 0, 2, 1, ((1, 1),)),), ((),)),),)),),))))
KEY n=3 q=3 N=6 OBS=708588 LAW=708588 OK ((1, 1, ('SIMPLE',)), (1, 2, ('V', 2, 0, ((0, 2), (2, 0)), ((0, 2, 2, 0, 1, 2, ((1, 2),)),), ((('V', 2, 1, ((0, 4), (2, 0)), ((0, 4, 2, 0, 1, 2, ((2, 1),)),), ((),)),),))))
KEY n=3 q=3 N=6 OBS=314928 LAW=314928 OK ((1, 1, ('SIMPLE',)), (1, 2, ('V', 2, 0, ((0, 2), (2, 0)), ((0, 2, 2, 0, 1, 2, ((1, 2),)),), ((('V', 2, 1, ((0, 5), (1, 2), (2, 0)), ((0, 5, 1, 2, 1, 1, ((1, 1),)), (1, 2, 2, 0, 1, 1, ((1, 1),))), ((), ())),),))))
KEY n=3 q=3 N=6 OBS=157464 LAW=157464 OK ((1, 1, ('SIMPLE',)), (1, 2, ('V', 2, 0, ((0, 2), (2, 0)), ((0, 2, 2, 0, 1, 2, ((1, 2),)),), ((('V', 2, 1, ((0, 5), (2, 0)), ((0, 5, 2, 0, 2, 1, ((1, 1),)),), ((),)),),))))
KEY n=3 q=3 N=6 OBS=9565938 LAW=9565938 OK ((1, 1, ('SIMPLE',)), (1, 2, ('V', 2, 0, ((0, 2), (2, 0)), ((0, 2, 2, 0, 1, 2, ((2, 1),)),), ((),))))
KEY n=3 q=3 N=6 OBS=4251528 LAW=4251528 OK ((1, 1, ('SIMPLE',)), (1, 2, ('V', 2, 0, ((0, 3), (1, 1), (2, 0)), ((0, 3, 1, 1, 1, 1, ((1, 1),)), (1, 1, 2, 0, 1, 1, ((1, 1),))), ((), ()))))
KEY n=3 q=3 N=6 OBS=2125764 LAW=2125764 OK ((1, 1, ('SIMPLE',)), (1, 2, ('V', 2, 0, ((0, 3), (2, 0)), ((0, 3, 2, 0, 2, 1, ((1, 1),)),), ((),))))
KEY n=3 q=3 N=6 OBS=1417176 LAW=1417176 OK ((1, 1, ('SIMPLE',)), (1, 2, ('V', 2, 0, ((0, 4), (1, 1), (2, 0)), ((0, 4, 1, 1, 1, 1, ((1, 1),)), (1, 1, 2, 0, 1, 1, ((1, 1),))), ((), ()))))
KEY n=3 q=3 N=6 OBS=118098 LAW=118098 OK ((1, 1, ('SIMPLE',)), (1, 2, ('V', 2, 0, ((0, 4), (2, 0)), ((0, 4, 2, 0, 1, 2, ((1, 1), (1, 1))),), ((),))))
KEY n=3 q=3 N=6 OBS=157464 LAW=157464 OK ((1, 1, ('SIMPLE',)), (1, 2, ('V', 2, 0, ((0, 4), (2, 0)), ((0, 4, 2, 0, 1, 2, ((1, 2),)),), ((('V', 2, 2, ((0, 5), (2, 0)), ((0, 5, 2, 0, 2, 1, ((1, 1),)),), ((),)),),))))
KEY n=3 q=3 N=6 OBS=354294 LAW=354294 OK ((1, 1, ('SIMPLE',)), (1, 2, ('V', 2, 0, ((0, 4), (2, 0)), ((0, 4, 2, 0, 1, 2, ((2, 1),)),), ((),))))
KEY n=3 q=3 N=6 OBS=472392 LAW=472392 OK ((1, 1, ('SIMPLE',)), (1, 2, ('V', 2, 0, ((0, 5), (1, 1), (2, 0)), ((0, 5, 1, 1, 1, 1, ((1, 1),)), (1, 1, 2, 0, 1, 1, ((1, 1),))), ((), ()))))
KEY n=3 q=3 N=6 OBS=157464 LAW=157464 OK ((1, 1, ('SIMPLE',)), (1, 2, ('V', 2, 0, ((0, 5), (1, 2), (2, 0)), ((0, 5, 1, 2, 1, 1, ((1, 1),)), (1, 2, 2, 0, 1, 1, ((1, 1),))), ((), ()))))
KEY n=3 q=3 N=6 OBS=78732 LAW=78732 OK ((1, 1, ('SIMPLE',)), (1, 2, ('V', 2, 0, ((0, 5), (2, 0)), ((0, 5, 2, 0, 2, 1, ((1, 1),)),), ((),))))
KEY n=3 q=3 N=6 OBS=129140163 LAW=129140163 OK ((1, 1, ('SIMPLE',)), (2, 1, ('SIMPLE',)))
KEY n=3 q=3 N=6 OBS=28697814 LAW=28697814 OK ((1, 3, ('V', 3, 0, ((0, 1), (3, 0)), ((0, 1, 3, 0, 3, 1, ((1, 1),)),), ((),))),)
KEY n=3 q=3 N=6 OBS=6377292 LAW=6377292 OK ((1, 3, ('V', 3, 0, ((0, 2), (1, 1), (3, 0)), ((0, 2, 1, 1, 1, 1, ((1, 1),)), (1, 1, 3, 0, 2, 1, ((1, 1),))), ((), ()))),)
KEY n=3 q=3 N=6 OBS=3188646 LAW=3188646 OK ((1, 3, ('V', 3, 0, ((0, 2), (3, 0)), ((0, 2, 3, 0, 3, 1, ((1, 1),)),), ((),))),)
KEY n=3 q=3 N=6 OBS=2125764 LAW=2125764 OK ((1, 3, ('V', 3, 0, ((0, 3), (1, 1), (3, 0)), ((0, 3, 1, 1, 1, 1, ((1, 1),)), (1, 1, 3, 0, 2, 1, ((1, 1),))), ((), ()))),)
KEY n=3 q=3 N=6 OBS=78732 LAW=78732 OK ((1, 3, ('V', 3, 0, ((0, 3), (3, 0)), ((0, 3, 3, 0, 1, 3, ((1, 1), (1, 2))),), ((('V', 2, 1, ((0, 3), (2, 0)), ((0, 3, 2, 0, 2, 1, ((1, 1),)),), ((),)),),))),)
KEY n=3 q=3 N=6 OBS=4374 LAW=4374 OK ((1, 3, ('V', 3, 0, ((0, 3), (3, 0)), ((0, 3, 3, 0, 1, 3, ((1, 1), (1, 2))),), ((('V', 2, 1, ((0, 4), (2, 0)), ((0, 4, 2, 0, 1, 2, ((1, 1), (1, 1))),), ((),)),),))),)
KEY n=3 q=3 N=6 OBS=5832 LAW=5832 OK ((1, 3, ('V', 3, 0, ((0, 3), (3, 0)), ((0, 3, 3, 0, 1, 3, ((1, 1), (1, 2))),), ((('V', 2, 1, ((0, 4), (2, 0)), ((0, 4, 2, 0, 1, 2, ((1, 2),)),), ((('V', 2, 2, ((0, 5), (2, 0)), ((0, 5, 2, 0, 2, 1, ((1, 1),)),), ((),)),),)),),))),)
KEY n=3 q=3 N=6 OBS=13122 LAW=13122 OK ((1, 3, ('V', 3, 0, ((0, 3), (3, 0)), ((0, 3, 3, 0, 1, 3, ((1, 1), (1, 2))),), ((('V', 2, 1, ((0, 4), (2, 0)), ((0, 4, 2, 0, 1, 2, ((2, 1),)),), ((),)),),))),)
KEY n=3 q=3 N=6 OBS=5832 LAW=5832 OK ((1, 3, ('V', 3, 0, ((0, 3), (3, 0)), ((0, 3, 3, 0, 1, 3, ((1, 1), (1, 2))),), ((('V', 2, 1, ((0, 5), (1, 2), (2, 0)), ((0, 5, 1, 2, 1, 1, ((1, 1),)), (1, 2, 2, 0, 1, 1, ((1, 1),))), ((), ())),),))),)
KEY n=3 q=3 N=6 OBS=2916 LAW=2916 OK ((1, 3, ('V', 3, 0, ((0, 3), (3, 0)), ((0, 3, 3, 0, 1, 3, ((1, 1), (1, 2))),), ((('V', 2, 1, ((0, 5), (2, 0)), ((0, 5, 2, 0, 2, 1, ((1, 1),)),), ((),)),),))),)
KEY n=3 q=3 N=6 OBS=354294 LAW=354294 OK ((1, 3, ('V', 3, 0, ((0, 3), (3, 0)), ((0, 3, 3, 0, 1, 3, ((1, 1), (2, 1))),), ((),))),)
KEY n=3 q=3 N=6 OBS=78732 LAW=78732 OK ((1, 3, ('V', 3, 0, ((0, 3), (3, 0)), ((0, 3, 3, 0, 1, 3, ((1, 3),)),), ((('V', 3, 1, ((0, 4), (3, 0)), ((0, 4, 3, 0, 3, 1, ((1, 1),)),), ((),)),),))),)
KEY n=3 q=3 N=6 OBS=17496 LAW=17496 OK ((1, 3, ('V', 3, 0, ((0, 3), (3, 0)), ((0, 3, 3, 0, 1, 3, ((1, 3),)),), ((('V', 3, 1, ((0, 5), (1, 3), (3, 0)), ((0, 5, 1, 3, 1, 1, ((1, 1),)), (1, 3, 3, 0, 2, 1, ((1, 1),))), ((), ())),),))),)
KEY n=3 q=3 N=6 OBS=8748 LAW=8748 OK ((1, 3, ('V', 3, 0, ((0, 3), (3, 0)), ((0, 3, 3, 0, 1, 3, ((1, 3),)),), ((('V', 3, 1, ((0, 5), (3, 0)), ((0, 5, 3, 0, 3, 1, ((1, 1),)),), ((),)),),))),)
KEY n=3 q=3 N=6 OBS=472392 LAW=472392 OK ((1, 3, ('V', 3, 0, ((0, 3), (3, 0)), ((0, 3, 3, 0, 1, 3, ((3, 1),)),), ((),))),)
KEY n=3 q=3 N=6 OBS=708588 LAW=708588 OK ((1, 3, ('V', 3, 0, ((0, 4), (1, 1), (3, 0)), ((0, 4, 1, 1, 1, 1, ((1, 1),)), (1, 1, 3, 0, 2, 1, ((1, 1),))), ((), ()))),)
KEY n=3 q=3 N=6 OBS=39366 LAW=39366 OK ((1, 3, ('V', 3, 0, ((0, 4), (1, 2), (3, 0)), ((0, 4, 1, 2, 1, 1, ((1, 1),)), (1, 2, 3, 0, 1, 2, ((1, 1), (1, 1)))), ((), ()))),)
KEY n=3 q=3 N=6 OBS=52488 LAW=52488 OK ((1, 3, ('V', 3, 0, ((0, 4), (1, 2), (3, 0)), ((0, 4, 1, 2, 1, 1, ((1, 1),)), (1, 2, 3, 0, 1, 2, ((1, 2),))), ((), (('V', 2, 1, ((0, 3), (2, 0)), ((0, 3, 2, 0, 2, 1, ((1, 1),)),), ((),)),)))),)
KEY n=3 q=3 N=6 OBS=2916 LAW=2916 OK ((1, 3, ('V', 3, 0, ((0, 4), (1, 2), (3, 0)), ((0, 4, 1, 2, 1, 1, ((1, 1),)), (1, 2, 3, 0, 1, 2, ((1, 2),))), ((), (('V', 2, 1, ((0, 4), (2, 0)), ((0, 4, 2, 0, 1, 2, ((1, 1), (1, 1))),), ((),)),)))),)
KEY n=3 q=3 N=6 OBS=3888 LAW=3888 OK ((1, 3, ('V', 3, 0, ((0, 4), (1, 2), (3, 0)), ((0, 4, 1, 2, 1, 1, ((1, 1),)), (1, 2, 3, 0, 1, 2, ((1, 2),))), ((), (('V', 2, 1, ((0, 4), (2, 0)), ((0, 4, 2, 0, 1, 2, ((1, 2),)),), ((('V', 2, 2, ((0, 5), (2, 0)), ((0, 5, 2, 0, 2, 1, ((1, 1),)),), ((),)),),)),)))),)
KEY n=3 q=3 N=6 OBS=8748 LAW=8748 OK ((1, 3, ('V', 3, 0, ((0, 4), (1, 2), (3, 0)), ((0, 4, 1, 2, 1, 1, ((1, 1),)), (1, 2, 3, 0, 1, 2, ((1, 2),))), ((), (('V', 2, 1, ((0, 4), (2, 0)), ((0, 4, 2, 0, 1, 2, ((2, 1),)),), ((),)),)))),)
KEY n=3 q=3 N=6 OBS=3888 LAW=3888 OK ((1, 3, ('V', 3, 0, ((0, 4), (1, 2), (3, 0)), ((0, 4, 1, 2, 1, 1, ((1, 1),)), (1, 2, 3, 0, 1, 2, ((1, 2),))), ((), (('V', 2, 1, ((0, 5), (1, 2), (2, 0)), ((0, 5, 1, 2, 1, 1, ((1, 1),)), (1, 2, 2, 0, 1, 1, ((1, 1),))), ((), ())),)))),)
KEY n=3 q=3 N=6 OBS=1944 LAW=1944 OK ((1, 3, ('V', 3, 0, ((0, 4), (1, 2), (3, 0)), ((0, 4, 1, 2, 1, 1, ((1, 1),)), (1, 2, 3, 0, 1, 2, ((1, 2),))), ((), (('V', 2, 1, ((0, 5), (2, 0)), ((0, 5, 2, 0, 2, 1, ((1, 1),)),), ((),)),)))),)
KEY n=3 q=3 N=6 OBS=118098 LAW=118098 OK ((1, 3, ('V', 3, 0, ((0, 4), (1, 2), (3, 0)), ((0, 4, 1, 2, 1, 1, ((1, 1),)), (1, 2, 3, 0, 1, 2, ((2, 1),))), ((), ()))),)
KEY n=3 q=3 N=6 OBS=78732 LAW=78732 OK ((1, 3, ('V', 3, 0, ((0, 4), (2, 1), (3, 0)), ((0, 4, 2, 1, 2, 1, ((1, 1),)), (2, 1, 3, 0, 1, 1, ((1, 1),))), ((), ()))),)
KEY n=3 q=3 N=6 OBS=39366 LAW=39366 OK ((1, 3, ('V', 3, 0, ((0, 4), (3, 0)), ((0, 4, 3, 0, 3, 1, ((1, 1),)),), ((),))),)
KEY n=3 q=3 N=6 OBS=236196 LAW=236196 OK ((1, 3, ('V', 3, 0, ((0, 5), (1, 1), (3, 0)), ((0, 5, 1, 1, 1, 1, ((1, 1),)), (1, 1, 3, 0, 2, 1, ((1, 1),))), ((), ()))),)
KEY n=3 q=3 N=6 OBS=13122 LAW=13122 OK ((1, 3, ('V', 3, 0, ((0, 5), (1, 2), (3, 0)), ((0, 5, 1, 2, 1, 1, ((1, 1),)), (1, 2, 3, 0, 1, 2, ((1, 1), (1, 1)))), ((), ()))),)
KEY n=3 q=3 N=6 OBS=17496 LAW=17496 OK ((1, 3, ('V', 3, 0, ((0, 5), (1, 2), (3, 0)), ((0, 5, 1, 2, 1, 1, ((1, 1),)), (1, 2, 3, 0, 1, 2, ((1, 2),))), ((), (('V', 2, 1, ((0, 3), (2, 0)), ((0, 3, 2, 0, 2, 1, ((1, 1),)),), ((),)),)))),)
KEY n=3 q=3 N=6 OBS=972 LAW=972 OK ((1, 3, ('V', 3, 0, ((0, 5), (1, 2), (3, 0)), ((0, 5, 1, 2, 1, 1, ((1, 1),)), (1, 2, 3, 0, 1, 2, ((1, 2),))), ((), (('V', 2, 1, ((0, 4), (2, 0)), ((0, 4, 2, 0, 1, 2, ((1, 1), (1, 1))),), ((),)),)))),)
KEY n=3 q=3 N=6 OBS=1296 LAW=1296 OK ((1, 3, ('V', 3, 0, ((0, 5), (1, 2), (3, 0)), ((0, 5, 1, 2, 1, 1, ((1, 1),)), (1, 2, 3, 0, 1, 2, ((1, 2),))), ((), (('V', 2, 1, ((0, 4), (2, 0)), ((0, 4, 2, 0, 1, 2, ((1, 2),)),), ((('V', 2, 2, ((0, 5), (2, 0)), ((0, 5, 2, 0, 2, 1, ((1, 1),)),), ((),)),),)),)))),)
KEY n=3 q=3 N=6 OBS=2916 LAW=2916 OK ((1, 3, ('V', 3, 0, ((0, 5), (1, 2), (3, 0)), ((0, 5, 1, 2, 1, 1, ((1, 1),)), (1, 2, 3, 0, 1, 2, ((1, 2),))), ((), (('V', 2, 1, ((0, 4), (2, 0)), ((0, 4, 2, 0, 1, 2, ((2, 1),)),), ((),)),)))),)
KEY n=3 q=3 N=6 OBS=1296 LAW=1296 OK ((1, 3, ('V', 3, 0, ((0, 5), (1, 2), (3, 0)), ((0, 5, 1, 2, 1, 1, ((1, 1),)), (1, 2, 3, 0, 1, 2, ((1, 2),))), ((), (('V', 2, 1, ((0, 5), (1, 2), (2, 0)), ((0, 5, 1, 2, 1, 1, ((1, 1),)), (1, 2, 2, 0, 1, 1, ((1, 1),))), ((), ())),)))),)
KEY n=3 q=3 N=6 OBS=648 LAW=648 OK ((1, 3, ('V', 3, 0, ((0, 5), (1, 2), (3, 0)), ((0, 5, 1, 2, 1, 1, ((1, 1),)), (1, 2, 3, 0, 1, 2, ((1, 2),))), ((), (('V', 2, 1, ((0, 5), (2, 0)), ((0, 5, 2, 0, 2, 1, ((1, 1),)),), ((),)),)))),)
KEY n=3 q=3 N=6 OBS=39366 LAW=39366 OK ((1, 3, ('V', 3, 0, ((0, 5), (1, 2), (3, 0)), ((0, 5, 1, 2, 1, 1, ((1, 1),)), (1, 2, 3, 0, 1, 2, ((2, 1),))), ((), ()))),)
KEY n=3 q=3 N=6 OBS=8748 LAW=8748 OK ((1, 3, ('V', 3, 0, ((0, 5), (1, 3), (3, 0)), ((0, 5, 1, 3, 1, 1, ((1, 1),)), (1, 3, 3, 0, 2, 1, ((1, 1),))), ((), ()))),)
KEY n=3 q=3 N=6 OBS=4374 LAW=4374 OK ((1, 3, ('V', 3, 0, ((0, 5), (2, 1), (3, 0)), ((0, 5, 2, 1, 1, 2, ((1, 1), (1, 1))), (2, 1, 3, 0, 1, 1, ((1, 1),))), ((), ()))),)
KEY n=3 q=3 N=6 OBS=5832 LAW=5832 OK ((1, 3, ('V', 3, 0, ((0, 5), (2, 1), (3, 0)), ((0, 5, 2, 1, 1, 2, ((1, 2),)), (2, 1, 3, 0, 1, 1, ((1, 1),))), ((('V', 2, 2, ((0, 5), (2, 0)), ((0, 5, 2, 0, 2, 1, ((1, 1),)),), ((),)),), ()))),)
KEY n=3 q=3 N=6 OBS=13122 LAW=13122 OK ((1, 3, ('V', 3, 0, ((0, 5), (2, 1), (3, 0)), ((0, 5, 2, 1, 1, 2, ((2, 1),)), (2, 1, 3, 0, 1, 1, ((1, 1),))), ((), ()))),)
KEY n=3 q=3 N=6 OBS=4374 LAW=4374 OK ((1, 3, ('V', 3, 0, ((0, 5), (3, 0)), ((0, 5, 3, 0, 3, 1, ((1, 1),)),), ((),))),)
KEY n=3 q=3 N=6 OBS=114791256 LAW=114791256 OK ((3, 1, ('SIMPLE',)),)
CONTROL-L0 q=3 N=6 keys=18 OK
PATTERNS n=4 q=3 ((1, 1), (1, 1), (1, 2)):3 ((1, 1), (1, 1), (2, 1)):9 ((1, 1), (1, 3)):6 ((1, 1), (3, 1)):24 ((1, 2), (1, 2)):3 ((1, 2), (2, 1)):9 ((1, 4),):3 ((2, 1), (2, 1)):3 ((2, 2),):3 ((4, 1),):18
KEY n=4 q=3 N=2 OBS=162 LAW=162 OK ((1, 1, ('SIMPLE',)), (1, 1, ('SIMPLE',)), (1, 2, ('V', 2, 0, ((0, 1), (2, 0)), ((0, 1, 2, 0, 2, 1, ((1, 1),)),), ((),))))
KEY n=4 q=3 N=2 OBS=729 LAW=729 OK ((1, 1, ('SIMPLE',)), (1, 1, ('SIMPLE',)), (2, 1, ('SIMPLE',)))
KEY n=4 q=3 N=2 OBS=324 LAW=324 OK ((1, 1, ('SIMPLE',)), (1, 3, ('V', 3, 0, ((0, 1), (3, 0)), ((0, 1, 3, 0, 3, 1, ((1, 1),)),), ((),))))
KEY n=4 q=3 N=2 OBS=1944 LAW=1944 OK ((1, 1, ('SIMPLE',)), (3, 1, ('SIMPLE',)))
KEY n=4 q=3 N=2 OBS=108 LAW=108 OK ((1, 2, ('V', 2, 0, ((0, 1), (2, 0)), ((0, 1, 2, 0, 2, 1, ((1, 1),)),), ((),))), (1, 2, ('V', 2, 0, ((0, 1), (2, 0)), ((0, 1, 2, 0, 2, 1, ((1, 1),)),), ((),))))
KEY n=4 q=3 N=2 OBS=486 LAW=486 OK ((1, 2, ('V', 2, 0, ((0, 1), (2, 0)), ((0, 1, 2, 0, 2, 1, ((1, 1),)),), ((),))), (2, 1, ('SIMPLE',)))
KEY n=4 q=3 N=2 OBS=162 LAW=162 OK ((1, 4, ('V', 4, 0, ((0, 1), (4, 0)), ((0, 1, 4, 0, 4, 1, ((1, 1),)),), ((),))),)
KEY n=4 q=3 N=2 OBS=243 LAW=243 OK ((2, 1, ('SIMPLE',)), (2, 1, ('SIMPLE',)))
KEY n=4 q=3 N=2 OBS=216 LAW=216 OK ((2, 2, ('V', 2, 0, ((0, 1), (2, 0)), ((0, 1, 2, 0, 2, 1, ((1, 1),)),), ((),))),)
KEY n=4 q=3 N=2 OBS=1458 LAW=1458 OK ((4, 1, ('SIMPLE',)),)
CONTROL-L0 q=3 N=2 keys=1 OK
KEY n=4 q=3 N=3 OBS=13122 LAW=13122 OK ((1, 1, ('SIMPLE',)), (1, 1, ('SIMPLE',)), (1, 2, ('V', 2, 0, ((0, 1), (2, 0)), ((0, 1, 2, 0, 2, 1, ((1, 1),)),), ((),))))
KEY n=4 q=3 N=3 OBS=729 LAW=729 OK ((1, 1, ('SIMPLE',)), (1, 1, ('SIMPLE',)), (1, 2, ('V', 2, 0, ((0, 2), (2, 0)), ((0, 2, 2, 0, 1, 2, ((1, 1), (1, 1))),), ((),))))
KEY n=4 q=3 N=3 OBS=2187 LAW=2187 OK ((1, 1, ('SIMPLE',)), (1, 1, ('SIMPLE',)), (1, 2, ('V', 2, 0, ((0, 2), (2, 0)), ((0, 2, 2, 0, 1, 2, ((2, 1),)),), ((),))))
KEY n=4 q=3 N=3 OBS=59049 LAW=59049 OK ((1, 1, ('SIMPLE',)), (1, 1, ('SIMPLE',)), (2, 1, ('SIMPLE',)))
KEY n=4 q=3 N=3 OBS=26244 LAW=26244 OK ((1, 1, ('SIMPLE',)), (1, 3, ('V', 3, 0, ((0, 1), (3, 0)), ((0, 1, 3, 0, 3, 1, ((1, 1),)),), ((),))))
KEY n=4 q=3 N=3 OBS=5832 LAW=5832 OK ((1, 1, ('SIMPLE',)), (1, 3, ('V', 3, 0, ((0, 2), (1, 1), (3, 0)), ((0, 2, 1, 1, 1, 1, ((1, 1),)), (1, 1, 3, 0, 2, 1, ((1, 1),))), ((), ()))))
KEY n=4 q=3 N=3 OBS=2916 LAW=2916 OK ((1, 1, ('SIMPLE',)), (1, 3, ('V', 3, 0, ((0, 2), (3, 0)), ((0, 2, 3, 0, 3, 1, ((1, 1),)),), ((),))))
KEY n=4 q=3 N=3 OBS=157464 LAW=157464 OK ((1, 1, ('SIMPLE',)), (3, 1, ('SIMPLE',)))
KEY n=4 q=3 N=3 OBS=8748 LAW=8748 OK ((1, 2, ('V', 2, 0, ((0, 1), (2, 0)), ((0, 1, 2, 0, 2, 1, ((1, 1),)),), ((),))), (1, 2, ('V', 2, 0, ((0, 1), (2, 0)), ((0, 1, 2, 0, 2, 1, ((1, 1),)),), ((),))))
KEY n=4 q=3 N=3 OBS=972 LAW=972 OK ((1, 2, ('V', 2, 0, ((0, 1), (2, 0)), ((0, 1, 2, 0, 2, 1, ((1, 1),)),), ((),))), (1, 2, ('V', 2, 0, ((0, 2), (2, 0)), ((0, 2, 2, 0, 1, 2, ((1, 1), (1, 1))),), ((),))))
KEY n=4 q=3 N=3 OBS=2916 LAW=2916 OK ((1, 2, ('V', 2, 0, ((0, 1), (2, 0)), ((0, 1, 2, 0, 2, 1, ((1, 1),)),), ((),))), (1, 2, ('V', 2, 0, ((0, 2), (2, 0)), ((0, 2, 2, 0, 1, 2, ((2, 1),)),), ((),))))
KEY n=4 q=3 N=3 OBS=39366 LAW=39366 OK ((1, 2, ('V', 2, 0, ((0, 1), (2, 0)), ((0, 1, 2, 0, 2, 1, ((1, 1),)),), ((),))), (2, 1, ('SIMPLE',)))
KEY n=4 q=3 N=3 OBS=27 LAW=27 OK ((1, 2, ('V', 2, 0, ((0, 2), (2, 0)), ((0, 2, 2, 0, 1, 2, ((1, 1), (1, 1))),), ((),))), (1, 2, ('V', 2, 0, ((0, 2), (2, 0)), ((0, 2, 2, 0, 1, 2, ((1, 1), (1, 1))),), ((),))))
KEY n=4 q=3 N=3 OBS=162 LAW=162 OK ((1, 2, ('V', 2, 0, ((0, 2), (2, 0)), ((0, 2, 2, 0, 1, 2, ((1, 1), (1, 1))),), ((),))), (1, 2, ('V', 2, 0, ((0, 2), (2, 0)), ((0, 2, 2, 0, 1, 2, ((2, 1),)),), ((),))))
KEY n=4 q=3 N=3 OBS=2187 LAW=2187 OK ((1, 2, ('V', 2, 0, ((0, 2), (2, 0)), ((0, 2, 2, 0, 1, 2, ((1, 1), (1, 1))),), ((),))), (2, 1, ('SIMPLE',)))
KEY n=4 q=3 N=3 OBS=243 LAW=243 OK ((1, 2, ('V', 2, 0, ((0, 2), (2, 0)), ((0, 2, 2, 0, 1, 2, ((2, 1),)),), ((),))), (1, 2, ('V', 2, 0, ((0, 2), (2, 0)), ((0, 2, 2, 0, 1, 2, ((2, 1),)),), ((),))))
KEY n=4 q=3 N=3 OBS=6561 LAW=6561 OK ((1, 2, ('V', 2, 0, ((0, 2), (2, 0)), ((0, 2, 2, 0, 1, 2, ((2, 1),)),), ((),))), (2, 1, ('SIMPLE',)))
KEY n=4 q=3 N=3 OBS=13122 LAW=13122 OK ((1, 4, ('V', 4, 0, ((0, 1), (4, 0)), ((0, 1, 4, 0, 4, 1, ((1, 1),)),), ((),))),)
KEY n=4 q=3 N=3 OBS=2916 LAW=2916 OK ((1, 4, ('V', 4, 0, ((0, 2), (1, 1), (4, 0)), ((0, 2, 1, 1, 1, 1, ((1, 1),)), (1, 1, 4, 0, 3, 1, ((1, 1),))), ((), ()))),)
KEY n=4 q=3 N=3 OBS=243 LAW=243 OK ((1, 4, ('V', 4, 0, ((0, 2), (4, 0)), ((0, 2, 4, 0, 2, 2, ((1, 1), (1, 1))),), ((),))),)
KEY n=4 q=3 N=3 OBS=729 LAW=729 OK ((1, 4, ('V', 4, 0, ((0, 2), (4, 0)), ((0, 2, 4, 0, 2, 2, ((2, 1),)),), ((),))),)
KEY n=4 q=3 N=3 OBS=19683 LAW=19683 OK ((2, 1, ('SIMPLE',)), (2, 1, ('SIMPLE',)))
KEY n=4 q=3 N=3 OBS=17496 LAW=17496 OK ((2, 2, ('V', 2, 0, ((0, 1), (2, 0)), ((0, 1, 2, 0, 2, 1, ((1, 1),)),), ((),))),)
KEY n=4 q=3 N=3 OBS=756 LAW=756 OK ((2, 2, ('V', 2, 0, ((0, 2), (2, 0)), ((0, 2, 2, 0, 1, 2, ((1, 1), (1, 1))),), ((),))),)
KEY n=4 q=3 N=3 OBS=972 LAW=972 OK ((2, 2, ('V', 2, 0, ((0, 2), (2, 0)), ((0, 2, 2, 0, 1, 2, ((2, 1),)),), ((),))),)
KEY n=4 q=3 N=3 OBS=118098 LAW=118098 OK ((4, 1, ('SIMPLE',)),)
CONTROL-L0 q=3 N=3 keys=3 OK
KEY n=4 q=3 N=4 OBS=1062882 LAW=1062882 OK ((1, 1, ('SIMPLE',)), (1, 1, ('SIMPLE',)), (1, 2, ('V', 2, 0, ((0, 1), (2, 0)), ((0, 1, 2, 0, 2, 1, ((1, 1),)),), ((),))))
KEY n=4 q=3 N=4 OBS=59049 LAW=59049 OK ((1, 1, ('SIMPLE',)), (1, 1, ('SIMPLE',)), (1, 2, ('V', 2, 0, ((0, 2), (2, 0)), ((0, 2, 2, 0, 1, 2, ((1, 1), (1, 1))),), ((),))))
KEY n=4 q=3 N=4 OBS=78732 LAW=78732 OK ((1, 1, ('SIMPLE',)), (1, 1, ('SIMPLE',)), (1, 2, ('V', 2, 0, ((0, 2), (2, 0)), ((0, 2, 2, 0, 1, 2, ((1, 2),)),), ((('V', 2, 1, ((0, 3), (2, 0)), ((0, 3, 2, 0, 2, 1, ((1, 1),)),), ((),)),),))))
KEY n=4 q=3 N=4 OBS=177147 LAW=177147 OK ((1, 1, ('SIMPLE',)), (1, 1, ('SIMPLE',)), (1, 2, ('V', 2, 0, ((0, 2), (2, 0)), ((0, 2, 2, 0, 1, 2, ((2, 1),)),), ((),))))
KEY n=4 q=3 N=4 OBS=78732 LAW=78732 OK ((1, 1, ('SIMPLE',)), (1, 1, ('SIMPLE',)), (1, 2, ('V', 2, 0, ((0, 3), (1, 1), (2, 0)), ((0, 3, 1, 1, 1, 1, ((1, 1),)), (1, 1, 2, 0, 1, 1, ((1, 1),))), ((), ()))))
KEY n=4 q=3 N=4 OBS=39366 LAW=39366 OK ((1, 1, ('SIMPLE',)), (1, 1, ('SIMPLE',)), (1, 2, ('V', 2, 0, ((0, 3), (2, 0)), ((0, 3, 2, 0, 2, 1, ((1, 1),)),), ((),))))
KEY n=4 q=3 N=4 OBS=4782969 LAW=4782969 OK ((1, 1, ('SIMPLE',)), (1, 1, ('SIMPLE',)), (2, 1, ('SIMPLE',)))
KEY n=4 q=3 N=4 OBS=2125764 LAW=2125764 OK ((1, 1, ('SIMPLE',)), (1, 3, ('V', 3, 0, ((0, 1), (3, 0)), ((0, 1, 3, 0, 3, 1, ((1, 1),)),), ((),))))
KEY n=4 q=3 N=4 OBS=472392 LAW=472392 OK ((1, 1, ('SIMPLE',)), (1, 3, ('V', 3, 0, ((0, 2), (1, 1), (3, 0)), ((0, 2, 1, 1, 1, 1, ((1, 1),)), (1, 1, 3, 0, 2, 1, ((1, 1),))), ((), ()))))
KEY n=4 q=3 N=4 OBS=236196 LAW=236196 OK ((1, 1, ('SIMPLE',)), (1, 3, ('V', 3, 0, ((0, 2), (3, 0)), ((0, 2, 3, 0, 3, 1, ((1, 1),)),), ((),))))
KEY n=4 q=3 N=4 OBS=157464 LAW=157464 OK ((1, 1, ('SIMPLE',)), (1, 3, ('V', 3, 0, ((0, 3), (1, 1), (3, 0)), ((0, 3, 1, 1, 1, 1, ((1, 1),)), (1, 1, 3, 0, 2, 1, ((1, 1),))), ((), ()))))
KEY n=4 q=3 N=4 OBS=5832 LAW=5832 OK ((1, 1, ('SIMPLE',)), (1, 3, ('V', 3, 0, ((0, 3), (3, 0)), ((0, 3, 3, 0, 1, 3, ((1, 1), (1, 2))),), ((('V', 2, 1, ((0, 3), (2, 0)), ((0, 3, 2, 0, 2, 1, ((1, 1),)),), ((),)),),))))
KEY n=4 q=3 N=4 OBS=26244 LAW=26244 OK ((1, 1, ('SIMPLE',)), (1, 3, ('V', 3, 0, ((0, 3), (3, 0)), ((0, 3, 3, 0, 1, 3, ((1, 1), (2, 1))),), ((),))))
KEY n=4 q=3 N=4 OBS=34992 LAW=34992 OK ((1, 1, ('SIMPLE',)), (1, 3, ('V', 3, 0, ((0, 3), (3, 0)), ((0, 3, 3, 0, 1, 3, ((3, 1),)),), ((),))))
KEY n=4 q=3 N=4 OBS=12754584 LAW=12754584 OK ((1, 1, ('SIMPLE',)), (3, 1, ('SIMPLE',)))
KEY n=4 q=3 N=4 OBS=708588 LAW=708588 OK ((1, 2, ('V', 2, 0, ((0, 1), (2, 0)), ((0, 1, 2, 0, 2, 1, ((1, 1),)),), ((),))), (1, 2, ('V', 2, 0, ((0, 1), (2, 0)), ((0, 1, 2, 0, 2, 1, ((1, 1),)),), ((),))))
KEY n=4 q=3 N=4 OBS=78732 LAW=78732 OK ((1, 2, ('V', 2, 0, ((0, 1), (2, 0)), ((0, 1, 2, 0, 2, 1, ((1, 1),)),), ((),))), (1, 2, ('V', 2, 0, ((0, 2), (2, 0)), ((0, 2, 2, 0, 1, 2, ((1, 1), (1, 1))),), ((),))))
KEY n=4 q=3 N=4 OBS=104976 LAW=104976 OK ((1, 2, ('V', 2, 0, ((0, 1), (2, 0)), ((0, 1, 2, 0, 2, 1, ((1, 1),)),), ((),))), (1, 2, ('V', 2, 0, ((0, 2), (2, 0)), ((0, 2, 2, 0, 1, 2, ((1, 2),)),), ((('V', 2, 1, ((0, 3), (2, 0)), ((0, 3, 2, 0, 2, 1, ((1, 1),)),), ((),)),),))))
KEY n=4 q=3 N=4 OBS=236196 LAW=236196 OK ((1, 2, ('V', 2, 0, ((0, 1), (2, 0)), ((0, 1, 2, 0, 2, 1, ((1, 1),)),), ((),))), (1, 2, ('V', 2, 0, ((0, 2), (2, 0)), ((0, 2, 2, 0, 1, 2, ((2, 1),)),), ((),))))
KEY n=4 q=3 N=4 OBS=104976 LAW=104976 OK ((1, 2, ('V', 2, 0, ((0, 1), (2, 0)), ((0, 1, 2, 0, 2, 1, ((1, 1),)),), ((),))), (1, 2, ('V', 2, 0, ((0, 3), (1, 1), (2, 0)), ((0, 3, 1, 1, 1, 1, ((1, 1),)), (1, 1, 2, 0, 1, 1, ((1, 1),))), ((), ()))))
KEY n=4 q=3 N=4 OBS=52488 LAW=52488 OK ((1, 2, ('V', 2, 0, ((0, 1), (2, 0)), ((0, 1, 2, 0, 2, 1, ((1, 1),)),), ((),))), (1, 2, ('V', 2, 0, ((0, 3), (2, 0)), ((0, 3, 2, 0, 2, 1, ((1, 1),)),), ((),))))
KEY n=4 q=3 N=4 OBS=3188646 LAW=3188646 OK ((1, 2, ('V', 2, 0, ((0, 1), (2, 0)), ((0, 1, 2, 0, 2, 1, ((1, 1),)),), ((),))), (2, 1, ('SIMPLE',)))
KEY n=4 q=3 N=4 OBS=2187 LAW=2187 OK ((1, 2, ('V', 2, 0, ((0, 2), (2, 0)), ((0, 2, 2, 0, 1, 2, ((1, 1), (1, 1))),), ((),))), (1, 2, ('V', 2, 0, ((0, 2), (2, 0)), ((0, 2, 2, 0, 1, 2, ((1, 1), (1, 1))),), ((),))))
KEY n=4 q=3 N=4 OBS=5832 LAW=5832 OK ((1, 2, ('V', 2, 0, ((0, 2), (2, 0)), ((0, 2, 2, 0, 1, 2, ((1, 1), (1, 1))),), ((),))), (1, 2, ('V', 2, 0, ((0, 2), (2, 0)), ((0, 2, 2, 0, 1, 2, ((1, 2),)),), ((('V', 2, 1, ((0, 3), (2, 0)), ((0, 3, 2, 0, 2, 1, ((1, 1),)),), ((),)),),))))
KEY n=4 q=3 N=4 OBS=13122 LAW=13122 OK ((1, 2, ('V', 2, 0, ((0, 2), (2, 0)), ((0, 2, 2, 0, 1, 2, ((1, 1), (1, 1))),), ((),))), (1, 2, ('V', 2, 0, ((0, 2), (2, 0)), ((0, 2, 2, 0, 1, 2, ((2, 1),)),), ((),))))
KEY n=4 q=3 N=4 OBS=5832 LAW=5832 OK ((1, 2, ('V', 2, 0, ((0, 2), (2, 0)), ((0, 2, 2, 0, 1, 2, ((1, 1), (1, 1))),), ((),))), (1, 2, ('V', 2, 0, ((0, 3), (1, 1), (2, 0)), ((0, 3, 1, 1, 1, 1, ((1, 1),)), (1, 1, 2, 0, 1, 1, ((1, 1),))), ((), ()))))
KEY n=4 q=3 N=4 OBS=2916 LAW=2916 OK ((1, 2, ('V', 2, 0, ((0, 2), (2, 0)), ((0, 2, 2, 0, 1, 2, ((1, 1), (1, 1))),), ((),))), (1, 2, ('V', 2, 0, ((0, 3), (2, 0)), ((0, 3, 2, 0, 2, 1, ((1, 1),)),), ((),))))
KEY n=4 q=3 N=4 OBS=177147 LAW=177147 OK ((1, 2, ('V', 2, 0, ((0, 2), (2, 0)), ((0, 2, 2, 0, 1, 2, ((1, 1), (1, 1))),), ((),))), (2, 1, ('SIMPLE',)))
KEY n=4 q=3 N=4 OBS=3888 LAW=3888 OK ((1, 2, ('V', 2, 0, ((0, 2), (2, 0)), ((0, 2, 2, 0, 1, 2, ((1, 2),)),), ((('V', 2, 1, ((0, 3), (2, 0)), ((0, 3, 2, 0, 2, 1, ((1, 1),)),), ((),)),),))), (1, 2, ('V', 2, 0, ((0, 2), (2, 0)), ((0, 2, 2, 0, 1, 2, ((1, 2),)),), ((('V', 2, 1, ((0, 3), (2, 0)), ((0, 3, 2, 0, 2, 1, ((1, 1),)),), ((),)),),))))
KEY n=4 q=3 N=4 OBS=17496 LAW=17496 OK ((1, 2, ('V', 2, 0, ((0, 2), (2, 0)), ((0, 2, 2, 0, 1, 2, ((1, 2),)),), ((('V', 2, 1, ((0, 3), (2, 0)), ((0, 3, 2, 0, 2, 1, ((1, 1),)),), ((),)),),))), (1, 2, ('V', 2, 0, ((0, 2), (2, 0)), ((0, 2, 2, 0, 1, 2, ((2, 1),)),), ((),))))
KEY n=4 q=3 N=4 OBS=7776 LAW=7776 OK ((1, 2, ('V', 2, 0, ((0, 2), (2, 0)), ((0, 2, 2, 0, 1, 2, ((1, 2),)),), ((('V', 2, 1, ((0, 3), (2, 0)), ((0, 3, 2, 0, 2, 1, ((1, 1),)),), ((),)),),))), (1, 2, ('V', 2, 0, ((0, 3), (1, 1), (2, 0)), ((0, 3, 1, 1, 1, 1, ((1, 1),)), (1, 1, 2, 0, 1, 1, ((1, 1),))), ((), ()))))
KEY n=4 q=3 N=4 OBS=3888 LAW=3888 OK ((1, 2, ('V', 2, 0, ((0, 2), (2, 0)), ((0, 2, 2, 0, 1, 2, ((1, 2),)),), ((('V', 2, 1, ((0, 3), (2, 0)), ((0, 3, 2, 0, 2, 1, ((1, 1),)),), ((),)),),))), (1, 2, ('V', 2, 0, ((0, 3), (2, 0)), ((0, 3, 2, 0, 2, 1, ((1, 1),)),), ((),))))
KEY n=4 q=3 N=4 OBS=236196 LAW=236196 OK ((1, 2, ('V', 2, 0, ((0, 2), (2, 0)), ((0, 2, 2, 0, 1, 2, ((1, 2),)),), ((('V', 2, 1, ((0, 3), (2, 0)), ((0, 3, 2, 0, 2, 1, ((1, 1),)),), ((),)),),))), (2, 1, ('SIMPLE',)))
KEY n=4 q=3 N=4 OBS=19683 LAW=19683 OK ((1, 2, ('V', 2, 0, ((0, 2), (2, 0)), ((0, 2, 2, 0, 1, 2, ((2, 1),)),), ((),))), (1, 2, ('V', 2, 0, ((0, 2), (2, 0)), ((0, 2, 2, 0, 1, 2, ((2, 1),)),), ((),))))
KEY n=4 q=3 N=4 OBS=17496 LAW=17496 OK ((1, 2, ('V', 2, 0, ((0, 2), (2, 0)), ((0, 2, 2, 0, 1, 2, ((2, 1),)),), ((),))), (1, 2, ('V', 2, 0, ((0, 3), (1, 1), (2, 0)), ((0, 3, 1, 1, 1, 1, ((1, 1),)), (1, 1, 2, 0, 1, 1, ((1, 1),))), ((), ()))))
KEY n=4 q=3 N=4 OBS=8748 LAW=8748 OK ((1, 2, ('V', 2, 0, ((0, 2), (2, 0)), ((0, 2, 2, 0, 1, 2, ((2, 1),)),), ((),))), (1, 2, ('V', 2, 0, ((0, 3), (2, 0)), ((0, 3, 2, 0, 2, 1, ((1, 1),)),), ((),))))
KEY n=4 q=3 N=4 OBS=531441 LAW=531441 OK ((1, 2, ('V', 2, 0, ((0, 2), (2, 0)), ((0, 2, 2, 0, 1, 2, ((2, 1),)),), ((),))), (2, 1, ('SIMPLE',)))
KEY n=4 q=3 N=4 OBS=3888 LAW=3888 OK ((1, 2, ('V', 2, 0, ((0, 3), (1, 1), (2, 0)), ((0, 3, 1, 1, 1, 1, ((1, 1),)), (1, 1, 2, 0, 1, 1, ((1, 1),))), ((), ()))), (1, 2, ('V', 2, 0, ((0, 3), (1, 1), (2, 0)), ((0, 3, 1, 1, 1, 1, ((1, 1),)), (1, 1, 2, 0, 1, 1, ((1, 1),))), ((), ()))))
KEY n=4 q=3 N=4 OBS=3888 LAW=3888 OK ((1, 2, ('V', 2, 0, ((0, 3), (1, 1), (2, 0)), ((0, 3, 1, 1, 1, 1, ((1, 1),)), (1, 1, 2, 0, 1, 1, ((1, 1),))), ((), ()))), (1, 2, ('V', 2, 0, ((0, 3), (2, 0)), ((0, 3, 2, 0, 2, 1, ((1, 1),)),), ((),))))
KEY n=4 q=3 N=4 OBS=236196 LAW=236196 OK ((1, 2, ('V', 2, 0, ((0, 3), (1, 1), (2, 0)), ((0, 3, 1, 1, 1, 1, ((1, 1),)), (1, 1, 2, 0, 1, 1, ((1, 1),))), ((), ()))), (2, 1, ('SIMPLE',)))
KEY n=4 q=3 N=4 OBS=972 LAW=972 OK ((1, 2, ('V', 2, 0, ((0, 3), (2, 0)), ((0, 3, 2, 0, 2, 1, ((1, 1),)),), ((),))), (1, 2, ('V', 2, 0, ((0, 3), (2, 0)), ((0, 3, 2, 0, 2, 1, ((1, 1),)),), ((),))))
KEY n=4 q=3 N=4 OBS=118098 LAW=118098 OK ((1, 2, ('V', 2, 0, ((0, 3), (2, 0)), ((0, 3, 2, 0, 2, 1, ((1, 1),)),), ((),))), (2, 1, ('SIMPLE',)))
KEY n=4 q=3 N=4 OBS=1062882 LAW=1062882 OK ((1, 4, ('V', 4, 0, ((0, 1), (4, 0)), ((0, 1, 4, 0, 4, 1, ((1, 1),)),), ((),))),)
KEY n=4 q=3 N=4 OBS=236196 LAW=236196 OK ((1, 4, ('V', 4, 0, ((0, 2), (1, 1), (4, 0)), ((0, 2, 1, 1, 1, 1, ((1, 1),)), (1, 1, 4, 0, 3, 1, ((1, 1),))), ((), ()))),)
KEY n=4 q=3 N=4 OBS=19683 LAW=19683 OK ((1, 4, ('V', 4, 0, ((0, 2), (4, 0)), ((0, 2, 4, 0, 2, 2, ((1, 1), (1, 1))),), ((),))),)
KEY n=4 q=3 N=4 OBS=59049 LAW=59049 OK ((1, 4, ('V', 4, 0, ((0, 2), (4, 0)), ((0, 2, 4, 0, 2, 2, ((2, 1),)),), ((),))),)
KEY n=4 q=3 N=4 OBS=78732 LAW=78732 OK ((1, 4, ('V', 4, 0, ((0, 3), (1, 1), (4, 0)), ((0, 3, 1, 1, 1, 1, ((1, 1),)), (1, 1, 4, 0, 3, 1, ((1, 1),))), ((), ()))),)
KEY n=4 q=3 N=4 OBS=8748 LAW=8748 OK ((1, 4, ('V', 4, 0, ((0, 3), (1, 2), (4, 0)), ((0, 3, 1, 2, 1, 1, ((1, 1),)), (1, 2, 4, 0, 3, 1, ((1, 1),))), ((), ()))),)
KEY n=4 q=3 N=4 OBS=4374 LAW=4374 OK ((1, 4, ('V', 4, 0, ((0, 3), (2, 1), (4, 0)), ((0, 3, 2, 1, 1, 2, ((1, 1), (1, 1))), (2, 1, 4, 0, 2, 1, ((1, 1),))), ((), ()))),)
KEY n=4 q=3 N=4 OBS=5832 LAW=5832 OK ((1, 4, ('V', 4, 0, ((0, 3), (2, 1), (4, 0)), ((0, 3, 2, 1, 1, 2, ((1, 2),)), (2, 1, 4, 0, 2, 1, ((1, 1),))), ((('V', 2, 1, ((0, 3), (2, 0)), ((0, 3, 2, 0, 2, 1, ((1, 1),)),), ((),)),), ()))),)
KEY n=4 q=3 N=4 OBS=13122 LAW=13122 OK ((1, 4, ('V', 4, 0, ((0, 3), (2, 1), (4, 0)), ((0, 3, 2, 1, 1, 2, ((2, 1),)), (2, 1, 4, 0, 2, 1, ((1, 1),))), ((), ()))),)
KEY n=4 q=3 N=4 OBS=4374 LAW=4374 OK ((1, 4, ('V', 4, 0, ((0, 3), (4, 0)), ((0, 3, 4, 0, 4, 1, ((1, 1),)),), ((),))),)
KEY n=4 q=3 N=4 OBS=1594323 LAW=1594323 OK ((2, 1, ('SIMPLE',)), (2, 1, ('SIMPLE',)))
KEY n=4 q=3 N=4 OBS=1417176 LAW=1417176 OK ((2, 2, ('V', 2, 0, ((0, 1), (2, 0)), ((0, 1, 2, 0, 2, 1, ((1, 1),)),), ((),))),)
KEY n=4 q=3 N=4 OBS=61236 LAW=61236 OK ((2, 2, ('V', 2, 0, ((0, 2), (2, 0)), ((0, 2, 2, 0, 1, 2, ((1, 1), (1, 1))),), ((),))),)
KEY n=4 q=3 N=4 OBS=15552 LAW=15552 OK ((2, 2, ('V', 2, 0, ((0, 2), (2, 0)), ((0, 2, 2, 0, 1, 2, ((1, 2),)),), ((('V', 2, 1, ((0, 3), (2, 0)), ((0, 3, 2, 0, 2, 1, ((1, 1),)),), ((),)),),))),)
KEY n=4 q=3 N=4 OBS=78732 LAW=78732 OK ((2, 2, ('V', 2, 0, ((0, 2), (2, 0)), ((0, 2, 2, 0, 1, 2, ((2, 1),)),), ((),))),)
KEY n=4 q=3 N=4 OBS=15552 LAW=15552 OK ((2, 2, ('V', 2, 0, ((0, 3), (1, 1), (2, 0)), ((0, 3, 1, 1, 1, 1, ((1, 1),)), (1, 1, 2, 0, 1, 1, ((1, 1),))), ((), ()))),)
KEY n=4 q=3 N=4 OBS=1944 LAW=1944 OK ((2, 2, ('V', 2, 0, ((0, 3), (2, 0)), ((0, 3, 2, 0, 2, 1, ((1, 1),)),), ((),))),)
KEY n=4 q=3 N=4 OBS=9565938 LAW=9565938 OK ((4, 1, ('SIMPLE',)),)
CONTROL-L0 q=3 N=4 keys=6 OK
KEY n=4 q=3 N=5 OBS=86093442 LAW=86093442 OK ((1, 1, ('SIMPLE',)), (1, 1, ('SIMPLE',)), (1, 2, ('V', 2, 0, ((0, 1), (2, 0)), ((0, 1, 2, 0, 2, 1, ((1, 1),)),), ((),))))
KEY n=4 q=3 N=5 OBS=4782969 LAW=4782969 OK ((1, 1, ('SIMPLE',)), (1, 1, ('SIMPLE',)), (1, 2, ('V', 2, 0, ((0, 2), (2, 0)), ((0, 2, 2, 0, 1, 2, ((1, 1), (1, 1))),), ((),))))
KEY n=4 q=3 N=5 OBS=6377292 LAW=6377292 OK ((1, 1, ('SIMPLE',)), (1, 1, ('SIMPLE',)), (1, 2, ('V', 2, 0, ((0, 2), (2, 0)), ((0, 2, 2, 0, 1, 2, ((1, 2),)),), ((('V', 2, 1, ((0, 3), (2, 0)), ((0, 3, 2, 0, 2, 1, ((1, 1),)),), ((),)),),))))
KEY n=4 q=3 N=5 OBS=354294 LAW=354294 OK ((1, 1, ('SIMPLE',)), (1, 1, ('SIMPLE',)), (1, 2, ('V', 2, 0, ((0, 2), (2, 0)), ((0, 2, 2, 0, 1, 2, ((1, 2),)),), ((('V', 2, 1, ((0, 4), (2, 0)), ((0, 4, 2, 0, 1, 2, ((1, 1), (1, 1))),), ((),)),),))))
KEY n=4 q=3 N=5 OBS=1062882 LAW=1062882 OK ((1, 1, ('SIMPLE',)), (1, 1, ('SIMPLE',)), (1, 2, ('V', 2, 0, ((0, 2), (2, 0)), ((0, 2, 2, 0, 1, 2, ((1, 2),)),), ((('V', 2, 1, ((0, 4), (2, 0)), ((0, 4, 2, 0, 1, 2, ((2, 1),)),), ((),)),),))))
KEY n=4 q=3 N=5 OBS=14348907 LAW=14348907 OK ((1, 1, ('SIMPLE',)), (1, 1, ('SIMPLE',)), (1, 2, ('V', 2, 0, ((0, 2), (2, 0)), ((0, 2, 2, 0, 1, 2, ((2, 1),)),), ((),))))
KEY n=4 q=3 N=5 OBS=6377292 LAW=6377292 OK ((1, 1, ('SIMPLE',)), (1, 1, ('SIMPLE',)), (1, 2, ('V', 2, 0, ((0, 3), (1, 1), (2, 0)), ((0, 3, 1, 1, 1, 1, ((1, 1),)), (1, 1, 2, 0, 1, 1, ((1, 1),))), ((), ()))))
KEY n=4 q=3 N=5 OBS=3188646 LAW=3188646 OK ((1, 1, ('SIMPLE',)), (1, 1, ('SIMPLE',)), (1, 2, ('V', 2, 0, ((0, 3), (2, 0)), ((0, 3, 2, 0, 2, 1, ((1, 1),)),), ((),))))
KEY n=4 q=3 N=5 OBS=2125764 LAW=2125764 OK ((1, 1, ('SIMPLE',)), (1, 1, ('SIMPLE',)), (1, 2, ('V', 2, 0, ((0, 4), (1, 1), (2, 0)), ((0, 4, 1, 1, 1, 1, ((1, 1),)), (1, 1, 2, 0, 1, 1, ((1, 1),))), ((), ()))))
KEY n=4 q=3 N=5 OBS=177147 LAW=177147 OK ((1, 1, ('SIMPLE',)), (1, 1, ('SIMPLE',)), (1, 2, ('V', 2, 0, ((0, 4), (2, 0)), ((0, 4, 2, 0, 1, 2, ((1, 1), (1, 1))),), ((),))))
KEY n=4 q=3 N=5 OBS=531441 LAW=531441 OK ((1, 1, ('SIMPLE',)), (1, 1, ('SIMPLE',)), (1, 2, ('V', 2, 0, ((0, 4), (2, 0)), ((0, 4, 2, 0, 1, 2, ((2, 1),)),), ((),))))
KEY n=4 q=3 N=5 OBS=387420489 LAW=387420489 OK ((1, 1, ('SIMPLE',)), (1, 1, ('SIMPLE',)), (2, 1, ('SIMPLE',)))
KEY n=4 q=3 N=5 OBS=172186884 LAW=172186884 OK ((1, 1, ('SIMPLE',)), (1, 3, ('V', 3, 0, ((0, 1), (3, 0)), ((0, 1, 3, 0, 3, 1, ((1, 1),)),), ((),))))
KEY n=4 q=3 N=5 OBS=38263752 LAW=38263752 OK ((1, 1, ('SIMPLE',)), (1, 3, ('V', 3, 0, ((0, 2), (1, 1), (3, 0)), ((0, 2, 1, 1, 1, 1, ((1, 1),)), (1, 1, 3, 0, 2, 1, ((1, 1),))), ((), ()))))
KEY n=4 q=3 N=5 OBS=19131876 LAW=19131876 OK ((1, 1, ('SIMPLE',)), (1, 3, ('V', 3, 0, ((0, 2), (3, 0)), ((0, 2, 3, 0, 3, 1, ((1, 1),)),), ((),))))
KEY n=4 q=3 N=5 OBS=12754584 LAW=12754584 OK ((1, 1, ('SIMPLE',)), (1, 3, ('V', 3, 0, ((0, 3), (1, 1), (3, 0)), ((0, 3, 1, 1, 1, 1, ((1, 1),)), (1, 1, 3, 0, 2, 1, ((1, 1),))), ((), ()))))
KEY n=4 q=3 N=5 OBS=472392 LAW=472392 OK ((1, 1, ('SIMPLE',)), (1, 3, ('V', 3, 0, ((0, 3), (3, 0)), ((0, 3, 3, 0, 1, 3, ((1, 1), (1, 2))),), ((('V', 2, 1, ((0, 3), (2, 0)), ((0, 3, 2, 0, 2, 1, ((1, 1),)),), ((),)),),))))
KEY n=4 q=3 N=5 OBS=26244 LAW=26244 OK ((1, 1, ('SIMPLE',)), (1, 3, ('V', 3, 0, ((0, 3), (3, 0)), ((0, 3, 3, 0, 1, 3, ((1, 1), (1, 2))),), ((('V', 2, 1, ((0, 4), (2, 0)), ((0, 4, 2, 0, 1, 2, ((1, 1), (1, 1))),), ((),)),),))))
KEY n=4 q=3 N=5 OBS=78732 LAW=78732 OK ((1, 1, ('SIMPLE',)), (1, 3, ('V', 3, 0, ((0, 3), (3, 0)), ((0, 3, 3, 0, 1, 3, ((1, 1), (1, 2))),), ((('V', 2, 1, ((0, 4), (2, 0)), ((0, 4, 2, 0, 1, 2, ((2, 1),)),), ((),)),),))))
KEY n=4 q=3 N=5 OBS=2125764 LAW=2125764 OK ((1, 1, ('SIMPLE',)), (1, 3, ('V', 3, 0, ((0, 3), (3, 0)), ((0, 3, 3, 0, 1, 3, ((1, 1), (2, 1))),), ((),))))
KEY n=4 q=3 N=5 OBS=472392 LAW=472392 OK ((1, 1, ('SIMPLE',)), (1, 3, ('V', 3, 0, ((0, 3), (3, 0)), ((0, 3, 3, 0, 1, 3, ((1, 3),)),), ((('V', 3, 1, ((0, 4), (3, 0)), ((0, 4, 3, 0, 3, 1, ((1, 1),)),), ((),)),),))))
KEY n=4 q=3 N=5 OBS=2834352 LAW=2834352 OK ((1, 1, ('SIMPLE',)), (1, 3, ('V', 3, 0, ((0, 3), (3, 0)), ((0, 3, 3, 0, 1, 3, ((3, 1),)),), ((),))))
KEY n=4 q=3 N=5 OBS=4251528 LAW=4251528 OK ((1, 1, ('SIMPLE',)), (1, 3, ('V', 3, 0, ((0, 4), (1, 1), (3, 0)), ((0, 4, 1, 1, 1, 1, ((1, 1),)), (1, 1, 3, 0, 2, 1, ((1, 1),))), ((), ()))))
KEY n=4 q=3 N=5 OBS=236196 LAW=236196 OK ((1, 1, ('SIMPLE',)), (1, 3, ('V', 3, 0, ((0, 4), (1, 2), (3, 0)), ((0, 4, 1, 2, 1, 1, ((1, 1),)), (1, 2, 3, 0, 1, 2, ((1, 1), (1, 1)))), ((), ()))))
KEY n=4 q=3 N=5 OBS=314928 LAW=314928 OK ((1, 1, ('SIMPLE',)), (1, 3, ('V', 3, 0, ((0, 4), (1, 2), (3, 0)), ((0, 4, 1, 2, 1, 1, ((1, 1),)), (1, 2, 3, 0, 1, 2, ((1, 2),))), ((), (('V', 2, 1, ((0, 3), (2, 0)), ((0, 3, 2, 0, 2, 1, ((1, 1),)),), ((),)),)))))
KEY n=4 q=3 N=5 OBS=17496 LAW=17496 OK ((1, 1, ('SIMPLE',)), (1, 3, ('V', 3, 0, ((0, 4), (1, 2), (3, 0)), ((0, 4, 1, 2, 1, 1, ((1, 1),)), (1, 2, 3, 0, 1, 2, ((1, 2),))), ((), (('V', 2, 1, ((0, 4), (2, 0)), ((0, 4, 2, 0, 1, 2, ((1, 1), (1, 1))),), ((),)),)))))
KEY n=4 q=3 N=5 OBS=52488 LAW=52488 OK ((1, 1, ('SIMPLE',)), (1, 3, ('V', 3, 0, ((0, 4), (1, 2), (3, 0)), ((0, 4, 1, 2, 1, 1, ((1, 1),)), (1, 2, 3, 0, 1, 2, ((1, 2),))), ((), (('V', 2, 1, ((0, 4), (2, 0)), ((0, 4, 2, 0, 1, 2, ((2, 1),)),), ((),)),)))))
KEY n=4 q=3 N=5 OBS=708588 LAW=708588 OK ((1, 1, ('SIMPLE',)), (1, 3, ('V', 3, 0, ((0, 4), (1, 2), (3, 0)), ((0, 4, 1, 2, 1, 1, ((1, 1),)), (1, 2, 3, 0, 1, 2, ((2, 1),))), ((), ()))))
KEY n=4 q=3 N=5 OBS=472392 LAW=472392 OK ((1, 1, ('SIMPLE',)), (1, 3, ('V', 3, 0, ((0, 4), (2, 1), (3, 0)), ((0, 4, 2, 1, 2, 1, ((1, 1),)), (2, 1, 3, 0, 1, 1, ((1, 1),))), ((), ()))))
KEY n=4 q=3 N=5 OBS=236196 LAW=236196 OK ((1, 1, ('SIMPLE',)), (1, 3, ('V', 3, 0, ((0, 4), (3, 0)), ((0, 4, 3, 0, 3, 1, ((1, 1),)),), ((),))))
KEY n=4 q=3 N=5 OBS=1033121304 LAW=1033121304 OK ((1, 1, ('SIMPLE',)), (3, 1, ('SIMPLE',)))
KEY n=4 q=3 N=5 OBS=57395628 LAW=57395628 OK ((1, 2, ('V', 2, 0, ((0, 1), (2, 0)), ((0, 1, 2, 0, 2, 1, ((1, 1),)),), ((),))), (1, 2, ('V', 2, 0, ((0, 1), (2, 0)), ((0, 1, 2, 0, 2, 1, ((1, 1),)),), ((),))))
KEY n=4 q=3 N=5 OBS=6377292 LAW=6377292 OK ((1, 2, ('V', 2, 0, ((0, 1), (2, 0)), ((0, 1, 2, 0, 2, 1, ((1, 1),)),), ((),))), (1, 2, ('V', 2, 0, ((0, 2), (2, 0)), ((0, 2, 2, 0, 1, 2, ((1, 1), (1, 1))),), ((),))))
KEY n=4 q=3 N=5 OBS=8503056 LAW=8503056 OK ((1, 2, ('V', 2, 0, ((0, 1), (2, 0)), ((0, 1, 2, 0, 2, 1, ((1, 1),)),), ((),))), (1, 2, ('V', 2, 0, ((0, 2), (2, 0)), ((0, 2, 2, 0, 1, 2, ((1, 2),)),), ((('V', 2, 1, ((0, 3), (2, 0)), ((0, 3, 2, 0, 2, 1, ((1, 1),)),), ((),)),),))))
KEY n=4 q=3 N=5 OBS=472392 LAW=472392 OK ((1, 2, ('V', 2, 0, ((0, 1), (2, 0)), ((0, 1, 2, 0, 2, 1, ((1, 1),)),), ((),))), (1, 2, ('V', 2, 0, ((0, 2), (2, 0)), ((0, 2, 2, 0, 1, 2, ((1, 2),)),), ((('V', 2, 1, ((0, 4), (2, 0)), ((0, 4, 2, 0, 1, 2, ((1, 1), (1, 1))),), ((),)),),))))
KEY n=4 q=3 N=5 OBS=1417176 LAW=1417176 OK ((1, 2, ('V', 2, 0, ((0, 1), (2, 0)), ((0, 1, 2, 0, 2, 1, ((1, 1),)),), ((),))), (1, 2, ('V', 2, 0, ((0, 2), (2, 0)), ((0, 2, 2, 0, 1, 2, ((1, 2),)),), ((('V', 2, 1, ((0, 4), (2, 0)), ((0, 4, 2, 0, 1, 2, ((2, 1),)),), ((),)),),))))
KEY n=4 q=3 N=5 OBS=19131876 LAW=19131876 OK ((1, 2, ('V', 2, 0, ((0, 1), (2, 0)), ((0, 1, 2, 0, 2, 1, ((1, 1),)),), ((),))), (1, 2, ('V', 2, 0, ((0, 2), (2, 0)), ((0, 2, 2, 0, 1, 2, ((2, 1),)),), ((),))))
KEY n=4 q=3 N=5 OBS=8503056 LAW=8503056 OK ((1, 2, ('V', 2, 0, ((0, 1), (2, 0)), ((0, 1, 2, 0, 2, 1, ((1, 1),)),), ((),))), (1, 2, ('V', 2, 0, ((0, 3), (1, 1), (2, 0)), ((0, 3, 1, 1, 1, 1, ((1, 1),)), (1, 1, 2, 0, 1, 1, ((1, 1),))), ((), ()))))
KEY n=4 q=3 N=5 OBS=4251528 LAW=4251528 OK ((1, 2, ('V', 2, 0, ((0, 1), (2, 0)), ((0, 1, 2, 0, 2, 1, ((1, 1),)),), ((),))), (1, 2, ('V', 2, 0, ((0, 3), (2, 0)), ((0, 3, 2, 0, 2, 1, ((1, 1),)),), ((),))))
KEY n=4 q=3 N=5 OBS=2834352 LAW=2834352 OK ((1, 2, ('V', 2, 0, ((0, 1), (2, 0)), ((0, 1, 2, 0, 2, 1, ((1, 1),)),), ((),))), (1, 2, ('V', 2, 0, ((0, 4), (1, 1), (2, 0)), ((0, 4, 1, 1, 1, 1, ((1, 1),)), (1, 1, 2, 0, 1, 1, ((1, 1),))), ((), ()))))
KEY n=4 q=3 N=5 OBS=236196 LAW=236196 OK ((1, 2, ('V', 2, 0, ((0, 1), (2, 0)), ((0, 1, 2, 0, 2, 1, ((1, 1),)),), ((),))), (1, 2, ('V', 2, 0, ((0, 4), (2, 0)), ((0, 4, 2, 0, 1, 2, ((1, 1), (1, 1))),), ((),))))
KEY n=4 q=3 N=5 OBS=708588 LAW=708588 OK ((1, 2, ('V', 2, 0, ((0, 1), (2, 0)), ((0, 1, 2, 0, 2, 1, ((1, 1),)),), ((),))), (1, 2, ('V', 2, 0, ((0, 4), (2, 0)), ((0, 4, 2, 0, 1, 2, ((2, 1),)),), ((),))))
KEY n=4 q=3 N=5 OBS=258280326 LAW=258280326 OK ((1, 2, ('V', 2, 0, ((0, 1), (2, 0)), ((0, 1, 2, 0, 2, 1, ((1, 1),)),), ((),))), (2, 1, ('SIMPLE',)))
KEY n=4 q=3 N=5 OBS=177147 LAW=177147 OK ((1, 2, ('V', 2, 0, ((0, 2), (2, 0)), ((0, 2, 2, 0, 1, 2, ((1, 1), (1, 1))),), ((),))), (1, 2, ('V', 2, 0, ((0, 2), (2, 0)), ((0, 2, 2, 0, 1, 2, ((1, 1), (1, 1))),), ((),))))
KEY n=4 q=3 N=5 OBS=472392 LAW=472392 OK ((1, 2, ('V', 2, 0, ((0, 2), (2, 0)), ((0, 2, 2, 0, 1, 2, ((1, 1), (1, 1))),), ((),))), (1, 2, ('V', 2, 0, ((0, 2), (2, 0)), ((0, 2, 2, 0, 1, 2, ((1, 2),)),), ((('V', 2, 1, ((0, 3), (2, 0)), ((0, 3, 2, 0, 2, 1, ((1, 1),)),), ((),)),),))))
KEY n=4 q=3 N=5 OBS=26244 LAW=26244 OK ((1, 2, ('V', 2, 0, ((0, 2), (2, 0)), ((0, 2, 2, 0, 1, 2, ((1, 1), (1, 1))),), ((),))), (1, 2, ('V', 2, 0, ((0, 2), (2, 0)), ((0, 2, 2, 0, 1, 2, ((1, 2),)),), ((('V', 2, 1, ((0, 4), (2, 0)), ((0, 4, 2, 0, 1, 2, ((1, 1), (1, 1))),), ((),)),),))))
KEY n=4 q=3 N=5 OBS=78732 LAW=78732 OK ((1, 2, ('V', 2, 0, ((0, 2), (2, 0)), ((0, 2, 2, 0, 1, 2, ((1, 1), (1, 1))),), ((),))), (1, 2, ('V', 2, 0, ((0, 2), (2, 0)), ((0, 2, 2, 0, 1, 2, ((1, 2),)),), ((('V', 2, 1, ((0, 4), (2, 0)), ((0, 4, 2, 0, 1, 2, ((2, 1),)),), ((),)),),))))
KEY n=4 q=3 N=5 OBS=1062882 LAW=1062882 OK ((1, 2, ('V', 2, 0, ((0, 2), (2, 0)), ((0, 2, 2, 0, 1, 2, ((1, 1), (1, 1))),), ((),))), (1, 2, ('V', 2, 0, ((0, 2), (2, 0)), ((0, 2, 2, 0, 1, 2, ((2, 1),)),), ((),))))
KEY n=4 q=3 N=5 OBS=472392 LAW=472392 OK ((1, 2, ('V', 2, 0, ((0, 2), (2, 0)), ((0, 2, 2, 0, 1, 2, ((1, 1), (1, 1))),), ((),))), (1, 2, ('V', 2, 0, ((0, 3), (1, 1), (2, 0)), ((0, 3, 1, 1, 1, 1, ((1, 1),)), (1, 1, 2, 0, 1, 1, ((1, 1),))), ((), ()))))
KEY n=4 q=3 N=5 OBS=236196 LAW=236196 OK ((1, 2, ('V', 2, 0, ((0, 2), (2, 0)), ((0, 2, 2, 0, 1, 2, ((1, 1), (1, 1))),), ((),))), (1, 2, ('V', 2, 0, ((0, 3), (2, 0)), ((0, 3, 2, 0, 2, 1, ((1, 1),)),), ((),))))
KEY n=4 q=3 N=5 OBS=157464 LAW=157464 OK ((1, 2, ('V', 2, 0, ((0, 2), (2, 0)), ((0, 2, 2, 0, 1, 2, ((1, 1), (1, 1))),), ((),))), (1, 2, ('V', 2, 0, ((0, 4), (1, 1), (2, 0)), ((0, 4, 1, 1, 1, 1, ((1, 1),)), (1, 1, 2, 0, 1, 1, ((1, 1),))), ((), ()))))
KEY n=4 q=3 N=5 OBS=13122 LAW=13122 OK ((1, 2, ('V', 2, 0, ((0, 2), (2, 0)), ((0, 2, 2, 0, 1, 2, ((1, 1), (1, 1))),), ((),))), (1, 2, ('V', 2, 0, ((0, 4), (2, 0)), ((0, 4, 2, 0, 1, 2, ((1, 1), (1, 1))),), ((),))))
KEY n=4 q=3 N=5 OBS=39366 LAW=39366 OK ((1, 2, ('V', 2, 0, ((0, 2), (2, 0)), ((0, 2, 2, 0, 1, 2, ((1, 1), (1, 1))),), ((),))), (1, 2, ('V', 2, 0, ((0, 4), (2, 0)), ((0, 4, 2, 0, 1, 2, ((2, 1),)),), ((),))))
KEY n=4 q=3 N=5 OBS=14348907 LAW=14348907 OK ((1, 2, ('V', 2, 0, ((0, 2), (2, 0)), ((0, 2, 2, 0, 1, 2, ((1, 1), (1, 1))),), ((),))), (2, 1, ('SIMPLE',)))
KEY n=4 q=3 N=5 OBS=314928 LAW=314928 OK ((1, 2, ('V', 2, 0, ((0, 2), (2, 0)), ((0, 2, 2, 0, 1, 2, ((1, 2),)),), ((('V', 2, 1, ((0, 3), (2, 0)), ((0, 3, 2, 0, 2, 1, ((1, 1),)),), ((),)),),))), (1, 2, ('V', 2, 0, ((0, 2), (2, 0)), ((0, 2, 2, 0, 1, 2, ((1, 2),)),), ((('V', 2, 1, ((0, 3), (2, 0)), ((0, 3, 2, 0, 2, 1, ((1, 1),)),), ((),)),),))))
KEY n=4 q=3 N=5 OBS=34992 LAW=34992 OK ((1, 2, ('V', 2, 0, ((0, 2), (2, 0)), ((0, 2, 2, 0, 1, 2, ((1, 2),)),), ((('V', 2, 1, ((0, 3), (2, 0)), ((0, 3, 2, 0, 2, 1, ((1, 1),)),), ((),)),),))), (1, 2, ('V', 2, 0, ((0, 2), (2, 0)), ((0, 2, 2, 0, 1, 2, ((1, 2),)),), ((('V', 2, 1, ((0, 4), (2, 0)), ((0, 4, 2, 0, 1, 2, ((1, 1), (1, 1))),), ((),)),),))))
KEY n=4 q=3 N=5 OBS=104976 LAW=104976 OK ((1, 2, ('V', 2, 0, ((0, 2), (2, 0)), ((0, 2, 2, 0, 1, 2, ((1, 2),)),), ((('V', 2, 1, ((0, 3), (2, 0)), ((0, 3, 2, 0, 2, 1, ((1, 1),)),), ((),)),),))), (1, 2, ('V', 2, 0, ((0, 2), (2, 0)), ((0, 2, 2, 0, 1, 2, ((1, 2),)),), ((('V', 2, 1, ((0, 4), (2, 0)), ((0, 4, 2, 0, 1, 2, ((2, 1),)),), ((),)),),))))
KEY n=4 q=3 N=5 OBS=1417176 LAW=1417176 OK ((1, 2, ('V', 2, 0, ((0, 2), (2, 0)), ((0, 2, 2, 0, 1, 2, ((1, 2),)),), ((('V', 2, 1, ((0, 3), (2, 0)), ((0, 3, 2, 0, 2, 1, ((1, 1),)),), ((),)),),))), (1, 2, ('V', 2, 0, ((0, 2), (2, 0)), ((0, 2, 2, 0, 1, 2, ((2, 1),)),), ((),))))
KEY n=4 q=3 N=5 OBS=629856 LAW=629856 OK ((1, 2, ('V', 2, 0, ((0, 2), (2, 0)), ((0, 2, 2, 0, 1, 2, ((1, 2),)),), ((('V', 2, 1, ((0, 3), (2, 0)), ((0, 3, 2, 0, 2, 1, ((1, 1),)),), ((),)),),))), (1, 2, ('V', 2, 0, ((0, 3), (1, 1), (2, 0)), ((0, 3, 1, 1, 1, 1, ((1, 1),)), (1, 1, 2, 0, 1, 1, ((1, 1),))), ((), ()))))
KEY n=4 q=3 N=5 OBS=314928 LAW=314928 OK ((1, 2, ('V', 2, 0, ((0, 2), (2, 0)), ((0, 2, 2, 0, 1, 2, ((1, 2),)),), ((('V', 2, 1, ((0, 3), (2, 0)), ((0, 3, 2, 0, 2, 1, ((1, 1),)),), ((),)),),))), (1, 2, ('V', 2, 0, ((0, 3), (2, 0)), ((0, 3, 2, 0, 2, 1, ((1, 1),)),), ((),))))
KEY n=4 q=3 N=5 OBS=209952 LAW=209952 OK ((1, 2, ('V', 2, 0, ((0, 2), (2, 0)), ((0, 2, 2, 0, 1, 2, ((1, 2),)),), ((('V', 2, 1, ((0, 3), (2, 0)), ((0, 3, 2, 0, 2, 1, ((1, 1),)),), ((),)),),))), (1, 2, ('V', 2, 0, ((0, 4), (1, 1), (2, 0)), ((0, 4, 1, 1, 1, 1, ((1, 1),)), (1, 1, 2, 0, 1, 1, ((1, 1),))), ((), ()))))
KEY n=4 q=3 N=5 OBS=17496 LAW=17496 OK ((1, 2, ('V', 2, 0, ((0, 2), (2, 0)), ((0, 2, 2, 0, 1, 2, ((1, 2),)),), ((('V', 2, 1, ((0, 3), (2, 0)), ((0, 3, 2, 0, 2, 1, ((1, 1),)),), ((),)),),))), (1, 2, ('V', 2, 0, ((0, 4), (2, 0)), ((0, 4, 2, 0, 1, 2, ((1, 1), (1, 1))),), ((),))))
KEY n=4 q=3 N=5 OBS=52488 LAW=52488 OK ((1, 2, ('V', 2, 0, ((0, 2), (2, 0)), ((0, 2, 2, 0, 1, 2, ((1, 2),)),), ((('V', 2, 1, ((0, 3), (2, 0)), ((0, 3, 2, 0, 2, 1, ((1, 1),)),), ((),)),),))), (1, 2, ('V', 2, 0, ((0, 4), (2, 0)), ((0, 4, 2, 0, 1, 2, ((2, 1),)),), ((),))))
KEY n=4 q=3 N=5 OBS=19131876 LAW=19131876 OK ((1, 2, ('V', 2, 0, ((0, 2), (2, 0)), ((0, 2, 2, 0, 1, 2, ((1, 2),)),), ((('V', 2, 1, ((0, 3), (2, 0)), ((0, 3, 2, 0, 2, 1, ((1, 1),)),), ((),)),),))), (2, 1, ('SIMPLE',)))
KEY n=4 q=3 N=5 OBS=972 LAW=972 OK ((1, 2, ('V', 2, 0, ((0, 2), (2, 0)), ((0, 2, 2, 0, 1, 2, ((1, 2),)),), ((('V', 2, 1, ((0, 4), (2, 0)), ((0, 4, 2, 0, 1, 2, ((1, 1), (1, 1))),), ((),)),),))), (1, 2, ('V', 2, 0, ((0, 2), (2, 0)), ((0, 2, 2, 0, 1, 2, ((1, 2),)),), ((('V', 2, 1, ((0, 4), (2, 0)), ((0, 4, 2, 0, 1, 2, ((1, 1), (1, 1))),), ((),)),),))))
KEY n=4 q=3 N=5 OBS=5832 LAW=5832 OK ((1, 2, ('V', 2, 0, ((0, 2), (2, 0)), ((0, 2, 2, 0, 1, 2, ((1, 2),)),), ((('V', 2, 1, ((0, 4), (2, 0)), ((0, 4, 2, 0, 1, 2, ((1, 1), (1, 1))),), ((),)),),))), (1, 2, ('V', 2, 0, ((0, 2), (2, 0)), ((0, 2, 2, 0, 1, 2, ((1, 2),)),), ((('V', 2, 1, ((0, 4), (2, 0)), ((0, 4, 2, 0, 1, 2, ((2, 1),)),), ((),)),),))))
KEY n=4 q=3 N=5 OBS=78732 LAW=78732 OK ((1, 2, ('V', 2, 0, ((0, 2), (2, 0)), ((0, 2, 2, 0, 1, 2, ((1, 2),)),), ((('V', 2, 1, ((0, 4), (2, 0)), ((0, 4, 2, 0, 1, 2, ((1, 1), (1, 1))),), ((),)),),))), (1, 2, ('V', 2, 0, ((0, 2), (2, 0)), ((0, 2, 2, 0, 1, 2, ((2, 1),)),), ((),))))
KEY n=4 q=3 N=5 OBS=34992 LAW=34992 OK ((1, 2, ('V', 2, 0, ((0, 2), (2, 0)), ((0, 2, 2, 0, 1, 2, ((1, 2),)),), ((('V', 2, 1, ((0, 4), (2, 0)), ((0, 4, 2, 0, 1, 2, ((1, 1), (1, 1))),), ((),)),),))), (1, 2, ('V', 2, 0, ((0, 3), (1, 1), (2, 0)), ((0, 3, 1, 1, 1, 1, ((1, 1),)), (1, 1, 2, 0, 1, 1, ((1, 1),))), ((), ()))))
KEY n=4 q=3 N=5 OBS=17496 LAW=17496 OK ((1, 2, ('V', 2, 0, ((0, 2), (2, 0)), ((0, 2, 2, 0, 1, 2, ((1, 2),)),), ((('V', 2, 1, ((0, 4), (2, 0)), ((0, 4, 2, 0, 1, 2, ((1, 1), (1, 1))),), ((),)),),))), (1, 2, ('V', 2, 0, ((0, 3), (2, 0)), ((0, 3, 2, 0, 2, 1, ((1, 1),)),), ((),))))
KEY n=4 q=3 N=5 OBS=11664 LAW=11664 OK ((1, 2, ('V', 2, 0, ((0, 2), (2, 0)), ((0, 2, 2, 0, 1, 2, ((1, 2),)),), ((('V', 2, 1, ((0, 4), (2, 0)), ((0, 4, 2, 0, 1, 2, ((1, 1), (1, 1))),), ((),)),),))), (1, 2, ('V', 2, 0, ((0, 4), (1, 1), (2, 0)), ((0, 4, 1, 1, 1, 1, ((1, 1),)), (1, 1, 2, 0, 1, 1, ((1, 1),))), ((), ()))))
KEY n=4 q=3 N=5 OBS=972 LAW=972 OK ((1, 2, ('V', 2, 0, ((0, 2), (2, 0)), ((0, 2, 2, 0, 1, 2, ((1, 2),)),), ((('V', 2, 1, ((0, 4), (2, 0)), ((0, 4, 2, 0, 1, 2, ((1, 1), (1, 1))),), ((),)),),))), (1, 2, ('V', 2, 0, ((0, 4), (2, 0)), ((0, 4, 2, 0, 1, 2, ((1, 1), (1, 1))),), ((),))))
KEY n=4 q=3 N=5 OBS=2916 LAW=2916 OK ((1, 2, ('V', 2, 0, ((0, 2), (2, 0)), ((0, 2, 2, 0, 1, 2, ((1, 2),)),), ((('V', 2, 1, ((0, 4), (2, 0)), ((0, 4, 2, 0, 1, 2, ((1, 1), (1, 1))),), ((),)),),))), (1, 2, ('V', 2, 0, ((0, 4), (2, 0)), ((0, 4, 2, 0, 1, 2, ((2, 1),)),), ((),))))
KEY n=4 q=3 N=5 OBS=1062882 LAW=1062882 OK ((1, 2, ('V', 2, 0, ((0, 2), (2, 0)), ((0, 2, 2, 0, 1, 2, ((1, 2),)),), ((('V', 2, 1, ((0, 4), (2, 0)), ((0, 4, 2, 0, 1, 2, ((1, 1), (1, 1))),), ((),)),),))), (2, 1, ('SIMPLE',)))
KEY n=4 q=3 N=5 OBS=8748 LAW=8748 OK ((1, 2, ('V', 2, 0, ((0, 2), (2, 0)), ((0, 2, 2, 0, 1, 2, ((1, 2),)),), ((('V', 2, 1, ((0, 4), (2, 0)), ((0, 4, 2, 0, 1, 2, ((2, 1),)),), ((),)),),))), (1, 2, ('V', 2, 0, ((0, 2), (2, 0)), ((0, 2, 2, 0, 1, 2, ((1, 2),)),), ((('V', 2, 1, ((0, 4), (2, 0)), ((0, 4, 2, 0, 1, 2, ((2, 1),)),), ((),)),),))))
KEY n=4 q=3 N=5 OBS=236196 LAW=236196 OK ((1, 2, ('V', 2, 0, ((0, 2), (2, 0)), ((0, 2, 2, 0, 1, 2, ((1, 2),)),), ((('V', 2, 1, ((0, 4), (2, 0)), ((0, 4, 2, 0, 1, 2, ((2, 1),)),), ((),)),),))), (1, 2, ('V', 2, 0, ((0, 2), (2, 0)), ((0, 2, 2, 0, 1, 2, ((2, 1),)),), ((),))))
KEY n=4 q=3 N=5 OBS=104976 LAW=104976 OK ((1, 2, ('V', 2, 0, ((0, 2), (2, 0)), ((0, 2, 2, 0, 1, 2, ((1, 2),)),), ((('V', 2, 1, ((0, 4), (2, 0)), ((0, 4, 2, 0, 1, 2, ((2, 1),)),), ((),)),),))), (1, 2, ('V', 2, 0, ((0, 3), (1, 1), (2, 0)), ((0, 3, 1, 1, 1, 1, ((1, 1),)), (1, 1, 2, 0, 1, 1, ((1, 1),))), ((), ()))))
KEY n=4 q=3 N=5 OBS=52488 LAW=52488 OK ((1, 2, ('V', 2, 0, ((0, 2), (2, 0)), ((0, 2, 2, 0, 1, 2, ((1, 2),)),), ((('V', 2, 1, ((0, 4), (2, 0)), ((0, 4, 2, 0, 1, 2, ((2, 1),)),), ((),)),),))), (1, 2, ('V', 2, 0, ((0, 3), (2, 0)), ((0, 3, 2, 0, 2, 1, ((1, 1),)),), ((),))))
KEY n=4 q=3 N=5 OBS=34992 LAW=34992 OK ((1, 2, ('V', 2, 0, ((0, 2), (2, 0)), ((0, 2, 2, 0, 1, 2, ((1, 2),)),), ((('V', 2, 1, ((0, 4), (2, 0)), ((0, 4, 2, 0, 1, 2, ((2, 1),)),), ((),)),),))), (1, 2, ('V', 2, 0, ((0, 4), (1, 1), (2, 0)), ((0, 4, 1, 1, 1, 1, ((1, 1),)), (1, 1, 2, 0, 1, 1, ((1, 1),))), ((), ()))))
KEY n=4 q=3 N=5 OBS=2916 LAW=2916 OK ((1, 2, ('V', 2, 0, ((0, 2), (2, 0)), ((0, 2, 2, 0, 1, 2, ((1, 2),)),), ((('V', 2, 1, ((0, 4), (2, 0)), ((0, 4, 2, 0, 1, 2, ((2, 1),)),), ((),)),),))), (1, 2, ('V', 2, 0, ((0, 4), (2, 0)), ((0, 4, 2, 0, 1, 2, ((1, 1), (1, 1))),), ((),))))
KEY n=4 q=3 N=5 OBS=8748 LAW=8748 OK ((1, 2, ('V', 2, 0, ((0, 2), (2, 0)), ((0, 2, 2, 0, 1, 2, ((1, 2),)),), ((('V', 2, 1, ((0, 4), (2, 0)), ((0, 4, 2, 0, 1, 2, ((2, 1),)),), ((),)),),))), (1, 2, ('V', 2, 0, ((0, 4), (2, 0)), ((0, 4, 2, 0, 1, 2, ((2, 1),)),), ((),))))
KEY n=4 q=3 N=5 OBS=3188646 LAW=3188646 OK ((1, 2, ('V', 2, 0, ((0, 2), (2, 0)), ((0, 2, 2, 0, 1, 2, ((1, 2),)),), ((('V', 2, 1, ((0, 4), (2, 0)), ((0, 4, 2, 0, 1, 2, ((2, 1),)),), ((),)),),))), (2, 1, ('SIMPLE',)))
KEY n=4 q=3 N=5 OBS=1594323 LAW=1594323 OK ((1, 2, ('V', 2, 0, ((0, 2), (2, 0)), ((0, 2, 2, 0, 1, 2, ((2, 1),)),), ((),))), (1, 2, ('V', 2, 0, ((0, 2), (2, 0)), ((0, 2, 2, 0, 1, 2, ((2, 1),)),), ((),))))
KEY n=4 q=3 N=5 OBS=1417176 LAW=1417176 OK ((1, 2, ('V', 2, 0, ((0, 2), (2, 0)), ((0, 2, 2, 0, 1, 2, ((2, 1),)),), ((),))), (1, 2, ('V', 2, 0, ((0, 3), (1, 1), (2, 0)), ((0, 3, 1, 1, 1, 1, ((1, 1),)), (1, 1, 2, 0, 1, 1, ((1, 1),))), ((), ()))))
KEY n=4 q=3 N=5 OBS=708588 LAW=708588 OK ((1, 2, ('V', 2, 0, ((0, 2), (2, 0)), ((0, 2, 2, 0, 1, 2, ((2, 1),)),), ((),))), (1, 2, ('V', 2, 0, ((0, 3), (2, 0)), ((0, 3, 2, 0, 2, 1, ((1, 1),)),), ((),))))
KEY n=4 q=3 N=5 OBS=472392 LAW=472392 OK ((1, 2, ('V', 2, 0, ((0, 2), (2, 0)), ((0, 2, 2, 0, 1, 2, ((2, 1),)),), ((),))), (1, 2, ('V', 2, 0, ((0, 4), (1, 1), (2, 0)), ((0, 4, 1, 1, 1, 1, ((1, 1),)), (1, 1, 2, 0, 1, 1, ((1, 1),))), ((), ()))))
KEY n=4 q=3 N=5 OBS=39366 LAW=39366 OK ((1, 2, ('V', 2, 0, ((0, 2), (2, 0)), ((0, 2, 2, 0, 1, 2, ((2, 1),)),), ((),))), (1, 2, ('V', 2, 0, ((0, 4), (2, 0)), ((0, 4, 2, 0, 1, 2, ((1, 1), (1, 1))),), ((),))))
KEY n=4 q=3 N=5 OBS=118098 LAW=118098 OK ((1, 2, ('V', 2, 0, ((0, 2), (2, 0)), ((0, 2, 2, 0, 1, 2, ((2, 1),)),), ((),))), (1, 2, ('V', 2, 0, ((0, 4), (2, 0)), ((0, 4, 2, 0, 1, 2, ((2, 1),)),), ((),))))
KEY n=4 q=3 N=5 OBS=43046721 LAW=43046721 OK ((1, 2, ('V', 2, 0, ((0, 2), (2, 0)), ((0, 2, 2, 0, 1, 2, ((2, 1),)),), ((),))), (2, 1, ('SIMPLE',)))
KEY n=4 q=3 N=5 OBS=314928 LAW=314928 OK ((1, 2, ('V', 2, 0, ((0, 3), (1, 1), (2, 0)), ((0, 3, 1, 1, 1, 1, ((1, 1),)), (1, 1, 2, 0, 1, 1, ((1, 1),))), ((), ()))), (1, 2, ('V', 2, 0, ((0, 3), (1, 1), (2, 0)), ((0, 3, 1, 1, 1, 1, ((1, 1),)), (1, 1, 2, 0, 1, 1, ((1, 1),))), ((), ()))))
KEY n=4 q=3 N=5 OBS=314928 LAW=314928 OK ((1, 2, ('V', 2, 0, ((0, 3), (1, 1), (2, 0)), ((0, 3, 1, 1, 1, 1, ((1, 1),)), (1, 1, 2, 0, 1, 1, ((1, 1),))), ((), ()))), (1, 2, ('V', 2, 0, ((0, 3), (2, 0)), ((0, 3, 2, 0, 2, 1, ((1, 1),)),), ((),))))
KEY n=4 q=3 N=5 OBS=209952 LAW=209952 OK ((1, 2, ('V', 2, 0, ((0, 3), (1, 1), (2, 0)), ((0, 3, 1, 1, 1, 1, ((1, 1),)), (1, 1, 2, 0, 1, 1, ((1, 1),))), ((), ()))), (1, 2, ('V', 2, 0, ((0, 4), (1, 1), (2, 0)), ((0, 4, 1, 1, 1, 1, ((1, 1),)), (1, 1, 2, 0, 1, 1, ((1, 1),))), ((), ()))))
KEY n=4 q=3 N=5 OBS=17496 LAW=17496 OK ((1, 2, ('V', 2, 0, ((0, 3), (1, 1), (2, 0)), ((0, 3, 1, 1, 1, 1, ((1, 1),)), (1, 1, 2, 0, 1, 1, ((1, 1),))), ((), ()))), (1, 2, ('V', 2, 0, ((0, 4), (2, 0)), ((0, 4, 2, 0, 1, 2, ((1, 1), (1, 1))),), ((),))))
KEY n=4 q=3 N=5 OBS=52488 LAW=52488 OK ((1, 2, ('V', 2, 0, ((0, 3), (1, 1), (2, 0)), ((0, 3, 1, 1, 1, 1, ((1, 1),)), (1, 1, 2, 0, 1, 1, ((1, 1),))), ((), ()))), (1, 2, ('V', 2, 0, ((0, 4), (2, 0)), ((0, 4, 2, 0, 1, 2, ((2, 1),)),), ((),))))
KEY n=4 q=3 N=5 OBS=19131876 LAW=19131876 OK ((1, 2, ('V', 2, 0, ((0, 3), (1, 1), (2, 0)), ((0, 3, 1, 1, 1, 1, ((1, 1),)), (1, 1, 2, 0, 1, 1, ((1, 1),))), ((), ()))), (2, 1, ('SIMPLE',)))
KEY n=4 q=3 N=5 OBS=78732 LAW=78732 OK ((1, 2, ('V', 2, 0, ((0, 3), (2, 0)), ((0, 3, 2, 0, 2, 1, ((1, 1),)),), ((),))), (1, 2, ('V', 2, 0, ((0, 3), (2, 0)), ((0, 3, 2, 0, 2, 1, ((1, 1),)),), ((),))))
KEY n=4 q=3 N=5 OBS=104976 LAW=104976 OK ((1, 2, ('V', 2, 0, ((0, 3), (2, 0)), ((0, 3, 2, 0, 2, 1, ((1, 1),)),), ((),))), (1, 2, ('V', 2, 0, ((0, 4), (1, 1), (2, 0)), ((0, 4, 1, 1, 1, 1, ((1, 1),)), (1, 1, 2, 0, 1, 1, ((1, 1),))), ((), ()))))
KEY n=4 q=3 N=5 OBS=8748 LAW=8748 OK ((1, 2, ('V', 2, 0, ((0, 3), (2, 0)), ((0, 3, 2, 0, 2, 1, ((1, 1),)),), ((),))), (1, 2, ('V', 2, 0, ((0, 4), (2, 0)), ((0, 4, 2, 0, 1, 2, ((1, 1), (1, 1))),), ((),))))
KEY n=4 q=3 N=5 OBS=26244 LAW=26244 OK ((1, 2, ('V', 2, 0, ((0, 3), (2, 0)), ((0, 3, 2, 0, 2, 1, ((1, 1),)),), ((),))), (1, 2, ('V', 2, 0, ((0, 4), (2, 0)), ((0, 4, 2, 0, 1, 2, ((2, 1),)),), ((),))))
KEY n=4 q=3 N=5 OBS=9565938 LAW=9565938 OK ((1, 2, ('V', 2, 0, ((0, 3), (2, 0)), ((0, 3, 2, 0, 2, 1, ((1, 1),)),), ((),))), (2, 1, ('SIMPLE',)))
KEY n=4 q=3 N=5 OBS=34992 LAW=34992 OK ((1, 2, ('V', 2, 0, ((0, 4), (1, 1), (2, 0)), ((0, 4, 1, 1, 1, 1, ((1, 1),)), (1, 1, 2, 0, 1, 1, ((1, 1),))), ((), ()))), (1, 2, ('V', 2, 0, ((0, 4), (1, 1), (2, 0)), ((0, 4, 1, 1, 1, 1, ((1, 1),)), (1, 1, 2, 0, 1, 1, ((1, 1),))), ((), ()))))
KEY n=4 q=3 N=5 OBS=5832 LAW=5832 OK ((1, 2, ('V', 2, 0, ((0, 4), (1, 1), (2, 0)), ((0, 4, 1, 1, 1, 1, ((1, 1),)), (1, 1, 2, 0, 1, 1, ((1, 1),))), ((), ()))), (1, 2, ('V', 2, 0, ((0, 4), (2, 0)), ((0, 4, 2, 0, 1, 2, ((1, 1), (1, 1))),), ((),))))
KEY n=4 q=3 N=5 OBS=17496 LAW=17496 OK ((1, 2, ('V', 2, 0, ((0, 4), (1, 1), (2, 0)), ((0, 4, 1, 1, 1, 1, ((1, 1),)), (1, 1, 2, 0, 1, 1, ((1, 1),))), ((), ()))), (1, 2, ('V', 2, 0, ((0, 4), (2, 0)), ((0, 4, 2, 0, 1, 2, ((2, 1),)),), ((),))))
KEY n=4 q=3 N=5 OBS=6377292 LAW=6377292 OK ((1, 2, ('V', 2, 0, ((0, 4), (1, 1), (2, 0)), ((0, 4, 1, 1, 1, 1, ((1, 1),)), (1, 1, 2, 0, 1, 1, ((1, 1),))), ((), ()))), (2, 1, ('SIMPLE',)))
KEY n=4 q=3 N=5 OBS=243 LAW=243 OK ((1, 2, ('V', 2, 0, ((0, 4), (2, 0)), ((0, 4, 2, 0, 1, 2, ((1, 1), (1, 1))),), ((),))), (1, 2, ('V', 2, 0, ((0, 4), (2, 0)), ((0, 4, 2, 0, 1, 2, ((1, 1), (1, 1))),), ((),))))
KEY n=4 q=3 N=5 OBS=1458 LAW=1458 OK ((1, 2, ('V', 2, 0, ((0, 4), (2, 0)), ((0, 4, 2, 0, 1, 2, ((1, 1), (1, 1))),), ((),))), (1, 2, ('V', 2, 0, ((0, 4), (2, 0)), ((0, 4, 2, 0, 1, 2, ((2, 1),)),), ((),))))
KEY n=4 q=3 N=5 OBS=531441 LAW=531441 OK ((1, 2, ('V', 2, 0, ((0, 4), (2, 0)), ((0, 4, 2, 0, 1, 2, ((1, 1), (1, 1))),), ((),))), (2, 1, ('SIMPLE',)))
KEY n=4 q=3 N=5 OBS=2187 LAW=2187 OK ((1, 2, ('V', 2, 0, ((0, 4), (2, 0)), ((0, 4, 2, 0, 1, 2, ((2, 1),)),), ((),))), (1, 2, ('V', 2, 0, ((0, 4), (2, 0)), ((0, 4, 2, 0, 1, 2, ((2, 1),)),), ((),))))
KEY n=4 q=3 N=5 OBS=1594323 LAW=1594323 OK ((1, 2, ('V', 2, 0, ((0, 4), (2, 0)), ((0, 4, 2, 0, 1, 2, ((2, 1),)),), ((),))), (2, 1, ('SIMPLE',)))
KEY n=4 q=3 N=5 OBS=86093442 LAW=86093442 OK ((1, 4, ('V', 4, 0, ((0, 1), (4, 0)), ((0, 1, 4, 0, 4, 1, ((1, 1),)),), ((),))),)
KEY n=4 q=3 N=5 OBS=19131876 LAW=19131876 OK ((1, 4, ('V', 4, 0, ((0, 2), (1, 1), (4, 0)), ((0, 2, 1, 1, 1, 1, ((1, 1),)), (1, 1, 4, 0, 3, 1, ((1, 1),))), ((), ()))),)
KEY n=4 q=3 N=5 OBS=1594323 LAW=1594323 OK ((1, 4, ('V', 4, 0, ((0, 2), (4, 0)), ((0, 2, 4, 0, 2, 2, ((1, 1), (1, 1))),), ((),))),)
KEY n=4 q=3 N=5 OBS=4782969 LAW=4782969 OK ((1, 4, ('V', 4, 0, ((0, 2), (4, 0)), ((0, 2, 4, 0, 2, 2, ((2, 1),)),), ((),))),)
KEY n=4 q=3 N=5 OBS=6377292 LAW=6377292 OK ((1, 4, ('V', 4, 0, ((0, 3), (1, 1), (4, 0)), ((0, 3, 1, 1, 1, 1, ((1, 1),)), (1, 1, 4, 0, 3, 1, ((1, 1),))), ((), ()))),)
KEY n=4 q=3 N=5 OBS=708588 LAW=708588 OK ((1, 4, ('V', 4, 0, ((0, 3), (1, 2), (4, 0)), ((0, 3, 1, 2, 1, 1, ((1, 1),)), (1, 2, 4, 0, 3, 1, ((1, 1),))), ((), ()))),)
KEY n=4 q=3 N=5 OBS=354294 LAW=354294 OK ((1, 4, ('V', 4, 0, ((0, 3), (2, 1), (4, 0)), ((0, 3, 2, 1, 1, 2, ((1, 1), (1, 1))), (2, 1, 4, 0, 2, 1, ((1, 1),))), ((), ()))),)
KEY n=4 q=3 N=5 OBS=472392 LAW=472392 OK ((1, 4, ('V', 4, 0, ((0, 3), (2, 1), (4, 0)), ((0, 3, 2, 1, 1, 2, ((1, 2),)), (2, 1, 4, 0, 2, 1, ((1, 1),))), ((('V', 2, 1, ((0, 3), (2, 0)), ((0, 3, 2, 0, 2, 1, ((1, 1),)),), ((),)),), ()))),)
KEY n=4 q=3 N=5 OBS=26244 LAW=26244 OK ((1, 4, ('V', 4, 0, ((0, 3), (2, 1), (4, 0)), ((0, 3, 2, 1, 1, 2, ((1, 2),)), (2, 1, 4, 0, 2, 1, ((1, 1),))), ((('V', 2, 1, ((0, 4), (2, 0)), ((0, 4, 2, 0, 1, 2, ((1, 1), (1, 1))),), ((),)),), ()))),)
KEY n=4 q=3 N=5 OBS=78732 LAW=78732 OK ((1, 4, ('V', 4, 0, ((0, 3), (2, 1), (4, 0)), ((0, 3, 2, 1, 1, 2, ((1, 2),)), (2, 1, 4, 0, 2, 1, ((1, 1),))), ((('V', 2, 1, ((0, 4), (2, 0)), ((0, 4, 2, 0, 1, 2, ((2, 1),)),), ((),)),), ()))),)
KEY n=4 q=3 N=5 OBS=1062882 LAW=1062882 OK ((1, 4, ('V', 4, 0, ((0, 3), (2, 1), (4, 0)), ((0, 3, 2, 1, 1, 2, ((2, 1),)), (2, 1, 4, 0, 2, 1, ((1, 1),))), ((), ()))),)
KEY n=4 q=3 N=5 OBS=354294 LAW=354294 OK ((1, 4, ('V', 4, 0, ((0, 3), (4, 0)), ((0, 3, 4, 0, 4, 1, ((1, 1),)),), ((),))),)
KEY n=4 q=3 N=5 OBS=2125764 LAW=2125764 OK ((1, 4, ('V', 4, 0, ((0, 4), (1, 1), (4, 0)), ((0, 4, 1, 1, 1, 1, ((1, 1),)), (1, 1, 4, 0, 3, 1, ((1, 1),))), ((), ()))),)
KEY n=4 q=3 N=5 OBS=472392 LAW=472392 OK ((1, 4, ('V', 4, 0, ((0, 4), (1, 2), (2, 1), (4, 0)), ((0, 4, 1, 2, 1, 1, ((1, 1),)), (1, 2, 2, 1, 1, 1, ((1, 1),)), (2, 1, 4, 0, 2, 1, ((1, 1),))), ((), (), ()))),)
KEY n=4 q=3 N=5 OBS=236196 LAW=236196 OK ((1, 4, ('V', 4, 0, ((0, 4), (1, 2), (4, 0)), ((0, 4, 1, 2, 1, 1, ((1, 1),)), (1, 2, 4, 0, 3, 1, ((1, 1),))), ((), ()))),)
KEY n=4 q=3 N=5 OBS=236196 LAW=236196 OK ((1, 4, ('V', 4, 0, ((0, 4), (2, 1), (4, 0)), ((0, 4, 2, 1, 2, 1, ((1, 1),)), (2, 1, 4, 0, 2, 1, ((1, 1),))), ((), ()))),)
KEY n=4 q=3 N=5 OBS=6561 LAW=6561 OK ((1, 4, ('V', 4, 0, ((0, 4), (4, 0)), ((0, 4, 4, 0, 1, 4, ((1, 1), (1, 1), (2, 1))),), ((),))),)
KEY n=4 q=3 N=5 OBS=2916 LAW=2916 OK ((1, 4, ('V', 4, 0, ((0, 4), (4, 0)), ((0, 4, 4, 0, 1, 4, ((1, 1), (1, 3))),), ((('V', 3, 1, ((0, 4), (3, 0)), ((0, 4, 3, 0, 3, 1, ((1, 1),)),), ((),)),),))),)
KEY n=4 q=3 N=5 OBS=34992 LAW=34992 OK ((1, 4, ('V', 4, 0, ((0, 4), (4, 0)), ((0, 4, 4, 0, 1, 4, ((1, 1), (3, 1))),), ((),))),)
KEY n=4 q=3 N=5 OBS=972 LAW=972 OK ((1, 4, ('V', 4, 0, ((0, 4), (4, 0)), ((0, 4, 4, 0, 1, 4, ((1, 2), (1, 2))),), ((('V', 2, 1, ((0, 3), (2, 0)), ((0, 3, 2, 0, 2, 1, ((1, 1),)),), ((),)), ('V', 2, 1, ((0, 3), (2, 0)), ((0, 3, 2, 0, 2, 1, ((1, 1),)),), ((),))),))),)
KEY n=4 q=3 N=5 OBS=108 LAW=108 OK ((1, 4, ('V', 4, 0, ((0, 4), (4, 0)), ((0, 4, 4, 0, 1, 4, ((1, 2), (1, 2))),), ((('V', 2, 1, ((0, 3), (2, 0)), ((0, 3, 2, 0, 2, 1, ((1, 1),)),), ((),)), ('V', 2, 1, ((0, 4), (2, 0)), ((0, 4, 2, 0, 1, 2, ((1, 1), (1, 1))),), ((),))),))),)
KEY n=4 q=3 N=5 OBS=324 LAW=324 OK ((1, 4, ('V', 4, 0, ((0, 4), (4, 0)), ((0, 4, 4, 0, 1, 4, ((1, 2), (1, 2))),), ((('V', 2, 1, ((0, 3), (2, 0)), ((0, 3, 2, 0, 2, 1, ((1, 1),)),), ((),)), ('V', 2, 1, ((0, 4), (2, 0)), ((0, 4, 2, 0, 1, 2, ((2, 1),)),), ((),))),))),)
KEY n=4 q=3 N=5 OBS=3 LAW=3 OK ((1, 4, ('V', 4, 0, ((0, 4), (4, 0)), ((0, 4, 4, 0, 1, 4, ((1, 2), (1, 2))),), ((('V', 2, 1, ((0, 4), (2, 0)), ((0, 4, 2, 0, 1, 2, ((1, 1), (1, 1))),), ((),)), ('V', 2, 1, ((0, 4), (2, 0)), ((0, 4, 2, 0, 1, 2, ((1, 1), (1, 1))),), ((),))),))),)
KEY n=4 q=3 N=5 OBS=18 LAW=18 OK ((1, 4, ('V', 4, 0, ((0, 4), (4, 0)), ((0, 4, 4, 0, 1, 4, ((1, 2), (1, 2))),), ((('V', 2, 1, ((0, 4), (2, 0)), ((0, 4, 2, 0, 1, 2, ((1, 1), (1, 1))),), ((),)), ('V', 2, 1, ((0, 4), (2, 0)), ((0, 4, 2, 0, 1, 2, ((2, 1),)),), ((),))),))),)
KEY n=4 q=3 N=5 OBS=27 LAW=27 OK ((1, 4, ('V', 4, 0, ((0, 4), (4, 0)), ((0, 4, 4, 0, 1, 4, ((1, 2), (1, 2))),), ((('V', 2, 1, ((0, 4), (2, 0)), ((0, 4, 2, 0, 1, 2, ((2, 1),)),), ((),)), ('V', 2, 1, ((0, 4), (2, 0)), ((0, 4, 2, 0, 1, 2, ((2, 1),)),), ((),))),))),)
KEY n=4 q=3 N=5 OBS=8748 LAW=8748 OK ((1, 4, ('V', 4, 0, ((0, 4), (4, 0)), ((0, 4, 4, 0, 1, 4, ((1, 2), (2, 1))),), ((('V', 2, 1, ((0, 3), (2, 0)), ((0, 3, 2, 0, 2, 1, ((1, 1),)),), ((),)),),))),)
KEY n=4 q=3 N=5 OBS=486 LAW=486 OK ((1, 4, ('V', 4, 0, ((0, 4), (4, 0)), ((0, 4, 4, 0, 1, 4, ((1, 2), (2, 1))),), ((('V', 2, 1, ((0, 4), (2, 0)), ((0, 4, 2, 0, 1, 2, ((1, 1), (1, 1))),), ((),)),),))),)
KEY n=4 q=3 N=5 OBS=1458 LAW=1458 OK ((1, 4, ('V', 4, 0, ((0, 4), (4, 0)), ((0, 4, 4, 0, 1, 4, ((1, 2), (2, 1))),), ((('V', 2, 1, ((0, 4), (2, 0)), ((0, 4, 2, 0, 1, 2, ((2, 1),)),), ((),)),),))),)
KEY n=4 q=3 N=5 OBS=6561 LAW=6561 OK ((1, 4, ('V', 4, 0, ((0, 4), (4, 0)), ((0, 4, 4, 0, 1, 4, ((2, 1), (2, 1))),), ((),))),)
KEY n=4 q=3 N=5 OBS=39366 LAW=39366 OK ((1, 4, ('V', 4, 0, ((0, 4), (4, 0)), ((0, 4, 4, 0, 1, 4, ((4, 1),)),), ((),))),)
KEY n=4 q=3 N=5 OBS=129140163 LAW=129140163 OK ((2, 1, ('SIMPLE',)), (2, 1, ('SIMPLE',)))
KEY n=4 q=3 N=5 OBS=114791256 LAW=114791256 OK ((2, 2, ('V', 2, 0, ((0, 1), (2, 0)), ((0, 1, 2, 0, 2, 1, ((1, 1),)),), ((),))),)
KEY n=4 q=3 N=5 OBS=4960116 LAW=4960116 OK ((2, 2, ('V', 2, 0, ((0, 2), (2, 0)), ((0, 2, 2, 0, 1, 2, ((1, 1), (1, 1))),), ((),))),)
KEY n=4 q=3 N=5 OBS=1259712 LAW=1259712 OK ((2, 2, ('V', 2, 0, ((0, 2), (2, 0)), ((0, 2, 2, 0, 1, 2, ((1, 2),)),), ((('V', 2, 1, ((0, 3), (2, 0)), ((0, 3, 2, 0, 2, 1, ((1, 1),)),), ((),)),),))),)
KEY n=4 q=3 N=5 OBS=54432 LAW=54432 OK ((2, 2, ('V', 2, 0, ((0, 2), (2, 0)), ((0, 2, 2, 0, 1, 2, ((1, 2),)),), ((('V', 2, 1, ((0, 4), (2, 0)), ((0, 4, 2, 0, 1, 2, ((1, 1), (1, 1))),), ((),)),),))),)
KEY n=4 q=3 N=5 OBS=69984 LAW=69984 OK ((2, 2, ('V', 2, 0, ((0, 2), (2, 0)), ((0, 2, 2, 0, 1, 2, ((1, 2),)),), ((('V', 2, 1, ((0, 4), (2, 0)), ((0, 4, 2, 0, 1, 2, ((2, 1),)),), ((),)),),))),)
KEY n=4 q=3 N=5 OBS=6377292 LAW=6377292 OK ((2, 2, ('V', 2, 0, ((0, 2), (2, 0)), ((0, 2, 2, 0, 1, 2, ((2, 1),)),), ((),))),)
KEY n=4 q=3 N=5 OBS=1259712 LAW=1259712 OK ((2, 2, ('V', 2, 0, ((0, 3), (1, 1), (2, 0)), ((0, 3, 1, 1, 1, 1, ((1, 1),)), (1, 1, 2, 0, 1, 1, ((1, 1),))), ((), ()))),)
KEY n=4 q=3 N=5 OBS=157464 LAW=157464 OK ((2, 2, ('V', 2, 0, ((0, 3), (2, 0)), ((0, 3, 2, 0, 2, 1, ((1, 1),)),), ((),))),)
KEY n=4 q=3 N=5 OBS=139968 LAW=139968 OK ((2, 2, ('V', 2, 0, ((0, 4), (1, 1), (2, 0)), ((0, 4, 1, 1, 1, 1, ((1, 1),)), (1, 1, 2, 0, 1, 1, ((1, 1),))), ((), ()))),)
KEY n=4 q=3 N=5 OBS=6804 LAW=6804 OK ((2, 2, ('V', 2, 0, ((0, 4), (2, 0)), ((0, 4, 2, 0, 1, 2, ((1, 1), (1, 1))),), ((),))),)
KEY n=4 q=3 N=5 OBS=8748 LAW=8748 OK ((2, 2, ('V', 2, 0, ((0, 4), (2, 0)), ((0, 4, 2, 0, 1, 2, ((2, 1),)),), ((),))),)
KEY n=4 q=3 N=5 OBS=774840978 LAW=774840978 OK ((4, 1, ('SIMPLE',)),)
CONTROL-L0 q=3 N=5 keys=11 OK
KEY n=4 q=3 N=6 OBS=6973568802 LAW=6973568802 OK ((1, 1, ('SIMPLE',)), (1, 1, ('SIMPLE',)), (1, 2, ('V', 2, 0, ((0, 1), (2, 0)), ((0, 1, 2, 0, 2, 1, ((1, 1),)),), ((),))))
KEY n=4 q=3 N=6 OBS=387420489 LAW=387420489 OK ((1, 1, ('SIMPLE',)), (1, 1, ('SIMPLE',)), (1, 2, ('V', 2, 0, ((0, 2), (2, 0)), ((0, 2, 2, 0, 1, 2, ((1, 1), (1, 1))),), ((),))))
KEY n=4 q=3 N=6 OBS=516560652 LAW=516560652 OK ((1, 1, ('SIMPLE',)), (1, 1, ('SIMPLE',)), (1, 2, ('V', 2, 0, ((0, 2), (2, 0)), ((0, 2, 2, 0, 1, 2, ((1, 2),)),), ((('V', 2, 1, ((0, 3), (2, 0)), ((0, 3, 2, 0, 2, 1, ((1, 1),)),), ((),)),),))))
KEY n=4 q=3 N=6 OBS=28697814 LAW=28697814 OK ((1, 1, ('SIMPLE',)), (1, 1, ('SIMPLE',)), (1, 2, ('V', 2, 0, ((0, 2), (2, 0)), ((0, 2, 2, 0, 1, 2, ((1, 2),)),), ((('V', 2, 1, ((0, 4), (2, 0)), ((0, 4, 2, 0, 1, 2, ((1, 1), (1, 1))),), ((),)),),))))
KEY n=4 q=3 N=6 OBS=38263752 LAW=38263752 OK ((1, 1, ('SIMPLE',)), (1, 1, ('SIMPLE',)), (1, 2, ('V', 2, 0, ((0, 2), (2, 0)), ((0, 2, 2, 0, 1, 2, ((1, 2),)),), ((('V', 2, 1, ((0, 4), (2, 0)), ((0, 4, 2, 0, 1, 2, ((1, 2),)),), ((('V', 2, 2, ((0, 5), (2, 0)), ((0, 5, 2, 0, 2, 1, ((1, 1),)),), ((),)),),)),),))))
KEY n=4 q=3 N=6 OBS=86093442 LAW=86093442 OK ((1, 1, ('SIMPLE',)), (1, 1, ('SIMPLE',)), (1, 2, ('V', 2, 0, ((0, 2), (2, 0)), ((0, 2, 2, 0, 1, 2, ((1, 2),)),), ((('V', 2, 1, ((0, 4), (2, 0)), ((0, 4, 2, 0, 1, 2, ((2, 1),)),), ((),)),),))))
KEY n=4 q=3 N=6 OBS=38263752 LAW=38263752 OK ((1, 1, ('SIMPLE',)), (1, 1, ('SIMPLE',)), (1, 2, ('V', 2, 0, ((0, 2), (2, 0)), ((0, 2, 2, 0, 1, 2, ((1, 2),)),), ((('V', 2, 1, ((0, 5), (1, 2), (2, 0)), ((0, 5, 1, 2, 1, 1, ((1, 1),)), (1, 2, 2, 0, 1, 1, ((1, 1),))), ((), ())),),))))
KEY n=4 q=3 N=6 OBS=19131876 LAW=19131876 OK ((1, 1, ('SIMPLE',)), (1, 1, ('SIMPLE',)), (1, 2, ('V', 2, 0, ((0, 2), (2, 0)), ((0, 2, 2, 0, 1, 2, ((1, 2),)),), ((('V', 2, 1, ((0, 5), (2, 0)), ((0, 5, 2, 0, 2, 1, ((1, 1),)),), ((),)),),))))
KEY n=4 q=3 N=6 OBS=1162261467 LAW=1162261467 OK ((1, 1, ('SIMPLE',)), (1, 1, ('SIMPLE',)), (1, 2, ('V', 2, 0, ((0, 2), (2, 0)), ((0, 2, 2, 0, 1, 2, ((2, 1),)),), ((),))))
KEY n=4 q=3 N=6 OBS=516560652 LAW=516560652 OK ((1, 1, ('SIMPLE',)), (1, 1, ('SIMPLE',)), (1, 2, ('V', 2, 0, ((0, 3), (1, 1), (2, 0)), ((0, 3, 1, 1, 1, 1, ((1, 1),)), (1, 1, 2, 0, 1, 1, ((1, 1),))), ((), ()))))
KEY n=4 q=3 N=6 OBS=258280326 LAW=258280326 OK ((1, 1, ('SIMPLE',)), (1, 1, ('SIMPLE',)), (1, 2, ('V', 2, 0, ((0, 3), (2, 0)), ((0, 3, 2, 0, 2, 1, ((1, 1),)),), ((),))))
KEY n=4 q=3 N=6 OBS=172186884 LAW=172186884 OK ((1, 1, ('SIMPLE',)), (1, 1, ('SIMPLE',)), (1, 2, ('V', 2, 0, ((0, 4), (1, 1), (2, 0)), ((0, 4, 1, 1, 1, 1, ((1, 1),)), (1, 1, 2, 0, 1, 1, ((1, 1),))), ((), ()))))
KEY n=4 q=3 N=6 OBS=14348907 LAW=14348907 OK ((1, 1, ('SIMPLE',)), (1, 1, ('SIMPLE',)), (1, 2, ('V', 2, 0, ((0, 4), (2, 0)), ((0, 4, 2, 0, 1, 2, ((1, 1), (1, 1))),), ((),))))
KEY n=4 q=3 N=6 OBS=19131876 LAW=19131876 OK ((1, 1, ('SIMPLE',)), (1, 1, ('SIMPLE',)), (1, 2, ('V', 2, 0, ((0, 4), (2, 0)), ((0, 4, 2, 0, 1, 2, ((1, 2),)),), ((('V', 2, 2, ((0, 5), (2, 0)), ((0, 5, 2, 0, 2, 1, ((1, 1),)),), ((),)),),))))
KEY n=4 q=3 N=6 OBS=43046721 LAW=43046721 OK ((1, 1, ('SIMPLE',)), (1, 1, ('SIMPLE',)), (1, 2, ('V', 2, 0, ((0, 4), (2, 0)), ((0, 4, 2, 0, 1, 2, ((2, 1),)),), ((),))))
KEY n=4 q=3 N=6 OBS=57395628 LAW=57395628 OK ((1, 1, ('SIMPLE',)), (1, 1, ('SIMPLE',)), (1, 2, ('V', 2, 0, ((0, 5), (1, 1), (2, 0)), ((0, 5, 1, 1, 1, 1, ((1, 1),)), (1, 1, 2, 0, 1, 1, ((1, 1),))), ((), ()))))
KEY n=4 q=3 N=6 OBS=19131876 LAW=19131876 OK ((1, 1, ('SIMPLE',)), (1, 1, ('SIMPLE',)), (1, 2, ('V', 2, 0, ((0, 5), (1, 2), (2, 0)), ((0, 5, 1, 2, 1, 1, ((1, 1),)), (1, 2, 2, 0, 1, 1, ((1, 1),))), ((), ()))))
KEY n=4 q=3 N=6 OBS=9565938 LAW=9565938 OK ((1, 1, ('SIMPLE',)), (1, 1, ('SIMPLE',)), (1, 2, ('V', 2, 0, ((0, 5), (2, 0)), ((0, 5, 2, 0, 2, 1, ((1, 1),)),), ((),))))
KEY n=4 q=3 N=6 OBS=31381059609 LAW=31381059609 OK ((1, 1, ('SIMPLE',)), (1, 1, ('SIMPLE',)), (2, 1, ('SIMPLE',)))
KEY n=4 q=3 N=6 OBS=13947137604 LAW=13947137604 OK ((1, 1, ('SIMPLE',)), (1, 3, ('V', 3, 0, ((0, 1), (3, 0)), ((0, 1, 3, 0, 3, 1, ((1, 1),)),), ((),))))
KEY n=4 q=3 N=6 OBS=3099363912 LAW=3099363912 OK ((1, 1, ('SIMPLE',)), (1, 3, ('V', 3, 0, ((0, 2), (1, 1), (3, 0)), ((0, 2, 1, 1, 1, 1, ((1, 1),)), (1, 1, 3, 0, 2, 1, ((1, 1),))), ((), ()))))
KEY n=4 q=3 N=6 OBS=1549681956 LAW=1549681956 OK ((1, 1, ('SIMPLE',)), (1, 3, ('V', 3, 0, ((0, 2), (3, 0)), ((0, 2, 3, 0, 3, 1, ((1, 1),)),), ((),))))
KEY n=4 q=3 N=6 OBS=1033121304 LAW=1033121304 OK ((1, 1, ('SIMPLE',)), (1, 3, ('V', 3, 0, ((0, 3), (1, 1), (3, 0)), ((0, 3, 1, 1, 1, 1, ((1, 1),)), (1, 1, 3, 0, 2, 1, ((1, 1),))), ((), ()))))
KEY n=4 q=3 N=6 OBS=38263752 LAW=38263752 OK ((1, 1, ('SIMPLE',)), (1, 3, ('V', 3, 0, ((0, 3), (3, 0)), ((0, 3, 3, 0, 1, 3, ((1, 1), (1, 2))),), ((('V', 2, 1, ((0, 3), (2, 0)), ((0, 3, 2, 0, 2, 1, ((1, 1),)),), ((),)),),))))
KEY n=4 q=3 N=6 OBS=2125764 LAW=2125764 OK ((1, 1, ('SIMPLE',)), (1, 3, ('V', 3, 0, ((0, 3), (3, 0)), ((0, 3, 3, 0, 1, 3, ((1, 1), (1, 2))),), ((('V', 2, 1, ((0, 4), (2, 0)), ((0, 4, 2, 0, 1, 2, ((1, 1), (1, 1))),), ((),)),),))))
KEY n=4 q=3 N=6 OBS=2834352 LAW=2834352 OK ((1, 1, ('SIMPLE',)), (1, 3, ('V', 3, 0, ((0, 3), (3, 0)), ((0, 3, 3, 0, 1, 3, ((1, 1), (1, 2))),), ((('V', 2, 1, ((0, 4), (2, 0)), ((0, 4, 2, 0, 1, 2, ((1, 2),)),), ((('V', 2, 2, ((0, 5), (2, 0)), ((0, 5, 2, 0, 2, 1, ((1, 1),)),), ((),)),),)),),))))
KEY n=4 q=3 N=6 OBS=6377292 LAW=6377292 OK ((1, 1, ('SIMPLE',)), (1, 3, ('V', 3, 0, ((0, 3), (3, 0)), ((0, 3, 3, 0, 1, 3, ((1, 1), (1, 2))),), ((('V', 2, 1, ((0, 4), (2, 0)), ((0, 4, 2, 0, 1, 2, ((2, 1),)),), ((),)),),))))
KEY n=4 q=3 N=6 OBS=2834352 LAW=2834352 OK ((1, 1, ('SIMPLE',)), (1, 3, ('V', 3, 0, ((0, 3), (3, 0)), ((0, 3, 3, 0, 1, 3, ((1, 1), (1, 2))),), ((('V', 2, 1, ((0, 5), (1, 2), (2, 0)), ((0, 5, 1, 2, 1, 1, ((1, 1),)), (1, 2, 2, 0, 1, 1, ((1, 1),))), ((), ())),),))))
KEY n=4 q=3 N=6 OBS=1417176 LAW=1417176 OK ((1, 1, ('SIMPLE',)), (1, 3, ('V', 3, 0, ((0, 3), (3, 0)), ((0, 3, 3, 0, 1, 3, ((1, 1), (1, 2))),), ((('V', 2, 1, ((0, 5), (2, 0)), ((0, 5, 2, 0, 2, 1, ((1, 1),)),), ((),)),),))))
KEY n=4 q=3 N=6 OBS=172186884 LAW=172186884 OK ((1, 1, ('SIMPLE',)), (1, 3, ('V', 3, 0, ((0, 3), (3, 0)), ((0, 3, 3, 0, 1, 3, ((1, 1), (2, 1))),), ((),))))
KEY n=4 q=3 N=6 OBS=38263752 LAW=38263752 OK ((1, 1, ('SIMPLE',)), (1, 3, ('V', 3, 0, ((0, 3), (3, 0)), ((0, 3, 3, 0, 1, 3, ((1, 3),)),), ((('V', 3, 1, ((0, 4), (3, 0)), ((0, 4, 3, 0, 3, 1, ((1, 1),)),), ((),)),),))))
KEY n=4 q=3 N=6 OBS=8503056 LAW=8503056 OK ((1, 1, ('SIMPLE',)), (1, 3, ('V', 3, 0, ((0, 3), (3, 0)), ((0, 3, 3, 0, 1, 3, ((1, 3),)),), ((('V', 3, 1, ((0, 5), (1, 3), (3, 0)), ((0, 5, 1, 3, 1, 1, ((1, 1),)), (1, 3, 3, 0, 2, 1, ((1, 1),))), ((), ())),),))))
KEY n=4 q=3 N=6 OBS=4251528 LAW=4251528 OK ((1, 1, ('SIMPLE',)), (1, 3, ('V', 3, 0, ((0, 3), (3, 0)), ((0, 3, 3, 0, 1, 3, ((1, 3),)),), ((('V', 3, 1, ((0, 5), (3, 0)), ((0, 5, 3, 0, 3, 1, ((1, 1),)),), ((),)),),))))
KEY n=4 q=3 N=6 OBS=229582512 LAW=229582512 OK ((1, 1, ('SIMPLE',)), (1, 3, ('V', 3, 0, ((0, 3), (3, 0)), ((0, 3, 3, 0, 1, 3, ((3, 1),)),), ((),))))
KEY n=4 q=3 N=6 OBS=344373768 LAW=344373768 OK ((1, 1, ('SIMPLE',)), (1, 3, ('V', 3, 0, ((0, 4), (1, 1), (3, 0)), ((0, 4, 1, 1, 1, 1, ((1, 1),)), (1, 1, 3, 0, 2, 1, ((1, 1),))), ((), ()))))
KEY n=4 q=3 N=6 OBS=19131876 LAW=19131876 OK ((1, 1, ('SIMPLE',)), (1, 3, ('V', 3, 0, ((0, 4), (1, 2), (3, 0)), ((0, 4, 1, 2, 1, 1, ((1, 1),)), (1, 2, 3, 0, 1, 2, ((1, 1), (1, 1)))), ((), ()))))
KEY n=4 q=3 N=6 OBS=25509168 LAW=25509168 OK ((1, 1, ('SIMPLE',)), (1, 3, ('V', 3, 0, ((0, 4), (1, 2), (3, 0)), ((0, 4, 1, 2, 1, 1, ((1, 1),)), (1, 2, 3, 0, 1, 2, ((1, 2),))), ((), (('V', 2, 1, ((0, 3), (2, 0)), ((0, 3, 2, 0, 2, 1, ((1, 1),)),), ((),)),)))))
KEY n=4 q=3 N=6 OBS=1417176 LAW=1417176 OK ((1, 1, ('SIMPLE',)), (1, 3, ('V', 3, 0, ((0, 4), (1, 2), (3, 0)), ((0, 4, 1, 2, 1, 1, ((1, 1),)), (1, 2, 3, 0, 1, 2, ((1, 2),))), ((), (('V', 2, 1, ((0, 4), (2, 0)), ((0, 4, 2, 0, 1, 2, ((1, 1), (1, 1))),), ((),)),)))))
KEY n=4 q=3 N=6 OBS=1889568 LAW=1889568 OK ((1, 1, ('SIMPLE',)), (1, 3, ('V', 3, 0, ((0, 4), (1, 2), (3, 0)), ((0, 4, 1, 2, 1, 1, ((1, 1),)), (1, 2, 3, 0, 1, 2, ((1, 2),))), ((), (('V', 2, 1, ((0, 4), (2, 0)), ((0, 4, 2, 0, 1, 2, ((1, 2),)),), ((('V', 2, 2, ((0, 5), (2, 0)), ((0, 5, 2, 0, 2, 1, ((1, 1),)),), ((),)),),)),)))))
KEY n=4 q=3 N=6 OBS=4251528 LAW=4251528 OK ((1, 1, ('SIMPLE',)), (1, 3, ('V', 3, 0, ((0, 4), (1, 2), (3, 0)), ((0, 4, 1, 2, 1, 1, ((1, 1),)), (1, 2, 3, 0, 1, 2, ((1, 2),))), ((), (('V', 2, 1, ((0, 4), (2, 0)), ((0, 4, 2, 0, 1, 2, ((2, 1),)),), ((),)),)))))
KEY n=4 q=3 N=6 OBS=1889568 LAW=1889568 OK ((1, 1, ('SIMPLE',)), (1, 3, ('V', 3, 0, ((0, 4), (1, 2), (3, 0)), ((0, 4, 1, 2, 1, 1, ((1, 1),)), (1, 2, 3, 0, 1, 2, ((1, 2),))), ((), (('V', 2, 1, ((0, 5), (1, 2), (2, 0)), ((0, 5, 1, 2, 1, 1, ((1, 1),)), (1, 2, 2, 0, 1, 1, ((1, 1),))), ((), ())),)))))
KEY n=4 q=3 N=6 OBS=944784 LAW=944784 OK ((1, 1, ('SIMPLE',)), (1, 3, ('V', 3, 0, ((0, 4), (1, 2), (3, 0)), ((0, 4, 1, 2, 1, 1, ((1, 1),)), (1, 2, 3, 0, 1, 2, ((1, 2),))), ((), (('V', 2, 1, ((0, 5), (2, 0)), ((0, 5, 2, 0, 2, 1, ((1, 1),)),), ((),)),)))))
KEY n=4 q=3 N=6 OBS=57395628 LAW=57395628 OK ((1, 1, ('SIMPLE',)), (1, 3, ('V', 3, 0, ((0, 4), (1, 2), (3, 0)), ((0, 4, 1, 2, 1, 1, ((1, 1),)), (1, 2, 3, 0, 1, 2, ((2, 1),))), ((), ()))))
KEY n=4 q=3 N=6 OBS=38263752 LAW=38263752 OK ((1, 1, ('SIMPLE',)), (1, 3, ('V', 3, 0, ((0, 4), (2, 1), (3, 0)), ((0, 4, 2, 1, 2, 1, ((1, 1),)), (2, 1, 3, 0, 1, 1, ((1, 1),))), ((), ()))))
KEY n=4 q=3 N=6 OBS=19131876 LAW=19131876 OK ((1, 1, ('SIMPLE',)), (1, 3, ('V', 3, 0, ((0, 4), (3, 0)), ((0, 4, 3, 0, 3, 1, ((1, 1),)),), ((),))))
KEY n=4 q=3 N=6 OBS=114791256 LAW=114791256 OK ((1, 1, ('SIMPLE',)), (1, 3, ('V', 3, 0, ((0, 5), (1, 1), (3, 0)), ((0, 5, 1, 1, 1, 1, ((1, 1),)), (1, 1, 3, 0, 2, 1, ((1, 1),))), ((), ()))))
KEY n=4 q=3 N=6 OBS=6377292 LAW=6377292 OK ((1, 1, ('SIMPLE',)), (1, 3, ('V', 3, 0, ((0, 5), (1, 2), (3, 0)), ((0, 5, 1, 2, 1, 1, ((1, 1),)), (1, 2, 3, 0, 1, 2, ((1, 1), (1, 1)))), ((), ()))))
KEY n=4 q=3 N=6 OBS=8503056 LAW=8503056 OK ((1, 1, ('SIMPLE',)), (1, 3, ('V', 3, 0, ((0, 5), (1, 2), (3, 0)), ((0, 5, 1, 2, 1, 1, ((1, 1),)), (1, 2, 3, 0, 1, 2, ((1, 2),))), ((), (('V', 2, 1, ((0, 3), (2, 0)), ((0, 3, 2, 0, 2, 1, ((1, 1),)),), ((),)),)))))
KEY n=4 q=3 N=6 OBS=472392 LAW=472392 OK ((1, 1, ('SIMPLE',)), (1, 3, ('V', 3, 0, ((0, 5), (1, 2), (3, 0)), ((0, 5, 1, 2, 1, 1, ((1, 1),)), (1, 2, 3, 0, 1, 2, ((1, 2),))), ((), (('V', 2, 1, ((0, 4), (2, 0)), ((0, 4, 2, 0, 1, 2, ((1, 1), (1, 1))),), ((),)),)))))
KEY n=4 q=3 N=6 OBS=629856 LAW=629856 OK ((1, 1, ('SIMPLE',)), (1, 3, ('V', 3, 0, ((0, 5), (1, 2), (3, 0)), ((0, 5, 1, 2, 1, 1, ((1, 1),)), (1, 2, 3, 0, 1, 2, ((1, 2),))), ((), (('V', 2, 1, ((0, 4), (2, 0)), ((0, 4, 2, 0, 1, 2, ((1, 2),)),), ((('V', 2, 2, ((0, 5), (2, 0)), ((0, 5, 2, 0, 2, 1, ((1, 1),)),), ((),)),),)),)))))
KEY n=4 q=3 N=6 OBS=1417176 LAW=1417176 OK ((1, 1, ('SIMPLE',)), (1, 3, ('V', 3, 0, ((0, 5), (1, 2), (3, 0)), ((0, 5, 1, 2, 1, 1, ((1, 1),)), (1, 2, 3, 0, 1, 2, ((1, 2),))), ((), (('V', 2, 1, ((0, 4), (2, 0)), ((0, 4, 2, 0, 1, 2, ((2, 1),)),), ((),)),)))))
KEY n=4 q=3 N=6 OBS=629856 LAW=629856 OK ((1, 1, ('SIMPLE',)), (1, 3, ('V', 3, 0, ((0, 5), (1, 2), (3, 0)), ((0, 5, 1, 2, 1, 1, ((1, 1),)), (1, 2, 3, 0, 1, 2, ((1, 2),))), ((), (('V', 2, 1, ((0, 5), (1, 2), (2, 0)), ((0, 5, 1, 2, 1, 1, ((1, 1),)), (1, 2, 2, 0, 1, 1, ((1, 1),))), ((), ())),)))))
KEY n=4 q=3 N=6 OBS=314928 LAW=314928 OK ((1, 1, ('SIMPLE',)), (1, 3, ('V', 3, 0, ((0, 5), (1, 2), (3, 0)), ((0, 5, 1, 2, 1, 1, ((1, 1),)), (1, 2, 3, 0, 1, 2, ((1, 2),))), ((), (('V', 2, 1, ((0, 5), (2, 0)), ((0, 5, 2, 0, 2, 1, ((1, 1),)),), ((),)),)))))
KEY n=4 q=3 N=6 OBS=19131876 LAW=19131876 OK ((1, 1, ('SIMPLE',)), (1, 3, ('V', 3, 0, ((0, 5), (1, 2), (3, 0)), ((0, 5, 1, 2, 1, 1, ((1, 1),)), (1, 2, 3, 0, 1, 2, ((2, 1),))), ((), ()))))
KEY n=4 q=3 N=6 OBS=4251528 LAW=4251528 OK ((1, 1, ('SIMPLE',)), (1, 3, ('V', 3, 0, ((0, 5), (1, 3), (3, 0)), ((0, 5, 1, 3, 1, 1, ((1, 1),)), (1, 3, 3, 0, 2, 1, ((1, 1),))), ((), ()))))
KEY n=4 q=3 N=6 OBS=2125764 LAW=2125764 OK ((1, 1, ('SIMPLE',)), (1, 3, ('V', 3, 0, ((0, 5), (2, 1), (3, 0)), ((0, 5, 2, 1, 1, 2, ((1, 1), (1, 1))), (2, 1, 3, 0, 1, 1, ((1, 1),))), ((), ()))))
KEY n=4 q=3 N=6 OBS=2834352 LAW=2834352 OK ((1, 1, ('SIMPLE',)), (1, 3, ('V', 3, 0, ((0, 5), (2, 1), (3, 0)), ((0, 5, 2, 1, 1, 2, ((1, 2),)), (2, 1, 3, 0, 1, 1, ((1, 1),))), ((('V', 2, 2, ((0, 5), (2, 0)), ((0, 5, 2, 0, 2, 1, ((1, 1),)),), ((),)),), ()))))
KEY n=4 q=3 N=6 OBS=6377292 LAW=6377292 OK ((1, 1, ('SIMPLE',)), (1, 3, ('V', 3, 0, ((0, 5), (2, 1), (3, 0)), ((0, 5, 2, 1, 1, 2, ((2, 1),)), (2, 1, 3, 0, 1, 1, ((1, 1),))), ((), ()))))
KEY n=4 q=3 N=6 OBS=2125764 LAW=2125764 OK ((1, 1, ('SIMPLE',)), (1, 3, ('V', 3, 0, ((0, 5), (3, 0)), ((0, 5, 3, 0, 3, 1, ((1, 1),)),), ((),))))
KEY n=4 q=3 N=6 OBS=83682825624 LAW=83682825624 OK ((1, 1, ('SIMPLE',)), (3, 1, ('SIMPLE',)))
KEY n=4 q=3 N=6 OBS=4649045868 LAW=4649045868 OK ((1, 2, ('V', 2, 0, ((0, 1), (2, 0)), ((0, 1, 2, 0, 2, 1, ((1, 1),)),), ((),))), (1, 2, ('V', 2, 0, ((0, 1), (2, 0)), ((0, 1, 2, 0, 2, 1, ((1, 1),)),), ((),))))
KEY n=4 q=3 N=6 OBS=516560652 LAW=516560652 OK ((1, 2, ('V', 2, 0, ((0, 1), (2, 0)), ((0, 1, 2, 0, 2, 1, ((1, 1),)),), ((),))), (1, 2, ('V', 2, 0, ((0, 2), (2, 0)), ((0, 2, 2, 0, 1, 2, ((1, 1), (1, 1))),), ((),))))
KEY n=4 q=3 N=6 OBS=688747536 LAW=688747536 OK ((1, 2, ('V', 2, 0, ((0, 1), (2, 0)), ((0, 1, 2, 0, 2, 1, ((1, 1),)),), ((),))), (1, 2, ('V', 2, 0, ((0, 2), (2, 0)), ((0, 2, 2, 0, 1, 2, ((1, 2),)),), ((('V', 2, 1, ((0, 3), (2, 0)), ((0, 3, 2, 0, 2, 1, ((1, 1),)),), ((),)),),))))
KEY n=4 q=3 N=6 OBS=38263752 LAW=38263752 OK ((1, 2, ('V', 2, 0, ((0, 1), (2, 0)), ((0, 1, 2, 0, 2, 1, ((1, 1),)),), ((),))), (1, 2, ('V', 2, 0, ((0, 2), (2, 0)), ((0, 2, 2, 0, 1, 2, ((1, 2),)),), ((('V', 2, 1, ((0, 4), (2, 0)), ((0, 4, 2, 0, 1, 2, ((1, 1), (1, 1))),), ((),)),),))))
KEY n=4 q=3 N=6 OBS=51018336 LAW=51018336 OK ((1, 2, ('V', 2, 0, ((0, 1), (2, 0)), ((0, 1, 2, 0, 2, 1, ((1, 1),)),), ((),))), (1, 2, ('V', 2, 0, ((0, 2), (2, 0)), ((0, 2, 2, 0, 1, 2, ((1, 2),)),), ((('V', 2, 1, ((0, 4), (2, 0)), ((0, 4, 2, 0, 1, 2, ((1, 2),)),), ((('V', 2, 2, ((0, 5), (2, 0)), ((0, 5, 2, 0, 2, 1, ((1, 1),)),), ((),)),),)),),))))
KEY n=4 q=3 N=6 OBS=114791256 LAW=114791256 OK ((1, 2, ('V', 2, 0, ((0, 1), (2, 0)), ((0, 1, 2, 0, 2, 1, ((1, 1),)),), ((),))), (1, 2, ('V', 2, 0, ((0, 2), (2, 0)), ((0, 2, 2, 0, 1, 2, ((1, 2),)),), ((('V', 2, 1, ((0, 4), (2, 0)), ((0, 4, 2, 0, 1, 2, ((2, 1),)),), ((),)),),))))
KEY n=4 q=3 N=6 OBS=51018336 LAW=51018336 OK ((1, 2, ('V', 2, 0, ((0, 1), (2, 0)), ((0, 1, 2, 0, 2, 1, ((1, 1),)),), ((),))), (1, 2, ('V', 2, 0, ((0, 2), (2, 0)), ((0, 2, 2, 0, 1, 2, ((1, 2),)),), ((('V', 2, 1, ((0, 5), (1, 2), (2, 0)), ((0, 5, 1, 2, 1, 1, ((1, 1),)), (1, 2, 2, 0, 1, 1, ((1, 1),))), ((), ())),),))))
KEY n=4 q=3 N=6 OBS=25509168 LAW=25509168 OK ((1, 2, ('V', 2, 0, ((0, 1), (2, 0)), ((0, 1, 2, 0, 2, 1, ((1, 1),)),), ((),))), (1, 2, ('V', 2, 0, ((0, 2), (2, 0)), ((0, 2, 2, 0, 1, 2, ((1, 2),)),), ((('V', 2, 1, ((0, 5), (2, 0)), ((0, 5, 2, 0, 2, 1, ((1, 1),)),), ((),)),),))))
KEY n=4 q=3 N=6 OBS=1549681956 LAW=1549681956 OK ((1, 2, ('V', 2, 0, ((0, 1), (2, 0)), ((0, 1, 2, 0, 2, 1, ((1, 1),)),), ((),))), (1, 2, ('V', 2, 0, ((0, 2), (2, 0)), ((0, 2, 2, 0, 1, 2, ((2, 1),)),), ((),))))
KEY n=4 q=3 N=6 OBS=688747536 LAW=688747536 OK ((1, 2, ('V', 2, 0, ((0, 1), (2, 0)), ((0, 1, 2, 0, 2, 1, ((1, 1),)),), ((),))), (1, 2, ('V', 2, 0, ((0, 3), (1, 1), (2, 0)), ((0, 3, 1, 1, 1, 1, ((1, 1),)), (1, 1, 2, 0, 1, 1, ((1, 1),))), ((), ()))))
KEY n=4 q=3 N=6 OBS=344373768 LAW=344373768 OK ((1, 2, ('V', 2, 0, ((0, 1), (2, 0)), ((0, 1, 2, 0, 2, 1, ((1, 1),)),), ((),))), (1, 2, ('V', 2, 0, ((0, 3), (2, 0)), ((0, 3, 2, 0, 2, 1, ((1, 1),)),), ((),))))
KEY n=4 q=3 N=6 OBS=229582512 LAW=229582512 OK ((1, 2, ('V', 2, 0, ((0, 1), (2, 0)), ((0, 1, 2, 0, 2, 1, ((1, 1),)),), ((),))), (1, 2, ('V', 2, 0, ((0, 4), (1, 1), (2, 0)), ((0, 4, 1, 1, 1, 1, ((1, 1),)), (1, 1, 2, 0, 1, 1, ((1, 1),))), ((), ()))))
KEY n=4 q=3 N=6 OBS=19131876 LAW=19131876 OK ((1, 2, ('V', 2, 0, ((0, 1), (2, 0)), ((0, 1, 2, 0, 2, 1, ((1, 1),)),), ((),))), (1, 2, ('V', 2, 0, ((0, 4), (2, 0)), ((0, 4, 2, 0, 1, 2, ((1, 1), (1, 1))),), ((),))))
KEY n=4 q=3 N=6 OBS=25509168 LAW=25509168 OK ((1, 2, ('V', 2, 0, ((0, 1), (2, 0)), ((0, 1, 2, 0, 2, 1, ((1, 1),)),), ((),))), (1, 2, ('V', 2, 0, ((0, 4), (2, 0)), ((0, 4, 2, 0, 1, 2, ((1, 2),)),), ((('V', 2, 2, ((0, 5), (2, 0)), ((0, 5, 2, 0, 2, 1, ((1, 1),)),), ((),)),),))))
KEY n=4 q=3 N=6 OBS=57395628 LAW=57395628 OK ((1, 2, ('V', 2, 0, ((0, 1), (2, 0)), ((0, 1, 2, 0, 2, 1, ((1, 1),)),), ((),))), (1, 2, ('V', 2, 0, ((0, 4), (2, 0)), ((0, 4, 2, 0, 1, 2, ((2, 1),)),), ((),))))
KEY n=4 q=3 N=6 OBS=76527504 LAW=76527504 OK ((1, 2, ('V', 2, 0, ((0, 1), (2, 0)), ((0, 1, 2, 0, 2, 1, ((1, 1),)),), ((),))), (1, 2, ('V', 2, 0, ((0, 5), (1, 1), (2, 0)), ((0, 5, 1, 1, 1, 1, ((1, 1),)), (1, 1, 2, 0, 1, 1, ((1, 1),))), ((), ()))))
KEY n=4 q=3 N=6 OBS=25509168 LAW=25509168 OK ((1, 2, ('V', 2, 0, ((0, 1), (2, 0)), ((0, 1, 2, 0, 2, 1, ((1, 1),)),), ((),))), (1, 2, ('V', 2, 0, ((0, 5), (1, 2), (2, 0)), ((0, 5, 1, 2, 1, 1, ((1, 1),)), (1, 2, 2, 0, 1, 1, ((1, 1),))), ((), ()))))
KEY n=4 q=3 N=6 OBS=12754584 LAW=12754584 OK ((1, 2, ('V', 2, 0, ((0, 1), (2, 0)), ((0, 1, 2, 0, 2, 1, ((1, 1),)),), ((),))), (1, 2, ('V', 2, 0, ((0, 5), (2, 0)), ((0, 5, 2, 0, 2, 1, ((1, 1),)),), ((),))))
KEY n=4 q=3 N=6 OBS=20920706406 LAW=20920706406 OK ((1, 2, ('V', 2, 0, ((0, 1), (2, 0)), ((0, 1, 2, 0, 2, 1, ((1, 1),)),), ((),))), (2, 1, ('SIMPLE',)))
KEY n=4 q=3 N=6 OBS=14348907 LAW=14348907 OK ((1, 2, ('V', 2, 0, ((0, 2), (2, 0)), ((0, 2, 2, 0, 1, 2, ((1, 1), (1, 1))),), ((),))), (1, 2, ('V', 2, 0, ((0, 2), (2, 0)), ((0, 2, 2, 0, 1, 2, ((1, 1), (1, 1))),), ((),))))
KEY n=4 q=3 N=6 OBS=38263752 LAW=38263752 OK ((1, 2, ('V', 2, 0, ((0, 2), (2, 0)), ((0, 2, 2, 0, 1, 2, ((1, 1), (1, 1))),), ((),))), (1, 2, ('V', 2, 0, ((0, 2), (2, 0)), ((0, 2, 2, 0, 1, 2, ((1, 2),)),), ((('V', 2, 1, ((0, 3), (2, 0)), ((0, 3, 2, 0, 2, 1, ((1, 1),)),), ((),)),),))))
KEY n=4 q=3 N=6 OBS=2125764 LAW=2125764 OK ((1, 2, ('V', 2, 0, ((0, 2), (2, 0)), ((0, 2, 2, 0, 1, 2, ((1, 1), (1, 1))),), ((),))), (1, 2, ('V', 2, 0, ((0, 2), (2, 0)), ((0, 2, 2, 0, 1, 2, ((1, 2),)),), ((('V', 2, 1, ((0, 4), (2, 0)), ((0, 4, 2, 0, 1, 2, ((1, 1), (1, 1))),), ((),)),),))))
KEY n=4 q=3 N=6 OBS=2834352 LAW=2834352 OK ((1, 2, ('V', 2, 0, ((0, 2), (2, 0)), ((0, 2, 2, 0, 1, 2, ((1, 1), (1, 1))),), ((),))), (1, 2, ('V', 2, 0, ((0, 2), (2, 0)), ((0, 2, 2, 0, 1, 2, ((1, 2),)),), ((('V', 2, 1, ((0, 4), (2, 0)), ((0, 4, 2, 0, 1, 2, ((1, 2),)),), ((('V', 2, 2, ((0, 5), (2, 0)), ((0, 5, 2, 0, 2, 1, ((1, 1),)),), ((),)),),)),),))))
KEY n=4 q=3 N=6 OBS=6377292 LAW=6377292 OK ((1, 2, ('V', 2, 0, ((0, 2), (2, 0)), ((0, 2, 2, 0, 1, 2, ((1, 1), (1, 1))),), ((),))), (1, 2, ('V', 2, 0, ((0, 2), (2, 0)), ((0, 2, 2, 0, 1, 2, ((1, 2),)),), ((('V', 2, 1, ((0, 4), (2, 0)), ((0, 4, 2, 0, 1, 2, ((2, 1),)),), ((),)),),))))
KEY n=4 q=3 N=6 OBS=2834352 LAW=2834352 OK ((1, 2, ('V', 2, 0, ((0, 2), (2, 0)), ((0, 2, 2, 0, 1, 2, ((1, 1), (1, 1))),), ((),))), (1, 2, ('V', 2, 0, ((0, 2), (2, 0)), ((0, 2, 2, 0, 1, 2, ((1, 2),)),), ((('V', 2, 1, ((0, 5), (1, 2), (2, 0)), ((0, 5, 1, 2, 1, 1, ((1, 1),)), (1, 2, 2, 0, 1, 1, ((1, 1),))), ((), ())),),))))
KEY n=4 q=3 N=6 OBS=1417176 LAW=1417176 OK ((1, 2, ('V', 2, 0, ((0, 2), (2, 0)), ((0, 2, 2, 0, 1, 2, ((1, 1), (1, 1))),), ((),))), (1, 2, ('V', 2, 0, ((0, 2), (2, 0)), ((0, 2, 2, 0, 1, 2, ((1, 2),)),), ((('V', 2, 1, ((0, 5), (2, 0)), ((0, 5, 2, 0, 2, 1, ((1, 1),)),), ((),)),),))))
KEY n=4 q=3 N=6 OBS=86093442 LAW=86093442 OK ((1, 2, ('V', 2, 0, ((0, 2), (2, 0)), ((0, 2, 2, 0, 1, 2, ((1, 1), (1, 1))),), ((),))), (1, 2, ('V', 2, 0, ((0, 2), (2, 0)), ((0, 2, 2, 0, 1, 2, ((2, 1),)),), ((),))))
KEY n=4 q=3 N=6 OBS=38263752 LAW=38263752 OK ((1, 2, ('V', 2, 0, ((0, 2), (2, 0)), ((0, 2, 2, 0, 1, 2, ((1, 1), (1, 1))),), ((),))), (1, 2, ('V', 2, 0, ((0, 3), (1, 1), (2, 0)), ((0, 3, 1, 1, 1, 1, ((1, 1),)), (1, 1, 2, 0, 1, 1, ((1, 1),))), ((), ()))))
KEY n=4 q=3 N=6 OBS=19131876 LAW=19131876 OK ((1, 2, ('V', 2, 0, ((0, 2), (2, 0)), ((0, 2, 2, 0, 1, 2, ((1, 1), (1, 1))),), ((),))), (1, 2, ('V', 2, 0, ((0, 3), (2, 0)), ((0, 3, 2, 0, 2, 1, ((1, 1),)),), ((),))))
KEY n=4 q=3 N=6 OBS=12754584 LAW=12754584 OK ((1, 2, ('V', 2, 0, ((0, 2), (2, 0)), ((0, 2, 2, 0, 1, 2, ((1, 1), (1, 1))),), ((),))), (1, 2, ('V', 2, 0, ((0, 4), (1, 1), (2, 0)), ((0, 4, 1, 1, 1, 1, ((1, 1),)), (1, 1, 2, 0, 1, 1, ((1, 1),))), ((), ()))))
KEY n=4 q=3 N=6 OBS=1062882 LAW=1062882 OK ((1, 2, ('V', 2, 0, ((0, 2), (2, 0)), ((0, 2, 2, 0, 1, 2, ((1, 1), (1, 1))),), ((),))), (1, 2, ('V', 2, 0, ((0, 4), (2, 0)), ((0, 4, 2, 0, 1, 2, ((1, 1), (1, 1))),), ((),))))
KEY n=4 q=3 N=6 OBS=1417176 LAW=1417176 OK ((1, 2, ('V', 2, 0, ((0, 2), (2, 0)), ((0, 2, 2, 0, 1, 2, ((1, 1), (1, 1))),), ((),))), (1, 2, ('V', 2, 0, ((0, 4), (2, 0)), ((0, 4, 2, 0, 1, 2, ((1, 2),)),), ((('V', 2, 2, ((0, 5), (2, 0)), ((0, 5, 2, 0, 2, 1, ((1, 1),)),), ((),)),),))))
KEY n=4 q=3 N=6 OBS=3188646 LAW=3188646 OK ((1, 2, ('V', 2, 0, ((0, 2), (2, 0)), ((0, 2, 2, 0, 1, 2, ((1, 1), (1, 1))),), ((),))), (1, 2, ('V', 2, 0, ((0, 4), (2, 0)), ((0, 4, 2, 0, 1, 2, ((2, 1),)),), ((),))))
KEY n=4 q=3 N=6 OBS=4251528 LAW=4251528 OK ((1, 2, ('V', 2, 0, ((0, 2), (2, 0)), ((0, 2, 2, 0, 1, 2, ((1, 1), (1, 1))),), ((),))), (1, 2, ('V', 2, 0, ((0, 5), (1, 1), (2, 0)), ((0, 5, 1, 1, 1, 1, ((1, 1),)), (1, 1, 2, 0, 1, 1, ((1, 1),))), ((), ()))))
KEY n=4 q=3 N=6 OBS=1417176 LAW=1417176 OK ((1, 2, ('V', 2, 0, ((0, 2), (2, 0)), ((0, 2, 2, 0, 1, 2, ((1, 1), (1, 1))),), ((),))), (1, 2, ('V', 2, 0, ((0, 5), (1, 2), (2, 0)), ((0, 5, 1, 2, 1, 1, ((1, 1),)), (1, 2, 2, 0, 1, 1, ((1, 1),))), ((), ()))))
KEY n=4 q=3 N=6 OBS=708588 LAW=708588 OK ((1, 2, ('V', 2, 0, ((0, 2), (2, 0)), ((0, 2, 2, 0, 1, 2, ((1, 1), (1, 1))),), ((),))), (1, 2, ('V', 2, 0, ((0, 5), (2, 0)), ((0, 5, 2, 0, 2, 1, ((1, 1),)),), ((),))))
KEY n=4 q=3 N=6 OBS=1162261467 LAW=1162261467 OK ((1, 2, ('V', 2, 0, ((0, 2), (2, 0)), ((0, 2, 2, 0, 1, 2, ((1, 1), (1, 1))),), ((),))), (2, 1, ('SIMPLE',)))
KEY n=4 q=3 N=6 OBS=25509168 LAW=25509168 OK ((1, 2, ('V', 2, 0, ((0, 2), (2, 0)), ((0, 2, 2, 0, 1, 2, ((1, 2),)),), ((('V', 2, 1, ((0, 3), (2, 0)), ((0, 3, 2, 0, 2, 1, ((1, 1),)),), ((),)),),))), (1, 2, ('V', 2, 0, ((0, 2), (2, 0)), ((0, 2, 2, 0, 1, 2, ((1, 2),)),), ((('V', 2, 1, ((0, 3), (2, 0)), ((0, 3, 2, 0, 2, 1, ((1, 1),)),), ((),)),),))))
KEY n=4 q=3 N=6 OBS=2834352 LAW=2834352 OK ((1, 2, ('V', 2, 0, ((0, 2), (2, 0)), ((0, 2, 2, 0, 1, 2, ((1, 2),)),), ((('V', 2, 1, ((0, 3), (2, 0)), ((0, 3, 2, 0, 2, 1, ((1, 1),)),), ((),)),),))), (1, 2, ('V', 2, 0, ((0, 2), (2, 0)), ((0, 2, 2, 0, 1, 2, ((1, 2),)),), ((('V', 2, 1, ((0, 4), (2, 0)), ((0, 4, 2, 0, 1, 2, ((1, 1), (1, 1))),), ((),)),),))))
KEY n=4 q=3 N=6 OBS=3779136 LAW=3779136 OK ((1, 2, ('V', 2, 0, ((0, 2), (2, 0)), ((0, 2, 2, 0, 1, 2, ((1, 2),)),), ((('V', 2, 1, ((0, 3), (2, 0)), ((0, 3, 2, 0, 2, 1, ((1, 1),)),), ((),)),),))), (1, 2, ('V', 2, 0, ((0, 2), (2, 0)), ((0, 2, 2, 0, 1, 2, ((1, 2),)),), ((('V', 2, 1, ((0, 4), (2, 0)), ((0, 4, 2, 0, 1, 2, ((1, 2),)),), ((('V', 2, 2, ((0, 5), (2, 0)), ((0, 5, 2, 0, 2, 1, ((1, 1),)),), ((),)),),)),),))))
KEY n=4 q=3 N=6 OBS=8503056 LAW=8503056 OK ((1, 2, ('V', 2, 0, ((0, 2), (2, 0)), ((0, 2, 2, 0, 1, 2, ((1, 2),)),), ((('V', 2, 1, ((0, 3), (2, 0)), ((0, 3, 2, 0, 2, 1, ((1, 1),)),), ((),)),),))), (1, 2, ('V', 2, 0, ((0, 2), (2, 0)), ((0, 2, 2, 0, 1, 2, ((1, 2),)),), ((('V', 2, 1, ((0, 4), (2, 0)), ((0, 4, 2, 0, 1, 2, ((2, 1),)),), ((),)),),))))
KEY n=4 q=3 N=6 OBS=3779136 LAW=3779136 OK ((1, 2, ('V', 2, 0, ((0, 2), (2, 0)), ((0, 2, 2, 0, 1, 2, ((1, 2),)),), ((('V', 2, 1, ((0, 3), (2, 0)), ((0, 3, 2, 0, 2, 1, ((1, 1),)),), ((),)),),))), (1, 2, ('V', 2, 0, ((0, 2), (2, 0)), ((0, 2, 2, 0, 1, 2, ((1, 2),)),), ((('V', 2, 1, ((0, 5), (1, 2), (2, 0)), ((0, 5, 1, 2, 1, 1, ((1, 1),)), (1, 2, 2, 0, 1, 1, ((1, 1),))), ((), ())),),))))
KEY n=4 q=3 N=6 OBS=1889568 LAW=1889568 OK ((1, 2, ('V', 2, 0, ((0, 2), (2, 0)), ((0, 2, 2, 0, 1, 2, ((1, 2),)),), ((('V', 2, 1, ((0, 3), (2, 0)), ((0, 3, 2, 0, 2, 1, ((1, 1),)),), ((),)),),))), (1, 2, ('V', 2, 0, ((0, 2), (2, 0)), ((0, 2, 2, 0, 1, 2, ((1, 2),)),), ((('V', 2, 1, ((0, 5), (2, 0)), ((0, 5, 2, 0, 2, 1, ((1, 1),)),), ((),)),),))))
KEY n=4 q=3 N=6 OBS=114791256 LAW=114791256 OK ((1, 2, ('V', 2, 0, ((0, 2), (2, 0)), ((0, 2, 2, 0, 1, 2, ((1, 2),)),), ((('V', 2, 1, ((0, 3), (2, 0)), ((0, 3, 2, 0, 2, 1, ((1, 1),)),), ((),)),),))), (1, 2, ('V', 2, 0, ((0, 2), (2, 0)), ((0, 2, 2, 0, 1, 2, ((2, 1),)),), ((),))))
KEY n=4 q=3 N=6 OBS=51018336 LAW=51018336 OK ((1, 2, ('V', 2, 0, ((0, 2), (2, 0)), ((0, 2, 2, 0, 1, 2, ((1, 2),)),), ((('V', 2, 1, ((0, 3), (2, 0)), ((0, 3, 2, 0, 2, 1, ((1, 1),)),), ((),)),),))), (1, 2, ('V', 2, 0, ((0, 3), (1, 1), (2, 0)), ((0, 3, 1, 1, 1, 1, ((1, 1),)), (1, 1, 2, 0, 1, 1, ((1, 1),))), ((), ()))))
KEY n=4 q=3 N=6 OBS=25509168 LAW=25509168 OK ((1, 2, ('V', 2, 0, ((0, 2), (2, 0)), ((0, 2, 2, 0, 1, 2, ((1, 2),)),), ((('V', 2, 1, ((0, 3), (2, 0)), ((0, 3, 2, 0, 2, 1, ((1, 1),)),), ((),)),),))), (1, 2, ('V', 2, 0, ((0, 3), (2, 0)), ((0, 3, 2, 0, 2, 1, ((1, 1),)),), ((),))))
KEY n=4 q=3 N=6 OBS=17006112 LAW=17006112 OK ((1, 2, ('V', 2, 0, ((0, 2), (2, 0)), ((0, 2, 2, 0, 1, 2, ((1, 2),)),), ((('V', 2, 1, ((0, 3), (2, 0)), ((0, 3, 2, 0, 2, 1, ((1, 1),)),), ((),)),),))), (1, 2, ('V', 2, 0, ((0, 4), (1, 1), (2, 0)), ((0, 4, 1, 1, 1, 1, ((1, 1),)), (1, 1, 2, 0, 1, 1, ((1, 1),))), ((), ()))))
KEY n=4 q=3 N=6 OBS=1417176 LAW=1417176 OK ((1, 2, ('V', 2, 0, ((0, 2), (2, 0)), ((0, 2, 2, 0, 1, 2, ((1, 2),)),), ((('V', 2, 1, ((0, 3), (2, 0)), ((0, 3, 2, 0, 2, 1, ((1, 1),)),), ((),)),),))), (1, 2, ('V', 2, 0, ((0, 4), (2, 0)), ((0, 4, 2, 0, 1, 2, ((1, 1), (1, 1))),), ((),))))
KEY n=4 q=3 N=6 OBS=1889568 LAW=1889568 OK ((1, 2, ('V', 2, 0, ((0, 2), (2, 0)), ((0, 2, 2, 0, 1, 2, ((1, 2),)),), ((('V', 2, 1, ((0, 3), (2, 0)), ((0, 3, 2, 0, 2, 1, ((1, 1),)),), ((),)),),))), (1, 2, ('V', 2, 0, ((0, 4), (2, 0)), ((0, 4, 2, 0, 1, 2, ((1, 2),)),), ((('V', 2, 2, ((0, 5), (2, 0)), ((0, 5, 2, 0, 2, 1, ((1, 1),)),), ((),)),),))))
KEY n=4 q=3 N=6 OBS=4251528 LAW=4251528 OK ((1, 2, ('V', 2, 0, ((0, 2), (2, 0)), ((0, 2, 2, 0, 1, 2, ((1, 2),)),), ((('V', 2, 1, ((0, 3), (2, 0)), ((0, 3, 2, 0, 2, 1, ((1, 1),)),), ((),)),),))), (1, 2, ('V', 2, 0, ((0, 4), (2, 0)), ((0, 4, 2, 0, 1, 2, ((2, 1),)),), ((),))))
KEY n=4 q=3 N=6 OBS=5668704 LAW=5668704 OK ((1, 2, ('V', 2, 0, ((0, 2), (2, 0)), ((0, 2, 2, 0, 1, 2, ((1, 2),)),), ((('V', 2, 1, ((0, 3), (2, 0)), ((0, 3, 2, 0, 2, 1, ((1, 1),)),), ((),)),),))), (1, 2, ('V', 2, 0, ((0, 5), (1, 1), (2, 0)), ((0, 5, 1, 1, 1, 1, ((1, 1),)), (1, 1, 2, 0, 1, 1, ((1, 1),))), ((), ()))))
KEY n=4 q=3 N=6 OBS=1889568 LAW=1889568 OK ((1, 2, ('V', 2, 0, ((0, 2), (2, 0)), ((0, 2, 2, 0, 1, 2, ((1, 2),)),), ((('V', 2, 1, ((0, 3), (2, 0)), ((0, 3, 2, 0, 2, 1, ((1, 1),)),), ((),)),),))), (1, 2, ('V', 2, 0, ((0, 5), (1, 2), (2, 0)), ((0, 5, 1, 2, 1, 1, ((1, 1),)), (1, 2, 2, 0, 1, 1, ((1, 1),))), ((), ()))))
KEY n=4 q=3 N=6 OBS=944784 LAW=944784 OK ((1, 2, ('V', 2, 0, ((0, 2), (2, 0)), ((0, 2, 2, 0, 1, 2, ((1, 2),)),), ((('V', 2, 1, ((0, 3), (2, 0)), ((0, 3, 2, 0, 2, 1, ((1, 1),)),), ((),)),),))), (1, 2, ('V', 2, 0, ((0, 5), (2, 0)), ((0, 5, 2, 0, 2, 1, ((1, 1),)),), ((),))))
KEY n=4 q=3 N=6 OBS=1549681956 LAW=1549681956 OK ((1, 2, ('V', 2, 0, ((0, 2), (2, 0)), ((0, 2, 2, 0, 1, 2, ((1, 2),)),), ((('V', 2, 1, ((0, 3), (2, 0)), ((0, 3, 2, 0, 2, 1, ((1, 1),)),), ((),)),),))), (2, 1, ('SIMPLE',)))
KEY n=4 q=3 N=6 OBS=78732 LAW=78732 OK ((1, 2, ('V', 2, 0, ((0, 2), (2, 0)), ((0, 2, 2, 0, 1, 2, ((1, 2),)),), ((('V', 2, 1, ((0, 4), (2, 0)), ((0, 4, 2, 0, 1, 2, ((1, 1), (1, 1))),), ((),)),),))), (1, 2, ('V', 2, 0, ((0, 2), (2, 0)), ((0, 2, 2, 0, 1, 2, ((1, 2),)),), ((('V', 2, 1, ((0, 4), (2, 0)), ((0, 4, 2, 0, 1, 2, ((1, 1), (1, 1))),), ((),)),),))))
KEY n=4 q=3 N=6 OBS=209952 LAW=209952 OK ((1, 2, ('V', 2, 0, ((0, 2), (2, 0)), ((0, 2, 2, 0, 1, 2, ((1, 2),)),), ((('V', 2, 1, ((0, 4), (2, 0)), ((0, 4, 2, 0, 1, 2, ((1, 1), (1, 1))),), ((),)),),))), (1, 2, ('V', 2, 0, ((0, 2), (2, 0)), ((0, 2, 2, 0, 1, 2, ((1, 2),)),), ((('V', 2, 1, ((0, 4), (2, 0)), ((0, 4, 2, 0, 1, 2, ((1, 2),)),), ((('V', 2, 2, ((0, 5), (2, 0)), ((0, 5, 2, 0, 2, 1, ((1, 1),)),), ((),)),),)),),))))
KEY n=4 q=3 N=6 OBS=472392 LAW=472392 OK ((1, 2, ('V', 2, 0, ((0, 2), (2, 0)), ((0, 2, 2, 0, 1, 2, ((1, 2),)),), ((('V', 2, 1, ((0, 4), (2, 0)), ((0, 4, 2, 0, 1, 2, ((1, 1), (1, 1))),), ((),)),),))), (1, 2, ('V', 2, 0, ((0, 2), (2, 0)), ((0, 2, 2, 0, 1, 2, ((1, 2),)),), ((('V', 2, 1, ((0, 4), (2, 0)), ((0, 4, 2, 0, 1, 2, ((2, 1),)),), ((),)),),))))
KEY n=4 q=3 N=6 OBS=209952 LAW=209952 OK ((1, 2, ('V', 2, 0, ((0, 2), (2, 0)), ((0, 2, 2, 0, 1, 2, ((1, 2),)),), ((('V', 2, 1, ((0, 4), (2, 0)), ((0, 4, 2, 0, 1, 2, ((1, 1), (1, 1))),), ((),)),),))), (1, 2, ('V', 2, 0, ((0, 2), (2, 0)), ((0, 2, 2, 0, 1, 2, ((1, 2),)),), ((('V', 2, 1, ((0, 5), (1, 2), (2, 0)), ((0, 5, 1, 2, 1, 1, ((1, 1),)), (1, 2, 2, 0, 1, 1, ((1, 1),))), ((), ())),),))))
KEY n=4 q=3 N=6 OBS=104976 LAW=104976 OK ((1, 2, ('V', 2, 0, ((0, 2), (2, 0)), ((0, 2, 2, 0, 1, 2, ((1, 2),)),), ((('V', 2, 1, ((0, 4), (2, 0)), ((0, 4, 2, 0, 1, 2, ((1, 1), (1, 1))),), ((),)),),))), (1, 2, ('V', 2, 0, ((0, 2), (2, 0)), ((0, 2, 2, 0, 1, 2, ((1, 2),)),), ((('V', 2, 1, ((0, 5), (2, 0)), ((0, 5, 2, 0, 2, 1, ((1, 1),)),), ((),)),),))))
KEY n=4 q=3 N=6 OBS=6377292 LAW=6377292 OK ((1, 2, ('V', 2, 0, ((0, 2), (2, 0)), ((0, 2, 2, 0, 1, 2, ((1, 2),)),), ((('V', 2, 1, ((0, 4), (2, 0)), ((0, 4, 2, 0, 1, 2, ((1, 1), (1, 1))),), ((),)),),))), (1, 2, ('V', 2, 0, ((0, 2), (2, 0)), ((0, 2, 2, 0, 1, 2, ((2, 1),)),), ((),))))
KEY n=4 q=3 N=6 OBS=2834352 LAW=2834352 OK ((1, 2, ('V', 2, 0, ((0, 2), (2, 0)), ((0, 2, 2, 0, 1, 2, ((1, 2),)),), ((('V', 2, 1, ((0, 4), (2, 0)), ((0, 4, 2, 0, 1, 2, ((1, 1), (1, 1))),), ((),)),),))), (1, 2, ('V', 2, 0, ((0, 3), (1, 1), (2, 0)), ((0, 3, 1, 1, 1, 1, ((1, 1),)), (1, 1, 2, 0, 1, 1, ((1, 1),))), ((), ()))))
KEY n=4 q=3 N=6 OBS=1417176 LAW=1417176 OK ((1, 2, ('V', 2, 0, ((0, 2), (2, 0)), ((0, 2, 2, 0, 1, 2, ((1, 2),)),), ((('V', 2, 1, ((0, 4), (2, 0)), ((0, 4, 2, 0, 1, 2, ((1, 1), (1, 1))),), ((),)),),))), (1, 2, ('V', 2, 0, ((0, 3), (2, 0)), ((0, 3, 2, 0, 2, 1, ((1, 1),)),), ((),))))
KEY n=4 q=3 N=6 OBS=944784 LAW=944784 OK ((1, 2, ('V', 2, 0, ((0, 2), (2, 0)), ((0, 2, 2, 0, 1, 2, ((1, 2),)),), ((('V', 2, 1, ((0, 4), (2, 0)), ((0, 4, 2, 0, 1, 2, ((1, 1), (1, 1))),), ((),)),),))), (1, 2, ('V', 2, 0, ((0, 4), (1, 1), (2, 0)), ((0, 4, 1, 1, 1, 1, ((1, 1),)), (1, 1, 2, 0, 1, 1, ((1, 1),))), ((), ()))))
KEY n=4 q=3 N=6 OBS=78732 LAW=78732 OK ((1, 2, ('V', 2, 0, ((0, 2), (2, 0)), ((0, 2, 2, 0, 1, 2, ((1, 2),)),), ((('V', 2, 1, ((0, 4), (2, 0)), ((0, 4, 2, 0, 1, 2, ((1, 1), (1, 1))),), ((),)),),))), (1, 2, ('V', 2, 0, ((0, 4), (2, 0)), ((0, 4, 2, 0, 1, 2, ((1, 1), (1, 1))),), ((),))))
KEY n=4 q=3 N=6 OBS=104976 LAW=104976 OK ((1, 2, ('V', 2, 0, ((0, 2), (2, 0)), ((0, 2, 2, 0, 1, 2, ((1, 2),)),), ((('V', 2, 1, ((0, 4), (2, 0)), ((0, 4, 2, 0, 1, 2, ((1, 1), (1, 1))),), ((),)),),))), (1, 2, ('V', 2, 0, ((0, 4), (2, 0)), ((0, 4, 2, 0, 1, 2, ((1, 2),)),), ((('V', 2, 2, ((0, 5), (2, 0)), ((0, 5, 2, 0, 2, 1, ((1, 1),)),), ((),)),),))))
KEY n=4 q=3 N=6 OBS=236196 LAW=236196 OK ((1, 2, ('V', 2, 0, ((0, 2), (2, 0)), ((0, 2, 2, 0, 1, 2, ((1, 2),)),), ((('V', 2, 1, ((0, 4), (2, 0)), ((0, 4, 2, 0, 1, 2, ((1, 1), (1, 1))),), ((),)),),))), (1, 2, ('V', 2, 0, ((0, 4), (2, 0)), ((0, 4, 2, 0, 1, 2, ((2, 1),)),), ((),))))
KEY n=4 q=3 N=6 OBS=314928 LAW=314928 OK ((1, 2, ('V', 2, 0, ((0, 2), (2, 0)), ((0, 2, 2, 0, 1, 2, ((1, 2),)),), ((('V', 2, 1, ((0, 4), (2, 0)), ((0, 4, 2, 0, 1, 2, ((1, 1), (1, 1))),), ((),)),),))), (1, 2, ('V', 2, 0, ((0, 5), (1, 1), (2, 0)), ((0, 5, 1, 1, 1, 1, ((1, 1),)), (1, 1, 2, 0, 1, 1, ((1, 1),))), ((), ()))))
KEY n=4 q=3 N=6 OBS=104976 LAW=104976 OK ((1, 2, ('V', 2, 0, ((0, 2), (2, 0)), ((0, 2, 2, 0, 1, 2, ((1, 2),)),), ((('V', 2, 1, ((0, 4), (2, 0)), ((0, 4, 2, 0, 1, 2, ((1, 1), (1, 1))),), ((),)),),))), (1, 2, ('V', 2, 0, ((0, 5), (1, 2), (2, 0)), ((0, 5, 1, 2, 1, 1, ((1, 1),)), (1, 2, 2, 0, 1, 1, ((1, 1),))), ((), ()))))
KEY n=4 q=3 N=6 OBS=52488 LAW=52488 OK ((1, 2, ('V', 2, 0, ((0, 2), (2, 0)), ((0, 2, 2, 0, 1, 2, ((1, 2),)),), ((('V', 2, 1, ((0, 4), (2, 0)), ((0, 4, 2, 0, 1, 2, ((1, 1), (1, 1))),), ((),)),),))), (1, 2, ('V', 2, 0, ((0, 5), (2, 0)), ((0, 5, 2, 0, 2, 1, ((1, 1),)),), ((),))))
KEY n=4 q=3 N=6 OBS=86093442 LAW=86093442 OK ((1, 2, ('V', 2, 0, ((0, 2), (2, 0)), ((0, 2, 2, 0, 1, 2, ((1, 2),)),), ((('V', 2, 1, ((0, 4), (2, 0)), ((0, 4, 2, 0, 1, 2, ((1, 1), (1, 1))),), ((),)),),))), (2, 1, ('SIMPLE',)))
KEY n=4 q=3 N=6 OBS=139968 LAW=139968 OK ((1, 2, ('V', 2, 0, ((0, 2), (2, 0)), ((0, 2, 2, 0, 1, 2, ((1, 2),)),), ((('V', 2, 1, ((0, 4), (2, 0)), ((0, 4, 2, 0, 1, 2, ((1, 2),)),), ((('V', 2, 2, ((0, 5), (2, 0)), ((0, 5, 2, 0, 2, 1, ((1, 1),)),), ((),)),),)),),))), (1, 2, ('V', 2, 0, ((0, 2), (2, 0)), ((0, 2, 2, 0, 1, 2, ((1, 2),)),), ((('V', 2, 1, ((0, 4), (2, 0)), ((0, 4, 2, 0, 1, 2, ((1, 2),)),), ((('V', 2, 2, ((0, 5), (2, 0)), ((0, 5, 2, 0, 2, 1, ((1, 1),)),), ((),)),),)),),))))
KEY n=4 q=3 N=6 OBS=629856 LAW=629856 OK ((1, 2, ('V', 2, 0, ((0, 2), (2, 0)), ((0, 2, 2, 0, 1, 2, ((1, 2),)),), ((('V', 2, 1, ((0, 4), (2, 0)), ((0, 4, 2, 0, 1, 2, ((1, 2),)),), ((('V', 2, 2, ((0, 5), (2, 0)), ((0, 5, 2, 0, 2, 1, ((1, 1),)),), ((),)),),)),),))), (1, 2, ('V', 2, 0, ((0, 2), (2, 0)), ((0, 2, 2, 0, 1, 2, ((1, 2),)),), ((('V', 2, 1, ((0, 4), (2, 0)), ((0, 4, 2, 0, 1, 2, ((2, 1),)),), ((),)),),))))
KEY n=4 q=3 N=6 OBS=279936 LAW=279936 OK ((1, 2, ('V', 2, 0, ((0, 2), (2, 0)), ((0, 2, 2, 0, 1, 2, ((1, 2),)),), ((('V', 2, 1, ((0, 4), (2, 0)), ((0, 4, 2, 0, 1, 2, ((1, 2),)),), ((('V', 2, 2, ((0, 5), (2, 0)), ((0, 5, 2, 0, 2, 1, ((1, 1),)),), ((),)),),)),),))), (1, 2, ('V', 2, 0, ((0, 2), (2, 0)), ((0, 2, 2, 0, 1, 2, ((1, 2),)),), ((('V', 2, 1, ((0, 5), (1, 2), (2, 0)), ((0, 5, 1, 2, 1, 1, ((1, 1),)), (1, 2, 2, 0, 1, 1, ((1, 1),))), ((), ())),),))))
KEY n=4 q=3 N=6 OBS=139968 LAW=139968 OK ((1, 2, ('V', 2, 0, ((0, 2), (2, 0)), ((0, 2, 2, 0, 1, 2, ((1, 2),)),), ((('V', 2, 1, ((0, 4), (2, 0)), ((0, 4, 2, 0, 1, 2, ((1, 2),)),), ((('V', 2, 2, ((0, 5), (2, 0)), ((0, 5, 2, 0, 2, 1, ((1, 1),)),), ((),)),),)),),))), (1, 2, ('V', 2, 0, ((0, 2), (2, 0)), ((0, 2, 2, 0, 1, 2, ((1, 2),)),), ((('V', 2, 1, ((0, 5), (2, 0)), ((0, 5, 2, 0, 2, 1, ((1, 1),)),), ((),)),),))))
KEY n=4 q=3 N=6 OBS=8503056 LAW=8503056 OK ((1, 2, ('V', 2, 0, ((0, 2), (2, 0)), ((0, 2, 2, 0, 1, 2, ((1, 2),)),), ((('V', 2, 1, ((0, 4), (2, 0)), ((0, 4, 2, 0, 1, 2, ((1, 2),)),), ((('V', 2, 2, ((0, 5), (2, 0)), ((0, 5, 2, 0, 2, 1, ((1, 1),)),), ((),)),),)),),))), (1, 2, ('V', 2, 0, ((0, 2), (2, 0)), ((0, 2, 2, 0, 1, 2, ((2, 1),)),), ((),))))
KEY n=4 q=3 N=6 OBS=3779136 LAW=3779136 OK ((1, 2, ('V', 2, 0, ((0, 2), (2, 0)), ((0, 2, 2, 0, 1, 2, ((1, 2),)),), ((('V', 2, 1, ((0, 4), (2, 0)), ((0, 4, 2, 0, 1, 2, ((1, 2),)),), ((('V', 2, 2, ((0, 5), (2, 0)), ((0, 5, 2, 0, 2, 1, ((1, 1),)),), ((),)),),)),),))), (1, 2, ('V', 2, 0, ((0, 3), (1, 1), (2, 0)), ((0, 3, 1, 1, 1, 1, ((1, 1),)), (1, 1, 2, 0, 1, 1, ((1, 1),))), ((), ()))))
KEY n=4 q=3 N=6 OBS=1889568 LAW=1889568 OK ((1, 2, ('V', 2, 0, ((0, 2), (2, 0)), ((0, 2, 2, 0, 1, 2, ((1, 2),)),), ((('V', 2, 1, ((0, 4), (2, 0)), ((0, 4, 2, 0, 1, 2, ((1, 2),)),), ((('V', 2, 2, ((0, 5), (2, 0)), ((0, 5, 2, 0, 2, 1, ((1, 1),)),), ((),)),),)),),))), (1, 2, ('V', 2, 0, ((0, 3), (2, 0)), ((0, 3, 2, 0, 2, 1, ((1, 1),)),), ((),))))
KEY n=4 q=3 N=6 OBS=1259712 LAW=1259712 OK ((1, 2, ('V', 2, 0, ((0, 2), (2, 0)), ((0, 2, 2, 0, 1, 2, ((1, 2),)),), ((('V', 2, 1, ((0, 4), (2, 0)), ((0, 4, 2, 0, 1, 2, ((1, 2),)),), ((('V', 2, 2, ((0, 5), (2, 0)), ((0, 5, 2, 0, 2, 1, ((1, 1),)),), ((),)),),)),),))), (1, 2, ('V', 2, 0, ((0, 4), (1, 1), (2, 0)), ((0, 4, 1, 1, 1, 1, ((1, 1),)), (1, 1, 2, 0, 1, 1, ((1, 1),))), ((), ()))))
KEY n=4 q=3 N=6 OBS=104976 LAW=104976 OK ((1, 2, ('V', 2, 0, ((0, 2), (2, 0)), ((0, 2, 2, 0, 1, 2, ((1, 2),)),), ((('V', 2, 1, ((0, 4), (2, 0)), ((0, 4, 2, 0, 1, 2, ((1, 2),)),), ((('V', 2, 2, ((0, 5), (2, 0)), ((0, 5, 2, 0, 2, 1, ((1, 1),)),), ((),)),),)),),))), (1, 2, ('V', 2, 0, ((0, 4), (2, 0)), ((0, 4, 2, 0, 1, 2, ((1, 1), (1, 1))),), ((),))))
KEY n=4 q=3 N=6 OBS=139968 LAW=139968 OK ((1, 2, ('V', 2, 0, ((0, 2), (2, 0)), ((0, 2, 2, 0, 1, 2, ((1, 2),)),), ((('V', 2, 1, ((0, 4), (2, 0)), ((0, 4, 2, 0, 1, 2, ((1, 2),)),), ((('V', 2, 2, ((0, 5), (2, 0)), ((0, 5, 2, 0, 2, 1, ((1, 1),)),), ((),)),),)),),))), (1, 2, ('V', 2, 0, ((0, 4), (2, 0)), ((0, 4, 2, 0, 1, 2, ((1, 2),)),), ((('V', 2, 2, ((0, 5), (2, 0)), ((0, 5, 2, 0, 2, 1, ((1, 1),)),), ((),)),),))))
KEY n=4 q=3 N=6 OBS=314928 LAW=314928 OK ((1, 2, ('V', 2, 0, ((0, 2), (2, 0)), ((0, 2, 2, 0, 1, 2, ((1, 2),)),), ((('V', 2, 1, ((0, 4), (2, 0)), ((0, 4, 2, 0, 1, 2, ((1, 2),)),), ((('V', 2, 2, ((0, 5), (2, 0)), ((0, 5, 2, 0, 2, 1, ((1, 1),)),), ((),)),),)),),))), (1, 2, ('V', 2, 0, ((0, 4), (2, 0)), ((0, 4, 2, 0, 1, 2, ((2, 1),)),), ((),))))
KEY n=4 q=3 N=6 OBS=419904 LAW=419904 OK ((1, 2, ('V', 2, 0, ((0, 2), (2, 0)), ((0, 2, 2, 0, 1, 2, ((1, 2),)),), ((('V', 2, 1, ((0, 4), (2, 0)), ((0, 4, 2, 0, 1, 2, ((1, 2),)),), ((('V', 2, 2, ((0, 5), (2, 0)), ((0, 5, 2, 0, 2, 1, ((1, 1),)),), ((),)),),)),),))), (1, 2, ('V', 2, 0, ((0, 5), (1, 1), (2, 0)), ((0, 5, 1, 1, 1, 1, ((1, 1),)), (1, 1, 2, 0, 1, 1, ((1, 1),))), ((), ()))))
KEY n=4 q=3 N=6 OBS=139968 LAW=139968 OK ((1, 2, ('V', 2, 0, ((0, 2), (2, 0)), ((0, 2, 2, 0, 1, 2, ((1, 2),)),), ((('V', 2, 1, ((0, 4), (2, 0)), ((0, 4, 2, 0, 1, 2, ((1, 2),)),), ((('V', 2, 2, ((0, 5), (2, 0)), ((0, 5, 2, 0, 2, 1, ((1, 1),)),), ((),)),),)),),))), (1, 2, ('V', 2, 0, ((0, 5), (1, 2), (2, 0)), ((0, 5, 1, 2, 1, 1, ((1, 1),)), (1, 2, 2, 0, 1, 1, ((1, 1),))), ((), ()))))
KEY n=4 q=3 N=6 OBS=69984 LAW=69984 OK ((1, 2, ('V', 2, 0, ((0, 2), (2, 0)), ((0, 2, 2, 0, 1, 2, ((1, 2),)),), ((('V', 2, 1, ((0, 4), (2, 0)), ((0, 4, 2, 0, 1, 2, ((1, 2),)),), ((('V', 2, 2, ((0, 5), (2, 0)), ((0, 5, 2, 0, 2, 1, ((1, 1),)),), ((),)),),)),),))), (1, 2, ('V', 2, 0, ((0, 5), (2, 0)), ((0, 5, 2, 0, 2, 1, ((1, 1),)),), ((),))))
KEY n=4 q=3 N=6 OBS=114791256 LAW=114791256 OK ((1, 2, ('V', 2, 0, ((0, 2), (2, 0)), ((0, 2, 2, 0, 1, 2, ((1, 2),)),), ((('V', 2, 1, ((0, 4), (2, 0)), ((0, 4, 2, 0, 1, 2, ((1, 2),)),), ((('V', 2, 2, ((0, 5), (2, 0)), ((0, 5, 2, 0, 2, 1, ((1, 1),)),), ((),)),),)),),))), (2, 1, ('SIMPLE',)))
KEY n=4 q=3 N=6 OBS=708588 LAW=708588 OK ((1, 2, ('V', 2, 0, ((0, 2), (2, 0)), ((0, 2, 2, 0, 1, 2, ((1, 2),)),), ((('V', 2, 1, ((0, 4), (2, 0)), ((0, 4, 2, 0, 1, 2, ((2, 1),)),), ((),)),),))), (1, 2, ('V', 2, 0, ((0, 2), (2, 0)), ((0, 2, 2, 0, 1, 2, ((1, 2),)),), ((('V', 2, 1, ((0, 4), (2, 0)), ((0, 4, 2, 0, 1, 2, ((2, 1),)),), ((),)),),))))
KEY n=4 q=3 N=6 OBS=629856 LAW=629856 OK ((1, 2, ('V', 2, 0, ((0, 2), (2, 0)), ((0, 2, 2, 0, 1, 2, ((1, 2),)),), ((('V', 2, 1, ((0, 4), (2, 0)), ((0, 4, 2, 0, 1, 2, ((2, 1),)),), ((),)),),))), (1, 2, ('V', 2, 0, ((0, 2), (2, 0)), ((0, 2, 2, 0, 1, 2, ((1, 2),)),), ((('V', 2, 1, ((0, 5), (1, 2), (2, 0)), ((0, 5, 1, 2, 1, 1, ((1, 1),)), (1, 2, 2, 0, 1, 1, ((1, 1),))), ((), ())),),))))
KEY n=4 q=3 N=6 OBS=314928 LAW=314928 OK ((1, 2, ('V', 2, 0, ((0, 2), (2, 0)), ((0, 2, 2, 0, 1, 2, ((1, 2),)),), ((('V', 2, 1, ((0, 4), (2, 0)), ((0, 4, 2, 0, 1, 2, ((2, 1),)),), ((),)),),))), (1, 2, ('V', 2, 0, ((0, 2), (2, 0)), ((0, 2, 2, 0, 1, 2, ((1, 2),)),), ((('V', 2, 1, ((0, 5), (2, 0)), ((0, 5, 2, 0, 2, 1, ((1, 1),)),), ((),)),),))))
KEY n=4 q=3 N=6 OBS=19131876 LAW=19131876 OK ((1, 2, ('V', 2, 0, ((0, 2), (2, 0)), ((0, 2, 2, 0, 1, 2, ((1, 2),)),), ((('V', 2, 1, ((0, 4), (2, 0)), ((0, 4, 2, 0, 1, 2, ((2, 1),)),), ((),)),),))), (1, 2, ('V', 2, 0, ((0, 2), (2, 0)), ((0, 2, 2, 0, 1, 2, ((2, 1),)),), ((),))))
KEY n=4 q=3 N=6 OBS=8503056 LAW=8503056 OK ((1, 2, ('V', 2, 0, ((0, 2), (2, 0)), ((0, 2, 2, 0, 1, 2, ((1, 2),)),), ((('V', 2, 1, ((0, 4), (2, 0)), ((0, 4, 2, 0, 1, 2, ((2, 1),)),), ((),)),),))), (1, 2, ('V', 2, 0, ((0, 3), (1, 1), (2, 0)), ((0, 3, 1, 1, 1, 1, ((1, 1),)), (1, 1, 2, 0, 1, 1, ((1, 1),))), ((), ()))))
KEY n=4 q=3 N=6 OBS=4251528 LAW=4251528 OK ((1, 2, ('V', 2, 0, ((0, 2), (2, 0)), ((0, 2, 2, 0, 1, 2, ((1, 2),)),), ((('V', 2, 1, ((0, 4), (2, 0)), ((0, 4, 2, 0, 1, 2, ((2, 1),)),), ((),)),),))), (1, 2, ('V', 2, 0, ((0, 3), (2, 0)), ((0, 3, 2, 0, 2, 1, ((1, 1),)),), ((),))))
KEY n=4 q=3 N=6 OBS=2834352 LAW=2834352 OK ((1, 2, ('V', 2, 0, ((0, 2), (2, 0)), ((0, 2, 2, 0, 1, 2, ((1, 2),)),), ((('V', 2, 1, ((0, 4), (2, 0)), ((0, 4, 2, 0, 1, 2, ((2, 1),)),), ((),)),),))), (1, 2, ('V', 2, 0, ((0, 4), (1, 1), (2, 0)), ((0, 4, 1, 1, 1, 1, ((1, 1),)), (1, 1, 2, 0, 1, 1, ((1, 1),))), ((), ()))))
KEY n=4 q=3 N=6 OBS=236196 LAW=236196 OK ((1, 2, ('V', 2, 0, ((0, 2), (2, 0)), ((0, 2, 2, 0, 1, 2, ((1, 2),)),), ((('V', 2, 1, ((0, 4), (2, 0)), ((0, 4, 2, 0, 1, 2, ((2, 1),)),), ((),)),),))), (1, 2, ('V', 2, 0, ((0, 4), (2, 0)), ((0, 4, 2, 0, 1, 2, ((1, 1), (1, 1))),), ((),))))
KEY n=4 q=3 N=6 OBS=314928 LAW=314928 OK ((1, 2, ('V', 2, 0, ((0, 2), (2, 0)), ((0, 2, 2, 0, 1, 2, ((1, 2),)),), ((('V', 2, 1, ((0, 4), (2, 0)), ((0, 4, 2, 0, 1, 2, ((2, 1),)),), ((),)),),))), (1, 2, ('V', 2, 0, ((0, 4), (2, 0)), ((0, 4, 2, 0, 1, 2, ((1, 2),)),), ((('V', 2, 2, ((0, 5), (2, 0)), ((0, 5, 2, 0, 2, 1, ((1, 1),)),), ((),)),),))))
KEY n=4 q=3 N=6 OBS=708588 LAW=708588 OK ((1, 2, ('V', 2, 0, ((0, 2), (2, 0)), ((0, 2, 2, 0, 1, 2, ((1, 2),)),), ((('V', 2, 1, ((0, 4), (2, 0)), ((0, 4, 2, 0, 1, 2, ((2, 1),)),), ((),)),),))), (1, 2, ('V', 2, 0, ((0, 4), (2, 0)), ((0, 4, 2, 0, 1, 2, ((2, 1),)),), ((),))))
KEY n=4 q=3 N=6 OBS=944784 LAW=944784 OK ((1, 2, ('V', 2, 0, ((0, 2), (2, 0)), ((0, 2, 2, 0, 1, 2, ((1, 2),)),), ((('V', 2, 1, ((0, 4), (2, 0)), ((0, 4, 2, 0, 1, 2, ((2, 1),)),), ((),)),),))), (1, 2, ('V', 2, 0, ((0, 5), (1, 1), (2, 0)), ((0, 5, 1, 1, 1, 1, ((1, 1),)), (1, 1, 2, 0, 1, 1, ((1, 1),))), ((), ()))))
KEY n=4 q=3 N=6 OBS=314928 LAW=314928 OK ((1, 2, ('V', 2, 0, ((0, 2), (2, 0)), ((0, 2, 2, 0, 1, 2, ((1, 2),)),), ((('V', 2, 1, ((0, 4), (2, 0)), ((0, 4, 2, 0, 1, 2, ((2, 1),)),), ((),)),),))), (1, 2, ('V', 2, 0, ((0, 5), (1, 2), (2, 0)), ((0, 5, 1, 2, 1, 1, ((1, 1),)), (1, 2, 2, 0, 1, 1, ((1, 1),))), ((), ()))))
KEY n=4 q=3 N=6 OBS=157464 LAW=157464 OK ((1, 2, ('V', 2, 0, ((0, 2), (2, 0)), ((0, 2, 2, 0, 1, 2, ((1, 2),)),), ((('V', 2, 1, ((0, 4), (2, 0)), ((0, 4, 2, 0, 1, 2, ((2, 1),)),), ((),)),),))), (1, 2, ('V', 2, 0, ((0, 5), (2, 0)), ((0, 5, 2, 0, 2, 1, ((1, 1),)),), ((),))))
KEY n=4 q=3 N=6 OBS=258280326 LAW=258280326 OK ((1, 2, ('V', 2, 0, ((0, 2), (2, 0)), ((0, 2, 2, 0, 1, 2, ((1, 2),)),), ((('V', 2, 1, ((0, 4), (2, 0)), ((0, 4, 2, 0, 1, 2, ((2, 1),)),), ((),)),),))), (2, 1, ('SIMPLE',)))
KEY n=4 q=3 N=6 OBS=139968 LAW=139968 OK ((1, 2, ('V', 2, 0, ((0, 2), (2, 0)), ((0, 2, 2, 0, 1, 2, ((1, 2),)),), ((('V', 2, 1, ((0, 5), (1, 2), (2, 0)), ((0, 5, 1, 2, 1, 1, ((1, 1),)), (1, 2, 2, 0, 1, 1, ((1, 1),))), ((), ())),),))), (1, 2, ('V', 2, 0, ((0, 2), (2, 0)), ((0, 2, 2, 0, 1, 2, ((1, 2),)),), ((('V', 2, 1, ((0, 5), (1, 2), (2, 0)), ((0, 5, 1, 2, 1, 1, ((1, 1),)), (1, 2, 2, 0, 1, 1, ((1, 1),))), ((), ())),),))))
KEY n=4 q=3 N=6 OBS=139968 LAW=139968 OK ((1, 2, ('V', 2, 0, ((0, 2), (2, 0)), ((0, 2, 2, 0, 1, 2, ((1, 2),)),), ((('V', 2, 1, ((0, 5), (1, 2), (2, 0)), ((0, 5, 1, 2, 1, 1, ((1, 1),)), (1, 2, 2, 0, 1, 1, ((1, 1),))), ((), ())),),))), (1, 2, ('V', 2, 0, ((0, 2), (2, 0)), ((0, 2, 2, 0, 1, 2, ((1, 2),)),), ((('V', 2, 1, ((0, 5), (2, 0)), ((0, 5, 2, 0, 2, 1, ((1, 1),)),), ((),)),),))))
KEY n=4 q=3 N=6 OBS=8503056 LAW=8503056 OK ((1, 2, ('V', 2, 0, ((0, 2), (2, 0)), ((0, 2, 2, 0, 1, 2, ((1, 2),)),), ((('V', 2, 1, ((0, 5), (1, 2), (2, 0)), ((0, 5, 1, 2, 1, 1, ((1, 1),)), (1, 2, 2, 0, 1, 1, ((1, 1),))), ((), ())),),))), (1, 2, ('V', 2, 0, ((0, 2), (2, 0)), ((0, 2, 2, 0, 1, 2, ((2, 1),)),), ((),))))
KEY n=4 q=3 N=6 OBS=3779136 LAW=3779136 OK ((1, 2, ('V', 2, 0, ((0, 2), (2, 0)), ((0, 2, 2, 0, 1, 2, ((1, 2),)),), ((('V', 2, 1, ((0, 5), (1, 2), (2, 0)), ((0, 5, 1, 2, 1, 1, ((1, 1),)), (1, 2, 2, 0, 1, 1, ((1, 1),))), ((), ())),),))), (1, 2, ('V', 2, 0, ((0, 3), (1, 1), (2, 0)), ((0, 3, 1, 1, 1, 1, ((1, 1),)), (1, 1, 2, 0, 1, 1, ((1, 1),))), ((), ()))))
KEY n=4 q=3 N=6 OBS=1889568 LAW=1889568 OK ((1, 2, ('V', 2, 0, ((0, 2), (2, 0)), ((0, 2, 2, 0, 1, 2, ((1, 2),)),), ((('V', 2, 1, ((0, 5), (1, 2), (2, 0)), ((0, 5, 1, 2, 1, 1, ((1, 1),)), (1, 2, 2, 0, 1, 1, ((1, 1),))), ((), ())),),))), (1, 2, ('V', 2, 0, ((0, 3), (2, 0)), ((0, 3, 2, 0, 2, 1, ((1, 1),)),), ((),))))
KEY n=4 q=3 N=6 OBS=1259712 LAW=1259712 OK ((1, 2, ('V', 2, 0, ((0, 2), (2, 0)), ((0, 2, 2, 0, 1, 2, ((1, 2),)),), ((('V', 2, 1, ((0, 5), (1, 2), (2, 0)), ((0, 5, 1, 2, 1, 1, ((1, 1),)), (1, 2, 2, 0, 1, 1, ((1, 1),))), ((), ())),),))), (1, 2, ('V', 2, 0, ((0, 4), (1, 1), (2, 0)), ((0, 4, 1, 1, 1, 1, ((1, 1),)), (1, 1, 2, 0, 1, 1, ((1, 1),))), ((), ()))))
KEY n=4 q=3 N=6 OBS=104976 LAW=104976 OK ((1, 2, ('V', 2, 0, ((0, 2), (2, 0)), ((0, 2, 2, 0, 1, 2, ((1, 2),)),), ((('V', 2, 1, ((0, 5), (1, 2), (2, 0)), ((0, 5, 1, 2, 1, 1, ((1, 1),)), (1, 2, 2, 0, 1, 1, ((1, 1),))), ((), ())),),))), (1, 2, ('V', 2, 0, ((0, 4), (2, 0)), ((0, 4, 2, 0, 1, 2, ((1, 1), (1, 1))),), ((),))))
KEY n=4 q=3 N=6 OBS=139968 LAW=139968 OK ((1, 2, ('V', 2, 0, ((0, 2), (2, 0)), ((0, 2, 2, 0, 1, 2, ((1, 2),)),), ((('V', 2, 1, ((0, 5), (1, 2), (2, 0)), ((0, 5, 1, 2, 1, 1, ((1, 1),)), (1, 2, 2, 0, 1, 1, ((1, 1),))), ((), ())),),))), (1, 2, ('V', 2, 0, ((0, 4), (2, 0)), ((0, 4, 2, 0, 1, 2, ((1, 2),)),), ((('V', 2, 2, ((0, 5), (2, 0)), ((0, 5, 2, 0, 2, 1, ((1, 1),)),), ((),)),),))))
KEY n=4 q=3 N=6 OBS=314928 LAW=314928 OK ((1, 2, ('V', 2, 0, ((0, 2), (2, 0)), ((0, 2, 2, 0, 1, 2, ((1, 2),)),), ((('V', 2, 1, ((0, 5), (1, 2), (2, 0)), ((0, 5, 1, 2, 1, 1, ((1, 1),)), (1, 2, 2, 0, 1, 1, ((1, 1),))), ((), ())),),))), (1, 2, ('V', 2, 0, ((0, 4), (2, 0)), ((0, 4, 2, 0, 1, 2, ((2, 1),)),), ((),))))
KEY n=4 q=3 N=6 OBS=419904 LAW=419904 OK ((1, 2, ('V', 2, 0, ((0, 2), (2, 0)), ((0, 2, 2, 0, 1, 2, ((1, 2),)),), ((('V', 2, 1, ((0, 5), (1, 2), (2, 0)), ((0, 5, 1, 2, 1, 1, ((1, 1),)), (1, 2, 2, 0, 1, 1, ((1, 1),))), ((), ())),),))), (1, 2, ('V', 2, 0, ((0, 5), (1, 1), (2, 0)), ((0, 5, 1, 1, 1, 1, ((1, 1),)), (1, 1, 2, 0, 1, 1, ((1, 1),))), ((), ()))))
KEY n=4 q=3 N=6 OBS=139968 LAW=139968 OK ((1, 2, ('V', 2, 0, ((0, 2), (2, 0)), ((0, 2, 2, 0, 1, 2, ((1, 2),)),), ((('V', 2, 1, ((0, 5), (1, 2), (2, 0)), ((0, 5, 1, 2, 1, 1, ((1, 1),)), (1, 2, 2, 0, 1, 1, ((1, 1),))), ((), ())),),))), (1, 2, ('V', 2, 0, ((0, 5), (1, 2), (2, 0)), ((0, 5, 1, 2, 1, 1, ((1, 1),)), (1, 2, 2, 0, 1, 1, ((1, 1),))), ((), ()))))
KEY n=4 q=3 N=6 OBS=69984 LAW=69984 OK ((1, 2, ('V', 2, 0, ((0, 2), (2, 0)), ((0, 2, 2, 0, 1, 2, ((1, 2),)),), ((('V', 2, 1, ((0, 5), (1, 2), (2, 0)), ((0, 5, 1, 2, 1, 1, ((1, 1),)), (1, 2, 2, 0, 1, 1, ((1, 1),))), ((), ())),),))), (1, 2, ('V', 2, 0, ((0, 5), (2, 0)), ((0, 5, 2, 0, 2, 1, ((1, 1),)),), ((),))))
KEY n=4 q=3 N=6 OBS=114791256 LAW=114791256 OK ((1, 2, ('V', 2, 0, ((0, 2), (2, 0)), ((0, 2, 2, 0, 1, 2, ((1, 2),)),), ((('V', 2, 1, ((0, 5), (1, 2), (2, 0)), ((0, 5, 1, 2, 1, 1, ((1, 1),)), (1, 2, 2, 0, 1, 1, ((1, 1),))), ((), ())),),))), (2, 1, ('SIMPLE',)))
KEY n=4 q=3 N=6 OBS=34992 LAW=34992 OK ((1, 2, ('V', 2, 0, ((0, 2), (2, 0)), ((0, 2, 2, 0, 1, 2, ((1, 2),)),), ((('V', 2, 1, ((0, 5), (2, 0)), ((0, 5, 2, 0, 2, 1, ((1, 1),)),), ((),)),),))), (1, 2, ('V', 2, 0, ((0, 2), (2, 0)), ((0, 2, 2, 0, 1, 2, ((1, 2),)),), ((('V', 2, 1, ((0, 5), (2, 0)), ((0, 5, 2, 0, 2, 1, ((1, 1),)),), ((),)),),))))
KEY n=4 q=3 N=6 OBS=4251528 LAW=4251528 OK ((1, 2, ('V', 2, 0, ((0, 2), (2, 0)), ((0, 2, 2, 0, 1, 2, ((1, 2),)),), ((('V', 2, 1, ((0, 5), (2, 0)), ((0, 5, 2, 0, 2, 1, ((1, 1),)),), ((),)),),))), (1, 2, ('V', 2, 0, ((0, 2), (2, 0)), ((0, 2, 2, 0, 1, 2, ((2, 1),)),), ((),))))
KEY n=4 q=3 N=6 OBS=1889568 LAW=1889568 OK ((1, 2, ('V', 2, 0, ((0, 2), (2, 0)), ((0, 2, 2, 0, 1, 2, ((1, 2),)),), ((('V', 2, 1, ((0, 5), (2, 0)), ((0, 5, 2, 0, 2, 1, ((1, 1),)),), ((),)),),))), (1, 2, ('V', 2, 0, ((0, 3), (1, 1), (2, 0)), ((0, 3, 1, 1, 1, 1, ((1, 1),)), (1, 1, 2, 0, 1, 1, ((1, 1),))), ((), ()))))
KEY n=4 q=3 N=6 OBS=944784 LAW=944784 OK ((1, 2, ('V', 2, 0, ((0, 2), (2, 0)), ((0, 2, 2, 0, 1, 2, ((1, 2),)),), ((('V', 2, 1, ((0, 5), (2, 0)), ((0, 5, 2, 0, 2, 1, ((1, 1),)),), ((),)),),))), (1, 2, ('V', 2, 0, ((0, 3), (2, 0)), ((0, 3, 2, 0, 2, 1, ((1, 1),)),), ((),))))
KEY n=4 q=3 N=6 OBS=629856 LAW=629856 OK ((1, 2, ('V', 2, 0, ((0, 2), (2, 0)), ((0, 2, 2, 0, 1, 2, ((1, 2),)),), ((('V', 2, 1, ((0, 5), (2, 0)), ((0, 5, 2, 0, 2, 1, ((1, 1),)),), ((),)),),))), (1, 2, ('V', 2, 0, ((0, 4), (1, 1), (2, 0)), ((0, 4, 1, 1, 1, 1, ((1, 1),)), (1, 1, 2, 0, 1, 1, ((1, 1),))), ((), ()))))
KEY n=4 q=3 N=6 OBS=52488 LAW=52488 OK ((1, 2, ('V', 2, 0, ((0, 2), (2, 0)), ((0, 2, 2, 0, 1, 2, ((1, 2),)),), ((('V', 2, 1, ((0, 5), (2, 0)), ((0, 5, 2, 0, 2, 1, ((1, 1),)),), ((),)),),))), (1, 2, ('V', 2, 0, ((0, 4), (2, 0)), ((0, 4, 2, 0, 1, 2, ((1, 1), (1, 1))),), ((),))))
KEY n=4 q=3 N=6 OBS=69984 LAW=69984 OK ((1, 2, ('V', 2, 0, ((0, 2), (2, 0)), ((0, 2, 2, 0, 1, 2, ((1, 2),)),), ((('V', 2, 1, ((0, 5), (2, 0)), ((0, 5, 2, 0, 2, 1, ((1, 1),)),), ((),)),),))), (1, 2, ('V', 2, 0, ((0, 4), (2, 0)), ((0, 4, 2, 0, 1, 2, ((1, 2),)),), ((('V', 2, 2, ((0, 5), (2, 0)), ((0, 5, 2, 0, 2, 1, ((1, 1),)),), ((),)),),))))
KEY n=4 q=3 N=6 OBS=157464 LAW=157464 OK ((1, 2, ('V', 2, 0, ((0, 2), (2, 0)), ((0, 2, 2, 0, 1, 2, ((1, 2),)),), ((('V', 2, 1, ((0, 5), (2, 0)), ((0, 5, 2, 0, 2, 1, ((1, 1),)),), ((),)),),))), (1, 2, ('V', 2, 0, ((0, 4), (2, 0)), ((0, 4, 2, 0, 1, 2, ((2, 1),)),), ((),))))
KEY n=4 q=3 N=6 OBS=209952 LAW=209952 OK ((1, 2, ('V', 2, 0, ((0, 2), (2, 0)), ((0, 2, 2, 0, 1, 2, ((1, 2),)),), ((('V', 2, 1, ((0, 5), (2, 0)), ((0, 5, 2, 0, 2, 1, ((1, 1),)),), ((),)),),))), (1, 2, ('V', 2, 0, ((0, 5), (1, 1), (2, 0)), ((0, 5, 1, 1, 1, 1, ((1, 1),)), (1, 1, 2, 0, 1, 1, ((1, 1),))), ((), ()))))
KEY n=4 q=3 N=6 OBS=69984 LAW=69984 OK ((1, 2, ('V', 2, 0, ((0, 2), (2, 0)), ((0, 2, 2, 0, 1, 2, ((1, 2),)),), ((('V', 2, 1, ((0, 5), (2, 0)), ((0, 5, 2, 0, 2, 1, ((1, 1),)),), ((),)),),))), (1, 2, ('V', 2, 0, ((0, 5), (1, 2), (2, 0)), ((0, 5, 1, 2, 1, 1, ((1, 1),)), (1, 2, 2, 0, 1, 1, ((1, 1),))), ((), ()))))
KEY n=4 q=3 N=6 OBS=34992 LAW=34992 OK ((1, 2, ('V', 2, 0, ((0, 2), (2, 0)), ((0, 2, 2, 0, 1, 2, ((1, 2),)),), ((('V', 2, 1, ((0, 5), (2, 0)), ((0, 5, 2, 0, 2, 1, ((1, 1),)),), ((),)),),))), (1, 2, ('V', 2, 0, ((0, 5), (2, 0)), ((0, 5, 2, 0, 2, 1, ((1, 1),)),), ((),))))
KEY n=4 q=3 N=6 OBS=57395628 LAW=57395628 OK ((1, 2, ('V', 2, 0, ((0, 2), (2, 0)), ((0, 2, 2, 0, 1, 2, ((1, 2),)),), ((('V', 2, 1, ((0, 5), (2, 0)), ((0, 5, 2, 0, 2, 1, ((1, 1),)),), ((),)),),))), (2, 1, ('SIMPLE',)))
KEY n=4 q=3 N=6 OBS=129140163 LAW=129140163 OK ((1, 2, ('V', 2, 0, ((0, 2), (2, 0)), ((0, 2, 2, 0, 1, 2, ((2, 1),)),), ((),))), (1, 2, ('V', 2, 0, ((0, 2), (2, 0)), ((0, 2, 2, 0, 1, 2, ((2, 1),)),), ((),))))
KEY n=4 q=3 N=6 OBS=114791256 LAW=114791256 OK ((1, 2, ('V', 2, 0, ((0, 2), (2, 0)), ((0, 2, 2, 0, 1, 2, ((2, 1),)),), ((),))), (1, 2, ('V', 2, 0, ((0, 3), (1, 1), (2, 0)), ((0, 3, 1, 1, 1, 1, ((1, 1),)), (1, 1, 2, 0, 1, 1, ((1, 1),))), ((), ()))))
KEY n=4 q=3 N=6 OBS=57395628 LAW=57395628 OK ((1, 2, ('V', 2, 0, ((0, 2), (2, 0)), ((0, 2, 2, 0, 1, 2, ((2, 1),)),), ((),))), (1, 2, ('V', 2, 0, ((0, 3), (2, 0)), ((0, 3, 2, 0, 2, 1, ((1, 1),)),), ((),))))
KEY n=4 q=3 N=6 OBS=38263752 LAW=38263752 OK ((1, 2, ('V', 2, 0, ((0, 2), (2, 0)), ((0, 2, 2, 0, 1, 2, ((2, 1),)),), ((),))), (1, 2, ('V', 2, 0, ((0, 4), (1, 1), (2, 0)), ((0, 4, 1, 1, 1, 1, ((1, 1),)), (1, 1, 2, 0, 1, 1, ((1, 1),))), ((), ()))))
KEY n=4 q=3 N=6 OBS=3188646 LAW=3188646 OK ((1, 2, ('V', 2, 0, ((0, 2), (2, 0)), ((0, 2, 2, 0, 1, 2, ((2, 1),)),), ((),))), (1, 2, ('V', 2, 0, ((0, 4), (2, 0)), ((0, 4, 2, 0, 1, 2, ((1, 1), (1, 1))),), ((),))))
KEY n=4 q=3 N=6 OBS=4251528 LAW=4251528 OK ((1, 2, ('V', 2, 0, ((0, 2), (2, 0)), ((0, 2, 2, 0, 1, 2, ((2, 1),)),), ((),))), (1, 2, ('V', 2, 0, ((0, 4), (2, 0)), ((0, 4, 2, 0, 1, 2, ((1, 2),)),), ((('V', 2, 2, ((0, 5), (2, 0)), ((0, 5, 2, 0, 2, 1, ((1, 1),)),), ((),)),),))))
KEY n=4 q=3 N=6 OBS=9565938 LAW=9565938 OK ((1, 2, ('V', 2, 0, ((0, 2), (2, 0)), ((0, 2, 2, 0, 1, 2, ((2, 1),)),), ((),))), (1, 2, ('V', 2, 0, ((0, 4), (2, 0)), ((0, 4, 2, 0, 1, 2, ((2, 1),)),), ((),))))
KEY n=4 q=3 N=6 OBS=12754584 LAW=12754584 OK ((1, 2, ('V', 2, 0, ((0, 2), (2, 0)), ((0, 2, 2, 0, 1, 2, ((2, 1),)),), ((),))), (1, 2, ('V', 2, 0, ((0, 5), (1, 1), (2, 0)), ((0, 5, 1, 1, 1, 1, ((1, 1),)), (1, 1, 2, 0, 1, 1, ((1, 1),))), ((), ()))))
KEY n=4 q=3 N=6 OBS=4251528 LAW=4251528 OK ((1, 2, ('V', 2, 0, ((0, 2), (2, 0)), ((0, 2, 2, 0, 1, 2, ((2, 1),)),), ((),))), (1, 2, ('V', 2, 0, ((0, 5), (1, 2), (2, 0)), ((0, 5, 1, 2, 1, 1, ((1, 1),)), (1, 2, 2, 0, 1, 1, ((1, 1),))), ((), ()))))
KEY n=4 q=3 N=6 OBS=2125764 LAW=2125764 OK ((1, 2, ('V', 2, 0, ((0, 2), (2, 0)), ((0, 2, 2, 0, 1, 2, ((2, 1),)),), ((),))), (1, 2, ('V', 2, 0, ((0, 5), (2, 0)), ((0, 5, 2, 0, 2, 1, ((1, 1),)),), ((),))))
KEY n=4 q=3 N=6 OBS=3486784401 LAW=3486784401 OK ((1, 2, ('V', 2, 0, ((0, 2), (2, 0)), ((0, 2, 2, 0, 1, 2, ((2, 1),)),), ((),))), (2, 1, ('SIMPLE',)))
KEY n=4 q=3 N=6 OBS=25509168 LAW=25509168 OK ((1, 2, ('V', 2, 0, ((0, 3), (1, 1), (2, 0)), ((0, 3, 1, 1, 1, 1, ((1, 1),)), (1, 1, 2, 0, 1, 1, ((1, 1),))), ((), ()))), (1, 2, ('V', 2, 0, ((0, 3), (1, 1), (2, 0)), ((0, 3, 1, 1, 1, 1, ((1, 1),)), (1, 1, 2, 0, 1, 1, ((1, 1),))), ((), ()))))
KEY n=4 q=3 N=6 OBS=25509168 LAW=25509168 OK ((1, 2, ('V', 2, 0, ((0, 3), (1, 1), (2, 0)), ((0, 3, 1, 1, 1, 1, ((1, 1),)), (1, 1, 2, 0, 1, 1, ((1, 1),))), ((), ()))), (1, 2, ('V', 2, 0, ((0, 3), (2, 0)), ((0, 3, 2, 0, 2, 1, ((1, 1),)),), ((),))))
KEY n=4 q=3 N=6 OBS=17006112 LAW=17006112 OK ((1, 2, ('V', 2, 0, ((0, 3), (1, 1), (2, 0)), ((0, 3, 1, 1, 1, 1, ((1, 1),)), (1, 1, 2, 0, 1, 1, ((1, 1),))), ((), ()))), (1, 2, ('V', 2, 0, ((0, 4), (1, 1), (2, 0)), ((0, 4, 1, 1, 1, 1, ((1, 1),)), (1, 1, 2, 0, 1, 1, ((1, 1),))), ((), ()))))
KEY n=4 q=3 N=6 OBS=1417176 LAW=1417176 OK ((1, 2, ('V', 2, 0, ((0, 3), (1, 1), (2, 0)), ((0, 3, 1, 1, 1, 1, ((1, 1),)), (1, 1, 2, 0, 1, 1, ((1, 1),))), ((), ()))), (1, 2, ('V', 2, 0, ((0, 4), (2, 0)), ((0, 4, 2, 0, 1, 2, ((1, 1), (1, 1))),), ((),))))
KEY n=4 q=3 N=6 OBS=1889568 LAW=1889568 OK ((1, 2, ('V', 2, 0, ((0, 3), (1, 1), (2, 0)), ((0, 3, 1, 1, 1, 1, ((1, 1),)), (1, 1, 2, 0, 1, 1, ((1, 1),))), ((), ()))), (1, 2, ('V', 2, 0, ((0, 4), (2, 0)), ((0, 4, 2, 0, 1, 2, ((1, 2),)),), ((('V', 2, 2, ((0, 5), (2, 0)), ((0, 5, 2, 0, 2, 1, ((1, 1),)),), ((),)),),))))
KEY n=4 q=3 N=6 OBS=4251528 LAW=4251528 OK ((1, 2, ('V', 2, 0, ((0, 3), (1, 1), (2, 0)), ((0, 3, 1, 1, 1, 1, ((1, 1),)), (1, 1, 2, 0, 1, 1, ((1, 1),))), ((), ()))), (1, 2, ('V', 2, 0, ((0, 4), (2, 0)), ((0, 4, 2, 0, 1, 2, ((2, 1),)),), ((),))))
KEY n=4 q=3 N=6 OBS=5668704 LAW=5668704 OK ((1, 2, ('V', 2, 0, ((0, 3), (1, 1), (2, 0)), ((0, 3, 1, 1, 1, 1, ((1, 1),)), (1, 1, 2, 0, 1, 1, ((1, 1),))), ((), ()))), (1, 2, ('V', 2, 0, ((0, 5), (1, 1), (2, 0)), ((0, 5, 1, 1, 1, 1, ((1, 1),)), (1, 1, 2, 0, 1, 1, ((1, 1),))), ((), ()))))
KEY n=4 q=3 N=6 OBS=1889568 LAW=1889568 OK ((1, 2, ('V', 2, 0, ((0, 3), (1, 1), (2, 0)), ((0, 3, 1, 1, 1, 1, ((1, 1),)), (1, 1, 2, 0, 1, 1, ((1, 1),))), ((), ()))), (1, 2, ('V', 2, 0, ((0, 5), (1, 2), (2, 0)), ((0, 5, 1, 2, 1, 1, ((1, 1),)), (1, 2, 2, 0, 1, 1, ((1, 1),))), ((), ()))))
KEY n=4 q=3 N=6 OBS=944784 LAW=944784 OK ((1, 2, ('V', 2, 0, ((0, 3), (1, 1), (2, 0)), ((0, 3, 1, 1, 1, 1, ((1, 1),)), (1, 1, 2, 0, 1, 1, ((1, 1),))), ((), ()))), (1, 2, ('V', 2, 0, ((0, 5), (2, 0)), ((0, 5, 2, 0, 2, 1, ((1, 1),)),), ((),))))
KEY n=4 q=3 N=6 OBS=1549681956 LAW=1549681956 OK ((1, 2, ('V', 2, 0, ((0, 3), (1, 1), (2, 0)), ((0, 3, 1, 1, 1, 1, ((1, 1),)), (1, 1, 2, 0, 1, 1, ((1, 1),))), ((), ()))), (2, 1, ('SIMPLE',)))
KEY n=4 q=3 N=6 OBS=6377292 LAW=6377292 OK ((1, 2, ('V', 2, 0, ((0, 3), (2, 0)), ((0, 3, 2, 0, 2, 1, ((1, 1),)),), ((),))), (1, 2, ('V', 2, 0, ((0, 3), (2, 0)), ((0, 3, 2, 0, 2, 1, ((1, 1),)),), ((),))))
KEY n=4 q=3 N=6 OBS=8503056 LAW=8503056 OK ((1, 2, ('V', 2, 0, ((0, 3), (2, 0)), ((0, 3, 2, 0, 2, 1, ((1, 1),)),), ((),))), (1, 2, ('V', 2, 0, ((0, 4), (1, 1), (2, 0)), ((0, 4, 1, 1, 1, 1, ((1, 1),)), (1, 1, 2, 0, 1, 1, ((1, 1),))), ((), ()))))
KEY n=4 q=3 N=6 OBS=708588 LAW=708588 OK ((1, 2, ('V', 2, 0, ((0, 3), (2, 0)), ((0, 3, 2, 0, 2, 1, ((1, 1),)),), ((),))), (1, 2, ('V', 2, 0, ((0, 4), (2, 0)), ((0, 4, 2, 0, 1, 2, ((1, 1), (1, 1))),), ((),))))
KEY n=4 q=3 N=6 OBS=944784 LAW=944784 OK ((1, 2, ('V', 2, 0, ((0, 3), (2, 0)), ((0, 3, 2, 0, 2, 1, ((1, 1),)),), ((),))), (1, 2, ('V', 2, 0, ((0, 4), (2, 0)), ((0, 4, 2, 0, 1, 2, ((1, 2),)),), ((('V', 2, 2, ((0, 5), (2, 0)), ((0, 5, 2, 0, 2, 1, ((1, 1),)),), ((),)),),))))
KEY n=4 q=3 N=6 OBS=2125764 LAW=2125764 OK ((1, 2, ('V', 2, 0, ((0, 3), (2, 0)), ((0, 3, 2, 0, 2, 1, ((1, 1),)),), ((),))), (1, 2, ('V', 2, 0, ((0, 4), (2, 0)), ((0, 4, 2, 0, 1, 2, ((2, 1),)),), ((),))))
KEY n=4 q=3 N=6 OBS=2834352 LAW=2834352 OK ((1, 2, ('V', 2, 0, ((0, 3), (2, 0)), ((0, 3, 2, 0, 2, 1, ((1, 1),)),), ((),))), (1, 2, ('V', 2, 0, ((0, 5), (1, 1), (2, 0)), ((0, 5, 1, 1, 1, 1, ((1, 1),)), (1, 1, 2, 0, 1, 1, ((1, 1),))), ((), ()))))
KEY n=4 q=3 N=6 OBS=944784 LAW=944784 OK ((1, 2, ('V', 2, 0, ((0, 3), (2, 0)), ((0, 3, 2, 0, 2, 1, ((1, 1),)),), ((),))), (1, 2, ('V', 2, 0, ((0, 5), (1, 2), (2, 0)), ((0, 5, 1, 2, 1, 1, ((1, 1),)), (1, 2, 2, 0, 1, 1, ((1, 1),))), ((), ()))))
KEY n=4 q=3 N=6 OBS=472392 LAW=472392 OK ((1, 2, ('V', 2, 0, ((0, 3), (2, 0)), ((0, 3, 2, 0, 2, 1, ((1, 1),)),), ((),))), (1, 2, ('V', 2, 0, ((0, 5), (2, 0)), ((0, 5, 2, 0, 2, 1, ((1, 1),)),), ((),))))
KEY n=4 q=3 N=6 OBS=774840978 LAW=774840978 OK ((1, 2, ('V', 2, 0, ((0, 3), (2, 0)), ((0, 3, 2, 0, 2, 1, ((1, 1),)),), ((),))), (2, 1, ('SIMPLE',)))
KEY n=4 q=3 N=6 OBS=2834352 LAW=2834352 OK ((1, 2, ('V', 2, 0, ((0, 4), (1, 1), (2, 0)), ((0, 4, 1, 1, 1, 1, ((1, 1),)), (1, 1, 2, 0, 1, 1, ((1, 1),))), ((), ()))), (1, 2, ('V', 2, 0, ((0, 4), (1, 1), (2, 0)), ((0, 4, 1, 1, 1, 1, ((1, 1),)), (1, 1, 2, 0, 1, 1, ((1, 1),))), ((), ()))))
KEY n=4 q=3 N=6 OBS=472392 LAW=472392 OK ((1, 2, ('V', 2, 0, ((0, 4), (1, 1), (2, 0)), ((0, 4, 1, 1, 1, 1, ((1, 1),)), (1, 1, 2, 0, 1, 1, ((1, 1),))), ((), ()))), (1, 2, ('V', 2, 0, ((0, 4), (2, 0)), ((0, 4, 2, 0, 1, 2, ((1, 1), (1, 1))),), ((),))))
KEY n=4 q=3 N=6 OBS=629856 LAW=629856 OK ((1, 2, ('V', 2, 0, ((0, 4), (1, 1), (2, 0)), ((0, 4, 1, 1, 1, 1, ((1, 1),)), (1, 1, 2, 0, 1, 1, ((1, 1),))), ((), ()))), (1, 2, ('V', 2, 0, ((0, 4), (2, 0)), ((0, 4, 2, 0, 1, 2, ((1, 2),)),), ((('V', 2, 2, ((0, 5), (2, 0)), ((0, 5, 2, 0, 2, 1, ((1, 1),)),), ((),)),),))))
KEY n=4 q=3 N=6 OBS=1417176 LAW=1417176 OK ((1, 2, ('V', 2, 0, ((0, 4), (1, 1), (2, 0)), ((0, 4, 1, 1, 1, 1, ((1, 1),)), (1, 1, 2, 0, 1, 1, ((1, 1),))), ((), ()))), (1, 2, ('V', 2, 0, ((0, 4), (2, 0)), ((0, 4, 2, 0, 1, 2, ((2, 1),)),), ((),))))
KEY n=4 q=3 N=6 OBS=1889568 LAW=1889568 OK ((1, 2, ('V', 2, 0, ((0, 4), (1, 1), (2, 0)), ((0, 4, 1, 1, 1, 1, ((1, 1),)), (1, 1, 2, 0, 1, 1, ((1, 1),))), ((), ()))), (1, 2, ('V', 2, 0, ((0, 5), (1, 1), (2, 0)), ((0, 5, 1, 1, 1, 1, ((1, 1),)), (1, 1, 2, 0, 1, 1, ((1, 1),))), ((), ()))))
KEY n=4 q=3 N=6 OBS=629856 LAW=629856 OK ((1, 2, ('V', 2, 0, ((0, 4), (1, 1), (2, 0)), ((0, 4, 1, 1, 1, 1, ((1, 1),)), (1, 1, 2, 0, 1, 1, ((1, 1),))), ((), ()))), (1, 2, ('V', 2, 0, ((0, 5), (1, 2), (2, 0)), ((0, 5, 1, 2, 1, 1, ((1, 1),)), (1, 2, 2, 0, 1, 1, ((1, 1),))), ((), ()))))
KEY n=4 q=3 N=6 OBS=314928 LAW=314928 OK ((1, 2, ('V', 2, 0, ((0, 4), (1, 1), (2, 0)), ((0, 4, 1, 1, 1, 1, ((1, 1),)), (1, 1, 2, 0, 1, 1, ((1, 1),))), ((), ()))), (1, 2, ('V', 2, 0, ((0, 5), (2, 0)), ((0, 5, 2, 0, 2, 1, ((1, 1),)),), ((),))))
KEY n=4 q=3 N=6 OBS=516560652 LAW=516560652 OK ((1, 2, ('V', 2, 0, ((0, 4), (1, 1), (2, 0)), ((0, 4, 1, 1, 1, 1, ((1, 1),)), (1, 1, 2, 0, 1, 1, ((1, 1),))), ((), ()))), (2, 1, ('SIMPLE',)))
KEY n=4 q=3 N=6 OBS=19683 LAW=19683 OK ((1, 2, ('V', 2, 0, ((0, 4), (2, 0)), ((0, 4, 2, 0, 1, 2, ((1, 1), (1, 1))),), ((),))), (1, 2, ('V', 2, 0, ((0, 4), (2, 0)), ((0, 4, 2, 0, 1, 2, ((1, 1), (1, 1))),), ((),))))
KEY n=4 q=3 N=6 OBS=52488 LAW=52488 OK ((1, 2, ('V', 2, 0, ((0, 4), (2, 0)), ((0, 4, 2, 0, 1, 2, ((1, 1), (1, 1))),), ((),))), (1, 2, ('V', 2, 0, ((0, 4), (2, 0)), ((0, 4, 2, 0, 1, 2, ((1, 2),)),), ((('V', 2, 2, ((0, 5), (2, 0)), ((0, 5, 2, 0, 2, 1, ((1, 1),)),), ((),)),),))))
KEY n=4 q=3 N=6 OBS=118098 LAW=118098 OK ((1, 2, ('V', 2, 0, ((0, 4), (2, 0)), ((0, 4, 2, 0, 1, 2, ((1, 1), (1, 1))),), ((),))), (1, 2, ('V', 2, 0, ((0, 4), (2, 0)), ((0, 4, 2, 0, 1, 2, ((2, 1),)),), ((),))))
KEY n=4 q=3 N=6 OBS=157464 LAW=157464 OK ((1, 2, ('V', 2, 0, ((0, 4), (2, 0)), ((0, 4, 2, 0, 1, 2, ((1, 1), (1, 1))),), ((),))), (1, 2, ('V', 2, 0, ((0, 5), (1, 1), (2, 0)), ((0, 5, 1, 1, 1, 1, ((1, 1),)), (1, 1, 2, 0, 1, 1, ((1, 1),))), ((), ()))))
KEY n=4 q=3 N=6 OBS=52488 LAW=52488 OK ((1, 2, ('V', 2, 0, ((0, 4), (2, 0)), ((0, 4, 2, 0, 1, 2, ((1, 1), (1, 1))),), ((),))), (1, 2, ('V', 2, 0, ((0, 5), (1, 2), (2, 0)), ((0, 5, 1, 2, 1, 1, ((1, 1),)), (1, 2, 2, 0, 1, 1, ((1, 1),))), ((), ()))))
KEY n=4 q=3 N=6 OBS=26244 LAW=26244 OK ((1, 2, ('V', 2, 0, ((0, 4), (2, 0)), ((0, 4, 2, 0, 1, 2, ((1, 1), (1, 1))),), ((),))), (1, 2, ('V', 2, 0, ((0, 5), (2, 0)), ((0, 5, 2, 0, 2, 1, ((1, 1),)),), ((),))))
KEY n=4 q=3 N=6 OBS=43046721 LAW=43046721 OK ((1, 2, ('V', 2, 0, ((0, 4), (2, 0)), ((0, 4, 2, 0, 1, 2, ((1, 1), (1, 1))),), ((),))), (2, 1, ('SIMPLE',)))
KEY n=4 q=3 N=6 OBS=34992 LAW=34992 OK ((1, 2, ('V', 2, 0, ((0, 4), (2, 0)), ((0, 4, 2, 0, 1, 2, ((1, 2),)),), ((('V', 2, 2, ((0, 5), (2, 0)), ((0, 5, 2, 0, 2, 1, ((1, 1),)),), ((),)),),))), (1, 2, ('V', 2, 0, ((0, 4), (2, 0)), ((0, 4, 2, 0, 1, 2, ((1, 2),)),), ((('V', 2, 2, ((0, 5), (2, 0)), ((0, 5, 2, 0, 2, 1, ((1, 1),)),), ((),)),),))))
KEY n=4 q=3 N=6 OBS=157464 LAW=157464 OK ((1, 2, ('V', 2, 0, ((0, 4), (2, 0)), ((0, 4, 2, 0, 1, 2, ((1, 2),)),), ((('V', 2, 2, ((0, 5), (2, 0)), ((0, 5, 2, 0, 2, 1, ((1, 1),)),), ((),)),),))), (1, 2, ('V', 2, 0, ((0, 4), (2, 0)), ((0, 4, 2, 0, 1, 2, ((2, 1),)),), ((),))))
KEY n=4 q=3 N=6 OBS=209952 LAW=209952 OK ((1, 2, ('V', 2, 0, ((0, 4), (2, 0)), ((0, 4, 2, 0, 1, 2, ((1, 2),)),), ((('V', 2, 2, ((0, 5), (2, 0)), ((0, 5, 2, 0, 2, 1, ((1, 1),)),), ((),)),),))), (1, 2, ('V', 2, 0, ((0, 5), (1, 1), (2, 0)), ((0, 5, 1, 1, 1, 1, ((1, 1),)), (1, 1, 2, 0, 1, 1, ((1, 1),))), ((), ()))))
KEY n=4 q=3 N=6 OBS=69984 LAW=69984 OK ((1, 2, ('V', 2, 0, ((0, 4), (2, 0)), ((0, 4, 2, 0, 1, 2, ((1, 2),)),), ((('V', 2, 2, ((0, 5), (2, 0)), ((0, 5, 2, 0, 2, 1, ((1, 1),)),), ((),)),),))), (1, 2, ('V', 2, 0, ((0, 5), (1, 2), (2, 0)), ((0, 5, 1, 2, 1, 1, ((1, 1),)), (1, 2, 2, 0, 1, 1, ((1, 1),))), ((), ()))))
KEY n=4 q=3 N=6 OBS=34992 LAW=34992 OK ((1, 2, ('V', 2, 0, ((0, 4), (2, 0)), ((0, 4, 2, 0, 1, 2, ((1, 2),)),), ((('V', 2, 2, ((0, 5), (2, 0)), ((0, 5, 2, 0, 2, 1, ((1, 1),)),), ((),)),),))), (1, 2, ('V', 2, 0, ((0, 5), (2, 0)), ((0, 5, 2, 0, 2, 1, ((1, 1),)),), ((),))))
KEY n=4 q=3 N=6 OBS=57395628 LAW=57395628 OK ((1, 2, ('V', 2, 0, ((0, 4), (2, 0)), ((0, 4, 2, 0, 1, 2, ((1, 2),)),), ((('V', 2, 2, ((0, 5), (2, 0)), ((0, 5, 2, 0, 2, 1, ((1, 1),)),), ((),)),),))), (2, 1, ('SIMPLE',)))
KEY n=4 q=3 N=6 OBS=177147 LAW=177147 OK ((1, 2, ('V', 2, 0, ((0, 4), (2, 0)), ((0, 4, 2, 0, 1, 2, ((2, 1),)),), ((),))), (1, 2, ('V', 2, 0, ((0, 4), (2, 0)), ((0, 4, 2, 0, 1, 2, ((2, 1),)),), ((),))))
KEY n=4 q=3 N=6 OBS=472392 LAW=472392 OK ((1, 2, ('V', 2, 0, ((0, 4), (2, 0)), ((0, 4, 2, 0, 1, 2, ((2, 1),)),), ((),))), (1, 2, ('V', 2, 0, ((0, 5), (1, 1), (2, 0)), ((0, 5, 1, 1, 1, 1, ((1, 1),)), (1, 1, 2, 0, 1, 1, ((1, 1),))), ((), ()))))
KEY n=4 q=3 N=6 OBS=157464 LAW=157464 OK ((1, 2, ('V', 2, 0, ((0, 4), (2, 0)), ((0, 4, 2, 0, 1, 2, ((2, 1),)),), ((),))), (1, 2, ('V', 2, 0, ((0, 5), (1, 2), (2, 0)), ((0, 5, 1, 2, 1, 1, ((1, 1),)), (1, 2, 2, 0, 1, 1, ((1, 1),))), ((), ()))))
KEY n=4 q=3 N=6 OBS=78732 LAW=78732 OK ((1, 2, ('V', 2, 0, ((0, 4), (2, 0)), ((0, 4, 2, 0, 1, 2, ((2, 1),)),), ((),))), (1, 2, ('V', 2, 0, ((0, 5), (2, 0)), ((0, 5, 2, 0, 2, 1, ((1, 1),)),), ((),))))
KEY n=4 q=3 N=6 OBS=129140163 LAW=129140163 OK ((1, 2, ('V', 2, 0, ((0, 4), (2, 0)), ((0, 4, 2, 0, 1, 2, ((2, 1),)),), ((),))), (2, 1, ('SIMPLE',)))
KEY n=4 q=3 N=6 OBS=314928 LAW=314928 OK ((1, 2, ('V', 2, 0, ((0, 5), (1, 1), (2, 0)), ((0, 5, 1, 1, 1, 1, ((1, 1),)), (1, 1, 2, 0, 1, 1, ((1, 1),))), ((), ()))), (1, 2, ('V', 2, 0, ((0, 5), (1, 1), (2, 0)), ((0, 5, 1, 1, 1, 1, ((1, 1),)), (1, 1, 2, 0, 1, 1, ((1, 1),))), ((), ()))))
KEY n=4 q=3 N=6 OBS=209952 LAW=209952 OK ((1, 2, ('V', 2, 0, ((0, 5), (1, 1), (2, 0)), ((0, 5, 1, 1, 1, 1, ((1, 1),)), (1, 1, 2, 0, 1, 1, ((1, 1),))), ((), ()))), (1, 2, ('V', 2, 0, ((0, 5), (1, 2), (2, 0)), ((0, 5, 1, 2, 1, 1, ((1, 1),)), (1, 2, 2, 0, 1, 1, ((1, 1),))), ((), ()))))
KEY n=4 q=3 N=6 OBS=104976 LAW=104976 OK ((1, 2, ('V', 2, 0, ((0, 5), (1, 1), (2, 0)), ((0, 5, 1, 1, 1, 1, ((1, 1),)), (1, 1, 2, 0, 1, 1, ((1, 1),))), ((), ()))), (1, 2, ('V', 2, 0, ((0, 5), (2, 0)), ((0, 5, 2, 0, 2, 1, ((1, 1),)),), ((),))))
KEY n=4 q=3 N=6 OBS=172186884 LAW=172186884 OK ((1, 2, ('V', 2, 0, ((0, 5), (1, 1), (2, 0)), ((0, 5, 1, 1, 1, 1, ((1, 1),)), (1, 1, 2, 0, 1, 1, ((1, 1),))), ((), ()))), (2, 1, ('SIMPLE',)))
KEY n=4 q=3 N=6 OBS=34992 LAW=34992 OK ((1, 2, ('V', 2, 0, ((0, 5), (1, 2), (2, 0)), ((0, 5, 1, 2, 1, 1, ((1, 1),)), (1, 2, 2, 0, 1, 1, ((1, 1),))), ((), ()))), (1, 2, ('V', 2, 0, ((0, 5), (1, 2), (2, 0)), ((0, 5, 1, 2, 1, 1, ((1, 1),)), (1, 2, 2, 0, 1, 1, ((1, 1),))), ((), ()))))
KEY n=4 q=3 N=6 OBS=34992 LAW=34992 OK ((1, 2, ('V', 2, 0, ((0, 5), (1, 2), (2, 0)), ((0, 5, 1, 2, 1, 1, ((1, 1),)), (1, 2, 2, 0, 1, 1, ((1, 1),))), ((), ()))), (1, 2, ('V', 2, 0, ((0, 5), (2, 0)), ((0, 5, 2, 0, 2, 1, ((1, 1),)),), ((),))))
KEY n=4 q=3 N=6 OBS=57395628 LAW=57395628 OK ((1, 2, ('V', 2, 0, ((0, 5), (1, 2), (2, 0)), ((0, 5, 1, 2, 1, 1, ((1, 1),)), (1, 2, 2, 0, 1, 1, ((1, 1),))), ((), ()))), (2, 1, ('SIMPLE',)))
KEY n=4 q=3 N=6 OBS=8748 LAW=8748 OK ((1, 2, ('V', 2, 0, ((0, 5), (2, 0)), ((0, 5, 2, 0, 2, 1, ((1, 1),)),), ((),))), (1, 2, ('V', 2, 0, ((0, 5), (2, 0)), ((0, 5, 2, 0, 2, 1, ((1, 1),)),), ((),))))
KEY n=4 q=3 N=6 OBS=28697814 LAW=28697814 OK ((1, 2, ('V', 2, 0, ((0, 5), (2, 0)), ((0, 5, 2, 0, 2, 1, ((1, 1),)),), ((),))), (2, 1, ('SIMPLE',)))
KEY n=4 q=3 N=6 OBS=6973568802 LAW=6973568802 OK ((1, 4, ('V', 4, 0, ((0, 1), (4, 0)), ((0, 1, 4, 0, 4, 1, ((1, 1),)),), ((),))),)
KEY n=4 q=3 N=6 OBS=1549681956 LAW=1549681956 OK ((1, 4, ('V', 4, 0, ((0, 2), (1, 1), (4, 0)), ((0, 2, 1, 1, 1, 1, ((1, 1),)), (1, 1, 4, 0, 3, 1, ((1, 1),))), ((), ()))),)
KEY n=4 q=3 N=6 OBS=129140163 LAW=129140163 OK ((1, 4, ('V', 4, 0, ((0, 2), (4, 0)), ((0, 2, 4, 0, 2, 2, ((1, 1), (1, 1))),), ((),))),)
KEY n=4 q=3 N=6 OBS=387420489 LAW=387420489 OK ((1, 4, ('V', 4, 0, ((0, 2), (4, 0)), ((0, 2, 4, 0, 2, 2, ((2, 1),)),), ((),))),)
KEY n=4 q=3 N=6 OBS=516560652 LAW=516560652 OK ((1, 4, ('V', 4, 0, ((0, 3), (1, 1), (4, 0)), ((0, 3, 1, 1, 1, 1, ((1, 1),)), (1, 1, 4, 0, 3, 1, ((1, 1),))), ((), ()))),)
KEY n=4 q=3 N=6 OBS=57395628 LAW=57395628 OK ((1, 4, ('V', 4, 0, ((0, 3), (1, 2), (4, 0)), ((0, 3, 1, 2, 1, 1, ((1, 1),)), (1, 2, 4, 0, 3, 1, ((1, 1),))), ((), ()))),)
KEY n=4 q=3 N=6 OBS=28697814 LAW=28697814 OK ((1, 4, ('V', 4, 0, ((0, 3), (2, 1), (4, 0)), ((0, 3, 2, 1, 1, 2, ((1, 1), (1, 1))), (2, 1, 4, 0, 2, 1, ((1, 1),))), ((), ()))),)
KEY n=4 q=3 N=6 OBS=38263752 LAW=38263752 OK ((1, 4, ('V', 4, 0, ((0, 3), (2, 1), (4, 0)), ((0, 3, 2, 1, 1, 2, ((1, 2),)), (2, 1, 4, 0, 2, 1, ((1, 1),))), ((('V', 2, 1, ((0, 3), (2, 0)), ((0, 3, 2, 0, 2, 1, ((1, 1),)),), ((),)),), ()))),)
KEY n=4 q=3 N=6 OBS=2125764 LAW=2125764 OK ((1, 4, ('V', 4, 0, ((0, 3), (2, 1), (4, 0)), ((0, 3, 2, 1, 1, 2, ((1, 2),)), (2, 1, 4, 0, 2, 1, ((1, 1),))), ((('V', 2, 1, ((0, 4), (2, 0)), ((0, 4, 2, 0, 1, 2, ((1, 1), (1, 1))),), ((),)),), ()))),)
KEY n=4 q=3 N=6 OBS=2834352 LAW=2834352 OK ((1, 4, ('V', 4, 0, ((0, 3), (2, 1), (4, 0)), ((0, 3, 2, 1, 1, 2, ((1, 2),)), (2, 1, 4, 0, 2, 1, ((1, 1),))), ((('V', 2, 1, ((0, 4), (2, 0)), ((0, 4, 2, 0, 1, 2, ((1, 2),)),), ((('V', 2, 2, ((0, 5), (2, 0)), ((0, 5, 2, 0, 2, 1, ((1, 1),)),), ((),)),),)),), ()))),)
KEY n=4 q=3 N=6 OBS=6377292 LAW=6377292 OK ((1, 4, ('V', 4, 0, ((0, 3), (2, 1), (4, 0)), ((0, 3, 2, 1, 1, 2, ((1, 2),)), (2, 1, 4, 0, 2, 1, ((1, 1),))), ((('V', 2, 1, ((0, 4), (2, 0)), ((0, 4, 2, 0, 1, 2, ((2, 1),)),), ((),)),), ()))),)
KEY n=4 q=3 N=6 OBS=2834352 LAW=2834352 OK ((1, 4, ('V', 4, 0, ((0, 3), (2, 1), (4, 0)), ((0, 3, 2, 1, 1, 2, ((1, 2),)), (2, 1, 4, 0, 2, 1, ((1, 1),))), ((('V', 2, 1, ((0, 5), (1, 2), (2, 0)), ((0, 5, 1, 2, 1, 1, ((1, 1),)), (1, 2, 2, 0, 1, 1, ((1, 1),))), ((), ())),), ()))),)
KEY n=4 q=3 N=6 OBS=1417176 LAW=1417176 OK ((1, 4, ('V', 4, 0, ((0, 3), (2, 1), (4, 0)), ((0, 3, 2, 1, 1, 2, ((1, 2),)), (2, 1, 4, 0, 2, 1, ((1, 1),))), ((('V', 2, 1, ((0, 5), (2, 0)), ((0, 5, 2, 0, 2, 1, ((1, 1),)),), ((),)),), ()))),)
KEY n=4 q=3 N=6 OBS=86093442 LAW=86093442 OK ((1, 4, ('V', 4, 0, ((0, 3), (2, 1), (4, 0)), ((0, 3, 2, 1, 1, 2, ((2, 1),)), (2, 1, 4, 0, 2, 1, ((1, 1),))), ((), ()))),)
KEY n=4 q=3 N=6 OBS=28697814 LAW=28697814 OK ((1, 4, ('V', 4, 0, ((0, 3), (4, 0)), ((0, 3, 4, 0, 4, 1, ((1, 1),)),), ((),))),)
KEY n=4 q=3 N=6 OBS=172186884 LAW=172186884 OK ((1, 4, ('V', 4, 0, ((0, 4), (1, 1), (4, 0)), ((0, 4, 1, 1, 1, 1, ((1, 1),)), (1, 1, 4, 0, 3, 1, ((1, 1),))), ((), ()))),)
KEY n=4 q=3 N=6 OBS=38263752 LAW=38263752 OK ((1, 4, ('V', 4, 0, ((0, 4), (1, 2), (2, 1), (4, 0)), ((0, 4, 1, 2, 1, 1, ((1, 1),)), (1, 2, 2, 1, 1, 1, ((1, 1),)), (2, 1, 4, 0, 2, 1, ((1, 1),))), ((), (), ()))),)
KEY n=4 q=3 N=6 OBS=19131876 LAW=19131876 OK ((1, 4, ('V', 4, 0, ((0, 4), (1, 2), (4, 0)), ((0, 4, 1, 2, 1, 1, ((1, 1),)), (1, 2, 4, 0, 3, 1, ((1, 1),))), ((), ()))),)
KEY n=4 q=3 N=6 OBS=19131876 LAW=19131876 OK ((1, 4, ('V', 4, 0, ((0, 4), (2, 1), (4, 0)), ((0, 4, 2, 1, 2, 1, ((1, 1),)), (2, 1, 4, 0, 2, 1, ((1, 1),))), ((), ()))),)
KEY n=4 q=3 N=6 OBS=531441 LAW=531441 OK ((1, 4, ('V', 4, 0, ((0, 4), (4, 0)), ((0, 4, 4, 0, 1, 4, ((1, 1), (1, 1), (2, 1))),), ((),))),)
KEY n=4 q=3 N=6 OBS=236196 LAW=236196 OK ((1, 4, ('V', 4, 0, ((0, 4), (4, 0)), ((0, 4, 4, 0, 1, 4, ((1, 1), (1, 3))),), ((('V', 3, 1, ((0, 4), (3, 0)), ((0, 4, 3, 0, 3, 1, ((1, 1),)),), ((),)),),))),)
KEY n=4 q=3 N=6 OBS=52488 LAW=52488 OK ((1, 4, ('V', 4, 0, ((0, 4), (4, 0)), ((0, 4, 4, 0, 1, 4, ((1, 1), (1, 3))),), ((('V', 3, 1, ((0, 5), (1, 3), (3, 0)), ((0, 5, 1, 3, 1, 1, ((1, 1),)), (1, 3, 3, 0, 2, 1, ((1, 1),))), ((), ())),),))),)
KEY n=4 q=3 N=6 OBS=26244 LAW=26244 OK ((1, 4, ('V', 4, 0, ((0, 4), (4, 0)), ((0, 4, 4, 0, 1, 4, ((1, 1), (1, 3))),), ((('V', 3, 1, ((0, 5), (3, 0)), ((0, 5, 3, 0, 3, 1, ((1, 1),)),), ((),)),),))),)
KEY n=4 q=3 N=6 OBS=2834352 LAW=2834352 OK ((1, 4, ('V', 4, 0, ((0, 4), (4, 0)), ((0, 4, 4, 0, 1, 4, ((1, 1), (3, 1))),), ((),))),)
KEY n=4 q=3 N=6 OBS=78732 LAW=78732 OK ((1, 4, ('V', 4, 0, ((0, 4), (4, 0)), ((0, 4, 4, 0, 1, 4, ((1, 2), (1, 2))),), ((('V', 2, 1, ((0, 3), (2, 0)), ((0, 3, 2, 0, 2, 1, ((1, 1),)),), ((),)), ('V', 2, 1, ((0, 3), (2, 0)), ((0, 3, 2, 0, 2, 1, ((1, 1),)),), ((),))),))),)
KEY n=4 q=3 N=6 OBS=8748 LAW=8748 OK ((1, 4, ('V', 4, 0, ((0, 4), (4, 0)), ((0, 4, 4, 0, 1, 4, ((1, 2), (1, 2))),), ((('V', 2, 1, ((0, 3), (2, 0)), ((0, 3, 2, 0, 2, 1, ((1, 1),)),), ((),)), ('V', 2, 1, ((0, 4), (2, 0)), ((0, 4, 2, 0, 1, 2, ((1, 1), (1, 1))),), ((),))),))),)
KEY n=4 q=3 N=6 OBS=11664 LAW=11664 OK ((1, 4, ('V', 4, 0, ((0, 4), (4, 0)), ((0, 4, 4, 0, 1, 4, ((1, 2), (1, 2))),), ((('V', 2, 1, ((0, 3), (2, 0)), ((0, 3, 2, 0, 2, 1, ((1, 1),)),), ((),)), ('V', 2, 1, ((0, 4), (2, 0)), ((0, 4, 2, 0, 1, 2, ((1, 2),)),), ((('V', 2, 2, ((0, 5), (2, 0)), ((0, 5, 2, 0, 2, 1, ((1, 1),)),), ((),)),),))),))),)
KEY n=4 q=3 N=6 OBS=26244 LAW=26244 OK ((1, 4, ('V', 4, 0, ((0, 4), (4, 0)), ((0, 4, 4, 0, 1, 4, ((1, 2), (1, 2))),), ((('V', 2, 1, ((0, 3), (2, 0)), ((0, 3, 2, 0, 2, 1, ((1, 1),)),), ((),)), ('V', 2, 1, ((0, 4), (2, 0)), ((0, 4, 2, 0, 1, 2, ((2, 1),)),), ((),))),))),)
KEY n=4 q=3 N=6 OBS=11664 LAW=11664 OK ((1, 4, ('V', 4, 0, ((0, 4), (4, 0)), ((0, 4, 4, 0, 1, 4, ((1, 2), (1, 2))),), ((('V', 2, 1, ((0, 3), (2, 0)), ((0, 3, 2, 0, 2, 1, ((1, 1),)),), ((),)), ('V', 2, 1, ((0, 5), (1, 2), (2, 0)), ((0, 5, 1, 2, 1, 1, ((1, 1),)), (1, 2, 2, 0, 1, 1, ((1, 1),))), ((), ()))),))),)
KEY n=4 q=3 N=6 OBS=5832 LAW=5832 OK ((1, 4, ('V', 4, 0, ((0, 4), (4, 0)), ((0, 4, 4, 0, 1, 4, ((1, 2), (1, 2))),), ((('V', 2, 1, ((0, 3), (2, 0)), ((0, 3, 2, 0, 2, 1, ((1, 1),)),), ((),)), ('V', 2, 1, ((0, 5), (2, 0)), ((0, 5, 2, 0, 2, 1, ((1, 1),)),), ((),))),))),)
KEY n=4 q=3 N=6 OBS=243 LAW=243 OK ((1, 4, ('V', 4, 0, ((0, 4), (4, 0)), ((0, 4, 4, 0, 1, 4, ((1, 2), (1, 2))),), ((('V', 2, 1, ((0, 4), (2, 0)), ((0, 4, 2, 0, 1, 2, ((1, 1), (1, 1))),), ((),)), ('V', 2, 1, ((0, 4), (2, 0)), ((0, 4, 2, 0, 1, 2, ((1, 1), (1, 1))),), ((),))),))),)
KEY n=4 q=3 N=6 OBS=648 LAW=648 OK ((1, 4, ('V', 4, 0, ((0, 4), (4, 0)), ((0, 4, 4, 0, 1, 4, ((1, 2), (1, 2))),), ((('V', 2, 1, ((0, 4), (2, 0)), ((0, 4, 2, 0, 1, 2, ((1, 1), (1, 1))),), ((),)), ('V', 2, 1, ((0, 4), (2, 0)), ((0, 4, 2, 0, 1, 2, ((1, 2),)),), ((('V', 2, 2, ((0, 5), (2, 0)), ((0, 5, 2, 0, 2, 1, ((1, 1),)),), ((),)),),))),))),)
KEY n=4 q=3 N=6 OBS=1458 LAW=1458 OK ((1, 4, ('V', 4, 0, ((0, 4), (4, 0)), ((0, 4, 4, 0, 1, 4, ((1, 2), (1, 2))),), ((('V', 2, 1, ((0, 4), (2, 0)), ((0, 4, 2, 0, 1, 2, ((1, 1), (1, 1))),), ((),)), ('V', 2, 1, ((0, 4), (2, 0)), ((0, 4, 2, 0, 1, 2, ((2, 1),)),), ((),))),))),)
KEY n=4 q=3 N=6 OBS=648 LAW=648 OK ((1, 4, ('V', 4, 0, ((0, 4), (4, 0)), ((0, 4, 4, 0, 1, 4, ((1, 2), (1, 2))),), ((('V', 2, 1, ((0, 4), (2, 0)), ((0, 4, 2, 0, 1, 2, ((1, 1), (1, 1))),), ((),)), ('V', 2, 1, ((0, 5), (1, 2), (2, 0)), ((0, 5, 1, 2, 1, 1, ((1, 1),)), (1, 2, 2, 0, 1, 1, ((1, 1),))), ((), ()))),))),)
KEY n=4 q=3 N=6 OBS=324 LAW=324 OK ((1, 4, ('V', 4, 0, ((0, 4), (4, 0)), ((0, 4, 4, 0, 1, 4, ((1, 2), (1, 2))),), ((('V', 2, 1, ((0, 4), (2, 0)), ((0, 4, 2, 0, 1, 2, ((1, 1), (1, 1))),), ((),)), ('V', 2, 1, ((0, 5), (2, 0)), ((0, 5, 2, 0, 2, 1, ((1, 1),)),), ((),))),))),)
KEY n=4 q=3 N=6 OBS=432 LAW=432 OK ((1, 4, ('V', 4, 0, ((0, 4), (4, 0)), ((0, 4, 4, 0, 1, 4, ((1, 2), (1, 2))),), ((('V', 2, 1, ((0, 4), (2, 0)), ((0, 4, 2, 0, 1, 2, ((1, 2),)),), ((('V', 2, 2, ((0, 5), (2, 0)), ((0, 5, 2, 0, 2, 1, ((1, 1),)),), ((),)),),)), ('V', 2, 1, ((0, 4), (2, 0)), ((0, 4, 2, 0, 1, 2, ((1, 2),)),), ((('V', 2, 2, ((0, 5), (2, 0)), ((0, 5, 2, 0, 2, 1, ((1, 1),)),), ((),)),),))),))),)
KEY n=4 q=3 N=6 OBS=1944 LAW=1944 OK ((1, 4, ('V', 4, 0, ((0, 4), (4, 0)), ((0, 4, 4, 0, 1, 4, ((1, 2), (1, 2))),), ((('V', 2, 1, ((0, 4), (2, 0)), ((0, 4, 2, 0, 1, 2, ((1, 2),)),), ((('V', 2, 2, ((0, 5), (2, 0)), ((0, 5, 2, 0, 2, 1, ((1, 1),)),), ((),)),),)), ('V', 2, 1, ((0, 4), (2, 0)), ((0, 4, 2, 0, 1, 2, ((2, 1),)),), ((),))),))),)
KEY n=4 q=3 N=6 OBS=864 LAW=864 OK ((1, 4, ('V', 4, 0, ((0, 4), (4, 0)), ((0, 4, 4, 0, 1, 4, ((1, 2), (1, 2))),), ((('V', 2, 1, ((0, 4), (2, 0)), ((0, 4, 2, 0, 1, 2, ((1, 2),)),), ((('V', 2, 2, ((0, 5), (2, 0)), ((0, 5, 2, 0, 2, 1, ((1, 1),)),), ((),)),),)), ('V', 2, 1, ((0, 5), (1, 2), (2, 0)), ((0, 5, 1, 2, 1, 1, ((1, 1),)), (1, 2, 2, 0, 1, 1, ((1, 1),))), ((), ()))),))),)
KEY n=4 q=3 N=6 OBS=432 LAW=432 OK ((1, 4, ('V', 4, 0, ((0, 4), (4, 0)), ((0, 4, 4, 0, 1, 4, ((1, 2), (1, 2))),), ((('V', 2, 1, ((0, 4), (2, 0)), ((0, 4, 2, 0, 1, 2, ((1, 2),)),), ((('V', 2, 2, ((0, 5), (2, 0)), ((0, 5, 2, 0, 2, 1, ((1, 1),)),), ((),)),),)), ('V', 2, 1, ((0, 5), (2, 0)), ((0, 5, 2, 0, 2, 1, ((1, 1),)),), ((),))),))),)
KEY n=4 q=3 N=6 OBS=2187 LAW=2187 OK ((1, 4, ('V', 4, 0, ((0, 4), (4, 0)), ((0, 4, 4, 0, 1, 4, ((1, 2), (1, 2))),), ((('V', 2, 1, ((0, 4), (2, 0)), ((0, 4, 2, 0, 1, 2, ((2, 1),)),), ((),)), ('V', 2, 1, ((0, 4), (2, 0)), ((0, 4, 2, 0, 1, 2, ((2, 1),)),), ((),))),))),)
KEY n=4 q=3 N=6 OBS=1944 LAW=1944 OK ((1, 4, ('V', 4, 0, ((0, 4), (4, 0)), ((0, 4, 4, 0, 1, 4, ((1, 2), (1, 2))),), ((('V', 2, 1, ((0, 4), (2, 0)), ((0, 4, 2, 0, 1, 2, ((2, 1),)),), ((),)), ('V', 2, 1, ((0, 5), (1, 2), (2, 0)), ((0, 5, 1, 2, 1, 1, ((1, 1),)), (1, 2, 2, 0, 1, 1, ((1, 1),))), ((), ()))),))),)
KEY n=4 q=3 N=6 OBS=972 LAW=972 OK ((1, 4, ('V', 4, 0, ((0, 4), (4, 0)), ((0, 4, 4, 0, 1, 4, ((1, 2), (1, 2))),), ((('V', 2, 1, ((0, 4), (2, 0)), ((0, 4, 2, 0, 1, 2, ((2, 1),)),), ((),)), ('V', 2, 1, ((0, 5), (2, 0)), ((0, 5, 2, 0, 2, 1, ((1, 1),)),), ((),))),))),)
KEY n=4 q=3 N=6 OBS=432 LAW=432 OK ((1, 4, ('V', 4, 0, ((0, 4), (4, 0)), ((0, 4, 4, 0, 1, 4, ((1, 2), (1, 2))),), ((('V', 2, 1, ((0, 5), (1, 2), (2, 0)), ((0, 5, 1, 2, 1, 1, ((1, 1),)), (1, 2, 2, 0, 1, 1, ((1, 1),))), ((), ())), ('V', 2, 1, ((0, 5), (1, 2), (2, 0)), ((0, 5, 1, 2, 1, 1, ((1, 1),)), (1, 2, 2, 0, 1, 1, ((1, 1),))), ((), ()))),))),)
KEY n=4 q=3 N=6 OBS=432 LAW=432 OK ((1, 4, ('V', 4, 0, ((0, 4), (4, 0)), ((0, 4, 4, 0, 1, 4, ((1, 2), (1, 2))),), ((('V', 2, 1, ((0, 5), (1, 2), (2, 0)), ((0, 5, 1, 2, 1, 1, ((1, 1),)), (1, 2, 2, 0, 1, 1, ((1, 1),))), ((), ())), ('V', 2, 1, ((0, 5), (2, 0)), ((0, 5, 2, 0, 2, 1, ((1, 1),)),), ((),))),))),)
KEY n=4 q=3 N=6 OBS=108 LAW=108 OK ((1, 4, ('V', 4, 0, ((0, 4), (4, 0)), ((0, 4, 4, 0, 1, 4, ((1, 2), (1, 2))),), ((('V', 2, 1, ((0, 5), (2, 0)), ((0, 5, 2, 0, 2, 1, ((1, 1),)),), ((),)), ('V', 2, 1, ((0, 5), (2, 0)), ((0, 5, 2, 0, 2, 1, ((1, 1),)),), ((),))),))),)
KEY n=4 q=3 N=6 OBS=708588 LAW=708588 OK ((1, 4, ('V', 4, 0, ((0, 4), (4, 0)), ((0, 4, 4, 0, 1, 4, ((1, 2), (2, 1))),), ((('V', 2, 1, ((0, 3), (2, 0)), ((0, 3, 2, 0, 2, 1, ((1, 1),)),), ((),)),),))),)
KEY n=4 q=3 N=6 OBS=39366 LAW=39366 OK ((1, 4, ('V', 4, 0, ((0, 4), (4, 0)), ((0, 4, 4, 0, 1, 4, ((1, 2), (2, 1))),), ((('V', 2, 1, ((0, 4), (2, 0)), ((0, 4, 2, 0, 1, 2, ((1, 1), (1, 1))),), ((),)),),))),)
KEY n=4 q=3 N=6 OBS=52488 LAW=52488 OK ((1, 4, ('V', 4, 0, ((0, 4), (4, 0)), ((0, 4, 4, 0, 1, 4, ((1, 2), (2, 1))),), ((('V', 2, 1, ((0, 4), (2, 0)), ((0, 4, 2, 0, 1, 2, ((1, 2),)),), ((('V', 2, 2, ((0, 5), (2, 0)), ((0, 5, 2, 0, 2, 1, ((1, 1),)),), ((),)),),)),),))),)
KEY n=4 q=3 N=6 OBS=118098 LAW=118098 OK ((1, 4, ('V', 4, 0, ((0, 4), (4, 0)), ((0, 4, 4, 0, 1, 4, ((1, 2), (2, 1))),), ((('V', 2, 1, ((0, 4), (2, 0)), ((0, 4, 2, 0, 1, 2, ((2, 1),)),), ((),)),),))),)
KEY n=4 q=3 N=6 OBS=52488 LAW=52488 OK ((1, 4, ('V', 4, 0, ((0, 4), (4, 0)), ((0, 4, 4, 0, 1, 4, ((1, 2), (2, 1))),), ((('V', 2, 1, ((0, 5), (1, 2), (2, 0)), ((0, 5, 1, 2, 1, 1, ((1, 1),)), (1, 2, 2, 0, 1, 1, ((1, 1),))), ((), ())),),))),)
KEY n=4 q=3 N=6 OBS=26244 LAW=26244 OK ((1, 4, ('V', 4, 0, ((0, 4), (4, 0)), ((0, 4, 4, 0, 1, 4, ((1, 2), (2, 1))),), ((('V', 2, 1, ((0, 5), (2, 0)), ((0, 5, 2, 0, 2, 1, ((1, 1),)),), ((),)),),))),)
KEY n=4 q=3 N=6 OBS=236196 LAW=236196 OK ((1, 4, ('V', 4, 0, ((0, 4), (4, 0)), ((0, 4, 4, 0, 1, 4, ((1, 4),)),), ((('V', 4, 1, ((0, 5), (4, 0)), ((0, 5, 4, 0, 4, 1, ((1, 1),)),), ((),)),),))),)
KEY n=4 q=3 N=6 OBS=531441 LAW=531441 OK ((1, 4, ('V', 4, 0, ((0, 4), (4, 0)), ((0, 4, 4, 0, 1, 4, ((2, 1), (2, 1))),), ((),))),)
KEY n=4 q=3 N=6 OBS=3188646 LAW=3188646 OK ((1, 4, ('V', 4, 0, ((0, 4), (4, 0)), ((0, 4, 4, 0, 1, 4, ((4, 1),)),), ((),))),)
KEY n=4 q=3 N=6 OBS=57395628 LAW=57395628 OK ((1, 4, ('V', 4, 0, ((0, 5), (1, 1), (4, 0)), ((0, 5, 1, 1, 1, 1, ((1, 1),)), (1, 1, 4, 0, 3, 1, ((1, 1),))), ((), ()))),)
KEY n=4 q=3 N=6 OBS=12754584 LAW=12754584 OK ((1, 4, ('V', 4, 0, ((0, 5), (1, 2), (2, 1), (4, 0)), ((0, 5, 1, 2, 1, 1, ((1, 1),)), (1, 2, 2, 1, 1, 1, ((1, 1),)), (2, 1, 4, 0, 2, 1, ((1, 1),))), ((), (), ()))),)
KEY n=4 q=3 N=6 OBS=6377292 LAW=6377292 OK ((1, 4, ('V', 4, 0, ((0, 5), (1, 2), (4, 0)), ((0, 5, 1, 2, 1, 1, ((1, 1),)), (1, 2, 4, 0, 3, 1, ((1, 1),))), ((), ()))),)
KEY n=4 q=3 N=6 OBS=157464 LAW=157464 OK ((1, 4, ('V', 4, 0, ((0, 5), (1, 3), (4, 0)), ((0, 5, 1, 3, 1, 1, ((1, 1),)), (1, 3, 4, 0, 1, 3, ((1, 1), (1, 2)))), ((), (('V', 2, 1, ((0, 3), (2, 0)), ((0, 3, 2, 0, 2, 1, ((1, 1),)),), ((),)),)))),)
KEY n=4 q=3 N=6 OBS=8748 LAW=8748 OK ((1, 4, ('V', 4, 0, ((0, 5), (1, 3), (4, 0)), ((0, 5, 1, 3, 1, 1, ((1, 1),)), (1, 3, 4, 0, 1, 3, ((1, 1), (1, 2)))), ((), (('V', 2, 1, ((0, 4), (2, 0)), ((0, 4, 2, 0, 1, 2, ((1, 1), (1, 1))),), ((),)),)))),)
KEY n=4 q=3 N=6 OBS=11664 LAW=11664 OK ((1, 4, ('V', 4, 0, ((0, 5), (1, 3), (4, 0)), ((0, 5, 1, 3, 1, 1, ((1, 1),)), (1, 3, 4, 0, 1, 3, ((1, 1), (1, 2)))), ((), (('V', 2, 1, ((0, 4), (2, 0)), ((0, 4, 2, 0, 1, 2, ((1, 2),)),), ((('V', 2, 2, ((0, 5), (2, 0)), ((0, 5, 2, 0, 2, 1, ((1, 1),)),), ((),)),),)),)))),)
KEY n=4 q=3 N=6 OBS=26244 LAW=26244 OK ((1, 4, ('V', 4, 0, ((0, 5), (1, 3), (4, 0)), ((0, 5, 1, 3, 1, 1, ((1, 1),)), (1, 3, 4, 0, 1, 3, ((1, 1), (1, 2)))), ((), (('V', 2, 1, ((0, 4), (2, 0)), ((0, 4, 2, 0, 1, 2, ((2, 1),)),), ((),)),)))),)
KEY n=4 q=3 N=6 OBS=11664 LAW=11664 OK ((1, 4, ('V', 4, 0, ((0, 5), (1, 3), (4, 0)), ((0, 5, 1, 3, 1, 1, ((1, 1),)), (1, 3, 4, 0, 1, 3, ((1, 1), (1, 2)))), ((), (('V', 2, 1, ((0, 5), (1, 2), (2, 0)), ((0, 5, 1, 2, 1, 1, ((1, 1),)), (1, 2, 2, 0, 1, 1, ((1, 1),))), ((), ())),)))),)
KEY n=4 q=3 N=6 OBS=5832 LAW=5832 OK ((1, 4, ('V', 4, 0, ((0, 5), (1, 3), (4, 0)), ((0, 5, 1, 3, 1, 1, ((1, 1),)), (1, 3, 4, 0, 1, 3, ((1, 1), (1, 2)))), ((), (('V', 2, 1, ((0, 5), (2, 0)), ((0, 5, 2, 0, 2, 1, ((1, 1),)),), ((),)),)))),)
KEY n=4 q=3 N=6 OBS=708588 LAW=708588 OK ((1, 4, ('V', 4, 0, ((0, 5), (1, 3), (4, 0)), ((0, 5, 1, 3, 1, 1, ((1, 1),)), (1, 3, 4, 0, 1, 3, ((1, 1), (2, 1)))), ((), ()))),)
KEY n=4 q=3 N=6 OBS=157464 LAW=157464 OK ((1, 4, ('V', 4, 0, ((0, 5), (1, 3), (4, 0)), ((0, 5, 1, 3, 1, 1, ((1, 1),)), (1, 3, 4, 0, 1, 3, ((1, 3),))), ((), (('V', 3, 1, ((0, 4), (3, 0)), ((0, 4, 3, 0, 3, 1, ((1, 1),)),), ((),)),)))),)
KEY n=4 q=3 N=6 OBS=34992 LAW=34992 OK ((1, 4, ('V', 4, 0, ((0, 5), (1, 3), (4, 0)), ((0, 5, 1, 3, 1, 1, ((1, 1),)), (1, 3, 4, 0, 1, 3, ((1, 3),))), ((), (('V', 3, 1, ((0, 5), (1, 3), (3, 0)), ((0, 5, 1, 3, 1, 1, ((1, 1),)), (1, 3, 3, 0, 2, 1, ((1, 1),))), ((), ())),)))),)
KEY n=4 q=3 N=6 OBS=17496 LAW=17496 OK ((1, 4, ('V', 4, 0, ((0, 5), (1, 3), (4, 0)), ((0, 5, 1, 3, 1, 1, ((1, 1),)), (1, 3, 4, 0, 1, 3, ((1, 3),))), ((), (('V', 3, 1, ((0, 5), (3, 0)), ((0, 5, 3, 0, 3, 1, ((1, 1),)),), ((),)),)))),)
KEY n=4 q=3 N=6 OBS=944784 LAW=944784 OK ((1, 4, ('V', 4, 0, ((0, 5), (1, 3), (4, 0)), ((0, 5, 1, 3, 1, 1, ((1, 1),)), (1, 3, 4, 0, 1, 3, ((3, 1),))), ((), ()))),)
KEY n=4 q=3 N=6 OBS=1062882 LAW=1062882 OK ((1, 4, ('V', 4, 0, ((0, 5), (2, 1), (4, 0)), ((0, 5, 2, 1, 1, 2, ((1, 1), (1, 1))), (2, 1, 4, 0, 2, 1, ((1, 1),))), ((), ()))),)
KEY n=4 q=3 N=6 OBS=1417176 LAW=1417176 OK ((1, 4, ('V', 4, 0, ((0, 5), (2, 1), (4, 0)), ((0, 5, 2, 1, 1, 2, ((1, 2),)), (2, 1, 4, 0, 2, 1, ((1, 1),))), ((('V', 2, 2, ((0, 5), (2, 0)), ((0, 5, 2, 0, 2, 1, ((1, 1),)),), ((),)),), ()))),)
KEY n=4 q=3 N=6 OBS=3188646 LAW=3188646 OK ((1, 4, ('V', 4, 0, ((0, 5), (2, 1), (4, 0)), ((0, 5, 2, 1, 1, 2, ((2, 1),)), (2, 1, 4, 0, 2, 1, ((1, 1),))), ((), ()))),)
KEY n=4 q=3 N=6 OBS=118098 LAW=118098 OK ((1, 4, ('V', 4, 0, ((0, 5), (2, 2), (4, 0)), ((0, 5, 2, 2, 2, 1, ((1, 1),)), (2, 2, 4, 0, 1, 2, ((1, 1), (1, 1)))), ((), ()))),)
KEY n=4 q=3 N=6 OBS=157464 LAW=157464 OK ((1, 4, ('V', 4, 0, ((0, 5), (2, 2), (4, 0)), ((0, 5, 2, 2, 2, 1, ((1, 1),)), (2, 2, 4, 0, 1, 2, ((1, 2),))), ((), (('V', 2, 1, ((0, 3), (2, 0)), ((0, 3, 2, 0, 2, 1, ((1, 1),)),), ((),)),)))),)
KEY n=4 q=3 N=6 OBS=8748 LAW=8748 OK ((1, 4, ('V', 4, 0, ((0, 5), (2, 2), (4, 0)), ((0, 5, 2, 2, 2, 1, ((1, 1),)), (2, 2, 4, 0, 1, 2, ((1, 2),))), ((), (('V', 2, 1, ((0, 4), (2, 0)), ((0, 4, 2, 0, 1, 2, ((1, 1), (1, 1))),), ((),)),)))),)
KEY n=4 q=3 N=6 OBS=11664 LAW=11664 OK ((1, 4, ('V', 4, 0, ((0, 5), (2, 2), (4, 0)), ((0, 5, 2, 2, 2, 1, ((1, 1),)), (2, 2, 4, 0, 1, 2, ((1, 2),))), ((), (('V', 2, 1, ((0, 4), (2, 0)), ((0, 4, 2, 0, 1, 2, ((1, 2),)),), ((('V', 2, 2, ((0, 5), (2, 0)), ((0, 5, 2, 0, 2, 1, ((1, 1),)),), ((),)),),)),)))),)
KEY n=4 q=3 N=6 OBS=26244 LAW=26244 OK ((1, 4, ('V', 4, 0, ((0, 5), (2, 2), (4, 0)), ((0, 5, 2, 2, 2, 1, ((1, 1),)), (2, 2, 4, 0, 1, 2, ((1, 2),))), ((), (('V', 2, 1, ((0, 4), (2, 0)), ((0, 4, 2, 0, 1, 2, ((2, 1),)),), ((),)),)))),)
KEY n=4 q=3 N=6 OBS=11664 LAW=11664 OK ((1, 4, ('V', 4, 0, ((0, 5), (2, 2), (4, 0)), ((0, 5, 2, 2, 2, 1, ((1, 1),)), (2, 2, 4, 0, 1, 2, ((1, 2),))), ((), (('V', 2, 1, ((0, 5), (1, 2), (2, 0)), ((0, 5, 1, 2, 1, 1, ((1, 1),)), (1, 2, 2, 0, 1, 1, ((1, 1),))), ((), ())),)))),)
KEY n=4 q=3 N=6 OBS=5832 LAW=5832 OK ((1, 4, ('V', 4, 0, ((0, 5), (2, 2), (4, 0)), ((0, 5, 2, 2, 2, 1, ((1, 1),)), (2, 2, 4, 0, 1, 2, ((1, 2),))), ((), (('V', 2, 1, ((0, 5), (2, 0)), ((0, 5, 2, 0, 2, 1, ((1, 1),)),), ((),)),)))),)
KEY n=4 q=3 N=6 OBS=354294 LAW=354294 OK ((1, 4, ('V', 4, 0, ((0, 5), (2, 2), (4, 0)), ((0, 5, 2, 2, 2, 1, ((1, 1),)), (2, 2, 4, 0, 1, 2, ((2, 1),))), ((), ()))),)
KEY n=4 q=3 N=6 OBS=236196 LAW=236196 OK ((1, 4, ('V', 4, 0, ((0, 5), (3, 1), (4, 0)), ((0, 5, 3, 1, 3, 1, ((1, 1),)), (3, 1, 4, 0, 1, 1, ((1, 1),))), ((), ()))),)
KEY n=4 q=3 N=6 OBS=118098 LAW=118098 OK ((1, 4, ('V', 4, 0, ((0, 5), (4, 0)), ((0, 5, 4, 0, 4, 1, ((1, 1),)),), ((),))),)
KEY n=4 q=3 N=6 OBS=10460353203 LAW=10460353203 OK ((2, 1, ('SIMPLE',)), (2, 1, ('SIMPLE',)))
KEY n=4 q=3 N=6 OBS=9298091736 LAW=9298091736 OK ((2, 2, ('V', 2, 0, ((0, 1), (2, 0)), ((0, 1, 2, 0, 2, 1, ((1, 1),)),), ((),))),)
KEY n=4 q=3 N=6 OBS=401769396 LAW=401769396 OK ((2, 2, ('V', 2, 0, ((0, 2), (2, 0)), ((0, 2, 2, 0, 1, 2, ((1, 1), (1, 1))),), ((),))),)
KEY n=4 q=3 N=6 OBS=102036672 LAW=102036672 OK ((2, 2, ('V', 2, 0, ((0, 2), (2, 0)), ((0, 2, 2, 0, 1, 2, ((1, 2),)),), ((('V', 2, 1, ((0, 3), (2, 0)), ((0, 3, 2, 0, 2, 1, ((1, 1),)),), ((),)),),))),)
KEY n=4 q=3 N=6 OBS=4408992 LAW=4408992 OK ((2, 2, ('V', 2, 0, ((0, 2), (2, 0)), ((0, 2, 2, 0, 1, 2, ((1, 2),)),), ((('V', 2, 1, ((0, 4), (2, 0)), ((0, 4, 2, 0, 1, 2, ((1, 1), (1, 1))),), ((),)),),))),)
KEY n=4 q=3 N=6 OBS=1119744 LAW=1119744 OK ((2, 2, ('V', 2, 0, ((0, 2), (2, 0)), ((0, 2, 2, 0, 1, 2, ((1, 2),)),), ((('V', 2, 1, ((0, 4), (2, 0)), ((0, 4, 2, 0, 1, 2, ((1, 2),)),), ((('V', 2, 2, ((0, 5), (2, 0)), ((0, 5, 2, 0, 2, 1, ((1, 1),)),), ((),)),),)),),))),)
KEY n=4 q=3 N=6 OBS=5668704 LAW=5668704 OK ((2, 2, ('V', 2, 0, ((0, 2), (2, 0)), ((0, 2, 2, 0, 1, 2, ((1, 2),)),), ((('V', 2, 1, ((0, 4), (2, 0)), ((0, 4, 2, 0, 1, 2, ((2, 1),)),), ((),)),),))),)
KEY n=4 q=3 N=6 OBS=1119744 LAW=1119744 OK ((2, 2, ('V', 2, 0, ((0, 2), (2, 0)), ((0, 2, 2, 0, 1, 2, ((1, 2),)),), ((('V', 2, 1, ((0, 5), (1, 2), (2, 0)), ((0, 5, 1, 2, 1, 1, ((1, 1),)), (1, 2, 2, 0, 1, 1, ((1, 1),))), ((), ())),),))),)
KEY n=4 q=3 N=6 OBS=139968 LAW=139968 OK ((2, 2, ('V', 2, 0, ((0, 2), (2, 0)), ((0, 2, 2, 0, 1, 2, ((1, 2),)),), ((('V', 2, 1, ((0, 5), (2, 0)), ((0, 5, 2, 0, 2, 1, ((1, 1),)),), ((),)),),))),)
KEY n=4 q=3 N=6 OBS=516560652 LAW=516560652 OK ((2, 2, ('V', 2, 0, ((0, 2), (2, 0)), ((0, 2, 2, 0, 1, 2, ((2, 1),)),), ((),))),)
KEY n=4 q=3 N=6 OBS=102036672 LAW=102036672 OK ((2, 2, ('V', 2, 0, ((0, 3), (1, 1), (2, 0)), ((0, 3, 1, 1, 1, 1, ((1, 1),)), (1, 1, 2, 0, 1, 1, ((1, 1),))), ((), ()))),)
KEY n=4 q=3 N=6 OBS=12754584 LAW=12754584 OK ((2, 2, ('V', 2, 0, ((0, 3), (2, 0)), ((0, 3, 2, 0, 2, 1, ((1, 1),)),), ((),))),)
KEY n=4 q=3 N=6 OBS=11337408 LAW=11337408 OK ((2, 2, ('V', 2, 0, ((0, 4), (1, 1), (2, 0)), ((0, 4, 1, 1, 1, 1, ((1, 1),)), (1, 1, 2, 0, 1, 1, ((1, 1),))), ((), ()))),)
KEY n=4 q=3 N=6 OBS=551124 LAW=551124 OK ((2, 2, ('V', 2, 0, ((0, 4), (2, 0)), ((0, 4, 2, 0, 1, 2, ((1, 1), (1, 1))),), ((),))),)
KEY n=4 q=3 N=6 OBS=139968 LAW=139968 OK ((2, 2, ('V', 2, 0, ((0, 4), (2, 0)), ((0, 4, 2, 0, 1, 2, ((1, 2),)),), ((('V', 2, 2, ((0, 5), (2, 0)), ((0, 5, 2, 0, 2, 1, ((1, 1),)),), ((),)),),))),)
KEY n=4 q=3 N=6 OBS=708588 LAW=708588 OK ((2, 2, ('V', 2, 0, ((0, 4), (2, 0)), ((0, 4, 2, 0, 1, 2, ((2, 1),)),), ((),))),)
KEY n=4 q=3 N=6 OBS=1259712 LAW=1259712 OK ((2, 2, ('V', 2, 0, ((0, 5), (1, 1), (2, 0)), ((0, 5, 1, 1, 1, 1, ((1, 1),)), (1, 1, 2, 0, 1, 1, ((1, 1),))), ((), ()))),)
KEY n=4 q=3 N=6 OBS=139968 LAW=139968 OK ((2, 2, ('V', 2, 0, ((0, 5), (1, 2), (2, 0)), ((0, 5, 1, 2, 1, 1, ((1, 1),)), (1, 2, 2, 0, 1, 1, ((1, 1),))), ((), ()))),)
KEY n=4 q=3 N=6 OBS=17496 LAW=17496 OK ((2, 2, ('V', 2, 0, ((0, 5), (2, 0)), ((0, 5, 2, 0, 2, 1, ((1, 1),)),), ((),))),)
KEY n=4 q=3 N=6 OBS=62762119218 LAW=62762119218 OK ((4, 1, ('SIMPLE',)),)
CONTROL-L0 q=3 N=6 keys=18 OK
TRANSFER translations=300 translation_bad=0 hensel_splits=322 hensel_bad=0
TEETH DROP-HISTORY-CENSUS fired=302
TEETH BASE-q-LETTERS fired=22
TEETH DROP-KAPPA0 fired=370
TEETH DROP-L fired=1136
SUMMARY per_key_comparisons=1196 control_mismatches=0 law_mismatches=0
FINAL VERDICT: LAW-CONFIRMED
