from-ID	to-ID	edge-kind	chapter	status	edge-class	resolution	kind-basis	evidence
CAP:UniformityStatement	COND:A1_n	stmt-dep	I	OPEN	ledger-cond	from:exact,to:unmatched	default	HYPOTHESIS_LEDGER Display A conjunct A1_n (no HYP row matched)
CAP:UniformityStatement	COND:A2_n	stmt-dep	I	OPEN	ledger-cond	from:exact,to:unmatched	default	HYPOTHESIS_LEDGER Display A conjunct A2_n (no HYP row matched)
CAP:UniformityStatement	COND:H-e)-window-pinning	stmt-dep	I	OPEN	ledger-cond	from:exact,to:unmatched	default	HYPOTHESIS_LEDGER Display A conjunct H-e)-window-pinning (no HYP row matched)
CAP:UniformityStatement	HYP.01	stmt-dep	I	OPEN	ledger-path	from:exact,to:exact	default	HYPOTHESIS_LEDGER scope: surviving condition on the capstone path (HYP.01)
CAP:UniformityStatement	HYP.02	stmt-dep	I	OPEN	ledger-path	from:exact,to:exact	default	HYPOTHESIS_LEDGER scope: surviving condition on the capstone path (HYP.02)
CAP:UniformityStatement	HYP.07	stmt-dep	I	OPEN	ledger-path	from:exact,to:exact	default	HYPOTHESIS_LEDGER scope: surviving condition on the capstone path (HYP.07)
CAP:UniformityStatement	HYP.08	stmt-dep	I	OPEN	ledger-path	from:exact,to:exact	default	HYPOTHESIS_LEDGER scope: surviving condition on the capstone path (HYP.08)
CAP:UniformityStatement	HYP.09	stmt-dep	I	OPEN	ledger-path	from:exact,to:exact	default	HYPOTHESIS_LEDGER scope: surviving condition on the capstone path (HYP.09)
CAP:UniformityStatement	HYP.10	stmt-dep	I	OPEN	ledger-path	from:exact,to:exact	default	HYPOTHESIS_LEDGER scope: surviving condition on the capstone path (HYP.10)
CAP:UniformityStatement	HYP.100	stmt-dep	I	OPEN	ledger-path	from:exact,to:exact	default	HYPOTHESIS_LEDGER scope: surviving condition on the capstone path (HYP.100)
CAP:UniformityStatement	HYP.101	stmt-dep	I	OPEN	ledger-cond	from:exact,to:exact	default	HYPOTHESIS_LEDGER Display A conjunct HE7A[ACCOUNT, RES-DEG, nonempty, exhaust, root-continuation
CAP:UniformityStatement	HYP.102	stmt-dep	I	OPEN	ledger-path	from:exact,to:exact	default	HYPOTHESIS_LEDGER scope: surviving condition on the capstone path (HYP.102)
CAP:UniformityStatement	HYP.103	stmt-dep	I	OPEN	ledger-path	from:exact,to:exact	default	HYPOTHESIS_LEDGER scope: surviving condition on the capstone path (HYP.103)
CAP:UniformityStatement	HYP.104	stmt-dep	I	OPEN	ledger-path	from:exact,to:exact	default	HYPOTHESIS_LEDGER scope: surviving condition on the capstone path (HYP.104)
CAP:UniformityStatement	HYP.105	stmt-dep	I	OPEN	ledger-path	from:exact,to:exact	default	HYPOTHESIS_LEDGER scope: surviving condition on the capstone path (HYP.105)
CAP:UniformityStatement	HYP.106	stmt-dep	I	OPEN	ledger-path	from:exact,to:exact	default	HYPOTHESIS_LEDGER scope: surviving condition on the capstone path (HYP.106)
CAP:UniformityStatement	HYP.107	stmt-dep	I	OPEN	ledger-path	from:exact,to:exact	default	HYPOTHESIS_LEDGER scope: surviving condition on the capstone path (HYP.107)
CAP:UniformityStatement	HYP.108	stmt-dep	I	OPEN	ledger-path	from:exact,to:exact	default	HYPOTHESIS_LEDGER scope: surviving condition on the capstone path (HYP.108)
CAP:UniformityStatement	HYP.109	stmt-dep	I	OPEN	ledger-path	from:exact,to:exact	default	HYPOTHESIS_LEDGER scope: surviving condition on the capstone path (HYP.109)
CAP:UniformityStatement	HYP.11	stmt-dep	I	OPEN	ledger-path	from:exact,to:exact	default	HYPOTHESIS_LEDGER scope: surviving condition on the capstone path (HYP.11)
CAP:UniformityStatement	HYP.110	stmt-dep	I	OPEN	ledger-path	from:exact,to:exact	default	HYPOTHESIS_LEDGER scope: surviving condition on the capstone path (HYP.110)
CAP:UniformityStatement	HYP.111	stmt-dep	I	OPEN	ledger-path	from:exact,to:exact	default	HYPOTHESIS_LEDGER scope: surviving condition on the capstone path (HYP.111)
CAP:UniformityStatement	HYP.112	stmt-dep	I	OPEN	ledger-path	from:exact,to:exact	default	HYPOTHESIS_LEDGER scope: surviving condition on the capstone path (HYP.112)
CAP:UniformityStatement	HYP.113	stmt-dep	I	OPEN	ledger-path	from:exact,to:exact	default	HYPOTHESIS_LEDGER scope: surviving condition on the capstone path (HYP.113)
CAP:UniformityStatement	HYP.114	stmt-dep	I	OPEN	ledger-path	from:exact,to:exact	default	HYPOTHESIS_LEDGER scope: surviving condition on the capstone path (HYP.114)
CAP:UniformityStatement	HYP.115	stmt-dep	I	OPEN	ledger-path	from:exact,to:exact	default	HYPOTHESIS_LEDGER scope: surviving condition on the capstone path (HYP.115)
CAP:UniformityStatement	HYP.116	stmt-dep	I	OPEN	ledger-path	from:exact,to:exact	default	HYPOTHESIS_LEDGER scope: surviving condition on the capstone path (HYP.116)
CAP:UniformityStatement	HYP.118	stmt-dep	I	OPEN	ledger-path	from:exact,to:exact	default	HYPOTHESIS_LEDGER scope: surviving condition on the capstone path (HYP.118)
CAP:UniformityStatement	HYP.119	stmt-dep	I	OPEN	ledger-path	from:exact,to:exact	default	HYPOTHESIS_LEDGER scope: surviving condition on the capstone path (HYP.119)
CAP:UniformityStatement	HYP.12	stmt-dep	I	OPEN	ledger-path	from:exact,to:exact	default	HYPOTHESIS_LEDGER scope: surviving condition on the capstone path (HYP.12)
CAP:UniformityStatement	HYP.120	stmt-dep	I	OPEN	ledger-path	from:exact,to:exact	default	HYPOTHESIS_LEDGER scope: surviving condition on the capstone path (HYP.120)
CAP:UniformityStatement	HYP.121	stmt-dep	I	OPEN	ledger-path	from:exact,to:exact	default	HYPOTHESIS_LEDGER scope: surviving condition on the capstone path (HYP.121)
CAP:UniformityStatement	HYP.122	stmt-dep	I	OPEN	ledger-path	from:exact,to:exact	default	HYPOTHESIS_LEDGER scope: surviving condition on the capstone path (HYP.122)
CAP:UniformityStatement	HYP.123	stmt-dep	I	OPEN	ledger-path	from:exact,to:exact	default	HYPOTHESIS_LEDGER scope: surviving condition on the capstone path (HYP.123)
CAP:UniformityStatement	HYP.124	stmt-dep	I	OPEN	ledger-path	from:exact,to:exact	default	HYPOTHESIS_LEDGER scope: surviving condition on the capstone path (HYP.124)
CAP:UniformityStatement	HYP.125	stmt-dep	I	OPEN	ledger-path	from:exact,to:exact	default	HYPOTHESIS_LEDGER scope: surviving condition on the capstone path (HYP.125)
CAP:UniformityStatement	HYP.126	stmt-dep	I	OPEN	ledger-path	from:exact,to:exact	default	HYPOTHESIS_LEDGER scope: surviving condition on the capstone path (HYP.126)
CAP:UniformityStatement	HYP.127	stmt-dep	I	OPEN	ledger-path	from:exact,to:exact	default	HYPOTHESIS_LEDGER scope: surviving condition on the capstone path (HYP.127)
CAP:UniformityStatement	HYP.128	stmt-dep	I	OPEN	ledger-path	from:exact,to:exact	default	HYPOTHESIS_LEDGER scope: surviving condition on the capstone path (HYP.128)
CAP:UniformityStatement	HYP.129	stmt-dep	I	OPEN	ledger-path	from:exact,to:exact	default	HYPOTHESIS_LEDGER scope: surviving condition on the capstone path (HYP.129)
CAP:UniformityStatement	HYP.13	stmt-dep	I	OPEN	ledger-path	from:exact,to:exact	default	HYPOTHESIS_LEDGER scope: surviving condition on the capstone path (HYP.13)
CAP:UniformityStatement	HYP.130	stmt-dep	I	OPEN	ledger-path	from:exact,to:exact	default	HYPOTHESIS_LEDGER scope: surviving condition on the capstone path (HYP.130)
CAP:UniformityStatement	HYP.131	stmt-dep	I	OPEN	ledger-path	from:exact,to:exact	default	HYPOTHESIS_LEDGER scope: surviving condition on the capstone path (HYP.131)
CAP:UniformityStatement	HYP.132	stmt-dep	I	OPEN	ledger-path	from:exact,to:exact	default	HYPOTHESIS_LEDGER scope: surviving condition on the capstone path (HYP.132)
CAP:UniformityStatement	HYP.133	stmt-dep	I	OPEN	ledger-path	from:exact,to:exact	default	HYPOTHESIS_LEDGER scope: surviving condition on the capstone path (HYP.133)
CAP:UniformityStatement	HYP.134	stmt-dep	I	OPEN	ledger-path	from:exact,to:exact	default	HYPOTHESIS_LEDGER scope: surviving condition on the capstone path (HYP.134)
CAP:UniformityStatement	HYP.135	stmt-dep	I	OPEN	ledger-path	from:exact,to:exact	default	HYPOTHESIS_LEDGER scope: surviving condition on the capstone path (HYP.135)
CAP:UniformityStatement	HYP.137	stmt-dep	I	OPEN	ledger-path	from:exact,to:exact	default	HYPOTHESIS_LEDGER scope: surviving condition on the capstone path (HYP.137)
CAP:UniformityStatement	HYP.138	stmt-dep	I	OPEN	ledger-path	from:exact,to:exact	default	HYPOTHESIS_LEDGER scope: surviving condition on the capstone path (HYP.138)
CAP:UniformityStatement	HYP.139	stmt-dep	I	OPEN	ledger-cond	from:exact,to:exact	default	HYPOTHESIS_LEDGER Display A (frozen)
CAP:UniformityStatement	HYP.14	stmt-dep	I	OPEN	ledger-path	from:exact,to:exact	default	HYPOTHESIS_LEDGER scope: surviving condition on the capstone path (HYP.14)
CAP:UniformityStatement	HYP.140	stmt-dep	I	OPEN	ledger-path	from:exact,to:exact	default	HYPOTHESIS_LEDGER scope: surviving condition on the capstone path (HYP.140)
CAP:UniformityStatement	HYP.141	stmt-dep	I	OPEN	ledger-path	from:exact,to:exact	default	HYPOTHESIS_LEDGER scope: surviving condition on the capstone path (HYP.141)
CAP:UniformityStatement	HYP.142	stmt-dep	I	OPEN	ledger-path	from:exact,to:exact	default	HYPOTHESIS_LEDGER scope: surviving condition on the capstone path (HYP.142)
CAP:UniformityStatement	HYP.143	stmt-dep	I	OPEN	ledger-path	from:exact,to:exact	default	HYPOTHESIS_LEDGER scope: surviving condition on the capstone path (HYP.143)
CAP:UniformityStatement	HYP.144	stmt-dep	I	OPEN	ledger-path	from:exact,to:exact	default	HYPOTHESIS_LEDGER scope: surviving condition on the capstone path (HYP.144)
CAP:UniformityStatement	HYP.145	stmt-dep	I	OPEN	ledger-path	from:exact,to:exact	default	HYPOTHESIS_LEDGER scope: surviving condition on the capstone path (HYP.145)
CAP:UniformityStatement	HYP.146	stmt-dep	I	OPEN	ledger-path	from:exact,to:exact	default	HYPOTHESIS_LEDGER scope: surviving condition on the capstone path (HYP.146)
CAP:UniformityStatement	HYP.148	stmt-dep	I	OPEN	ledger-cond	from:exact,to:exact	default	HYPOTHESIS_LEDGER Display A conjunct GENHN-BOX-2 if n≥6
CAP:UniformityStatement	HYP.149	stmt-dep	I	OPEN	ledger-cond	from:exact,to:exact	default	HYPOTHESIS_LEDGER Display A (frozen)
CAP:UniformityStatement	HYP.15	stmt-dep	I	OPEN	ledger-cond	from:exact,to:exact	default	HYPOTHESIS_LEDGER Display A (frozen)
CAP:UniformityStatement	HYP.17	stmt-dep	I	OPEN	ledger-path	from:exact,to:exact	default	HYPOTHESIS_LEDGER scope: surviving condition on the capstone path (HYP.17)
CAP:UniformityStatement	HYP.18	stmt-dep	I	OPEN	ledger-path	from:exact,to:exact	default	HYPOTHESIS_LEDGER scope: surviving condition on the capstone path (HYP.18)
CAP:UniformityStatement	HYP.19	stmt-dep	I	OPEN	ledger-path	from:exact,to:exact	default	HYPOTHESIS_LEDGER scope: surviving condition on the capstone path (HYP.19)
CAP:UniformityStatement	HYP.20	stmt-dep	I	OPEN	ledger-path	from:exact,to:exact	default	HYPOTHESIS_LEDGER scope: surviving condition on the capstone path (HYP.20)
CAP:UniformityStatement	HYP.23	stmt-dep	I	OPEN	ledger-path	from:exact,to:exact	default	HYPOTHESIS_LEDGER scope: surviving condition on the capstone path (HYP.23)
CAP:UniformityStatement	HYP.25	stmt-dep	I	OPEN	ledger-path	from:exact,to:exact	default	HYPOTHESIS_LEDGER scope: surviving condition on the capstone path (HYP.25)
CAP:UniformityStatement	HYP.26	stmt-dep	I	OPEN	ledger-path	from:exact,to:exact	default	HYPOTHESIS_LEDGER scope: surviving condition on the capstone path (HYP.26)
CAP:UniformityStatement	HYP.27	stmt-dep	I	OPEN	ledger-path	from:exact,to:exact	default	HYPOTHESIS_LEDGER scope: surviving condition on the capstone path (HYP.27)
CAP:UniformityStatement	HYP.28	stmt-dep	I	OPEN	ledger-path	from:exact,to:exact	default	HYPOTHESIS_LEDGER scope: surviving condition on the capstone path (HYP.28)
CAP:UniformityStatement	HYP.29	stmt-dep	I	OPEN	ledger-path	from:exact,to:exact	default	HYPOTHESIS_LEDGER scope: surviving condition on the capstone path (HYP.29)
CAP:UniformityStatement	HYP.30	stmt-dep	I	OPEN	ledger-path	from:exact,to:exact	default	HYPOTHESIS_LEDGER scope: surviving condition on the capstone path (HYP.30)
CAP:UniformityStatement	HYP.31	stmt-dep	I	OPEN	ledger-path	from:exact,to:exact	default	HYPOTHESIS_LEDGER scope: surviving condition on the capstone path (HYP.31)
CAP:UniformityStatement	HYP.32	stmt-dep	I	OPEN	ledger-path	from:exact,to:exact	default	HYPOTHESIS_LEDGER scope: surviving condition on the capstone path (HYP.32)
CAP:UniformityStatement	HYP.33	stmt-dep	I	OPEN	ledger-path	from:exact,to:exact	default	HYPOTHESIS_LEDGER scope: surviving condition on the capstone path (HYP.33)
CAP:UniformityStatement	HYP.35	stmt-dep	I	OPEN	ledger-path	from:exact,to:exact	default	HYPOTHESIS_LEDGER scope: surviving condition on the capstone path (HYP.35)
CAP:UniformityStatement	HYP.36	stmt-dep	I	OPEN	ledger-path	from:exact,to:exact	default	HYPOTHESIS_LEDGER scope: surviving condition on the capstone path (HYP.36)
CAP:UniformityStatement	HYP.37	stmt-dep	I	OPEN	ledger-path	from:exact,to:exact	default	HYPOTHESIS_LEDGER scope: surviving condition on the capstone path (HYP.37)
CAP:UniformityStatement	HYP.38	stmt-dep	I	OPEN	ledger-path	from:exact,to:exact	default	HYPOTHESIS_LEDGER scope: surviving condition on the capstone path (HYP.38)
CAP:UniformityStatement	HYP.39	stmt-dep	I	OPEN	ledger-cond	from:exact,to:exact	default	HYPOTHESIS_LEDGER Display A (frozen)
CAP:UniformityStatement	HYP.40	stmt-dep	I	OPEN	ledger-cond	from:exact,to:exact	default	HYPOTHESIS_LEDGER Display A conjunct ∀ i≥3, ((H-VARTHETA-RES)_i
CAP:UniformityStatement	HYP.41	stmt-dep	I	OPEN	ledger-cond	from:exact,to:exact	default	HYPOTHESIS_LEDGER Display A conjunct LB1
CAP:UniformityStatement	HYP.42	stmt-dep	I	OPEN	ledger-cond	from:exact,to:exact	default	HYPOTHESIS_LEDGER Display A conjunct HE7A[ACCOUNT, RES-DEG, nonempty, exhaust, root-continuation
CAP:UniformityStatement	HYP.43	stmt-dep	I	OPEN	ledger-path	from:exact,to:exact	default	HYPOTHESIS_LEDGER scope: surviving condition on the capstone path (HYP.43)
CAP:UniformityStatement	HYP.44	stmt-dep	I	OPEN	ledger-path	from:exact,to:exact	default	HYPOTHESIS_LEDGER scope: surviving condition on the capstone path (HYP.44)
CAP:UniformityStatement	HYP.45	stmt-dep	I	OPEN	ledger-path	from:exact,to:exact	default	HYPOTHESIS_LEDGER scope: surviving condition on the capstone path (HYP.45)
CAP:UniformityStatement	HYP.46	stmt-dep	I	OPEN	ledger-path	from:exact,to:exact	default	HYPOTHESIS_LEDGER scope: surviving condition on the capstone path (HYP.46)
CAP:UniformityStatement	HYP.47	stmt-dep	I	OPEN	ledger-path	from:exact,to:exact	default	HYPOTHESIS_LEDGER scope: surviving condition on the capstone path (HYP.47)
CAP:UniformityStatement	HYP.48	stmt-dep	I	OPEN	ledger-path	from:exact,to:exact	default	HYPOTHESIS_LEDGER scope: surviving condition on the capstone path (HYP.48)
CAP:UniformityStatement	HYP.49	stmt-dep	I	OPEN	ledger-path	from:exact,to:exact	default	HYPOTHESIS_LEDGER scope: surviving condition on the capstone path (HYP.49)
CAP:UniformityStatement	HYP.50	stmt-dep	I	OPEN	ledger-path	from:exact,to:exact	default	HYPOTHESIS_LEDGER scope: surviving condition on the capstone path (HYP.50)
CAP:UniformityStatement	HYP.51	stmt-dep	I	OPEN	ledger-cond	from:exact,to:exact	default	HYPOTHESIS_LEDGER Display A conjunct ∀ i≥3, ((H-VARTHETA-RES)_i
CAP:UniformityStatement	HYP.52	stmt-dep	I	OPEN	ledger-cond	from:exact,to:exact	default	HYPOTHESIS_LEDGER Display A conjunct ∀ i≥3, ((H-VARTHETA-RES)_i
CAP:UniformityStatement	HYP.53	stmt-dep	I	OPEN	ledger-path	from:exact,to:exact	default	HYPOTHESIS_LEDGER scope: surviving condition on the capstone path (HYP.53)
CAP:UniformityStatement	HYP.54	stmt-dep	I	OPEN	ledger-path	from:exact,to:exact	default	HYPOTHESIS_LEDGER scope: surviving condition on the capstone path (HYP.54)
CAP:UniformityStatement	HYP.55	stmt-dep	I	OPEN	ledger-path	from:exact,to:exact	default	HYPOTHESIS_LEDGER scope: surviving condition on the capstone path (HYP.55)
CAP:UniformityStatement	HYP.56	stmt-dep	I	OPEN	ledger-path	from:exact,to:exact	default	HYPOTHESIS_LEDGER scope: surviving condition on the capstone path (HYP.56)
CAP:UniformityStatement	HYP.57	stmt-dep	I	OPEN	ledger-path	from:exact,to:exact	default	HYPOTHESIS_LEDGER scope: surviving condition on the capstone path (HYP.57)
CAP:UniformityStatement	HYP.58	stmt-dep	I	OPEN	ledger-path	from:exact,to:exact	default	HYPOTHESIS_LEDGER scope: surviving condition on the capstone path (HYP.58)
CAP:UniformityStatement	HYP.59	stmt-dep	I	OPEN	ledger-path	from:exact,to:exact	default	HYPOTHESIS_LEDGER scope: surviving condition on the capstone path (HYP.59)
CAP:UniformityStatement	HYP.60	stmt-dep	I	OPEN	ledger-path	from:exact,to:exact	default	HYPOTHESIS_LEDGER scope: surviving condition on the capstone path (HYP.60)
CAP:UniformityStatement	HYP.61	stmt-dep	I	OPEN	ledger-path	from:exact,to:exact	default	HYPOTHESIS_LEDGER scope: surviving condition on the capstone path (HYP.61)
CAP:UniformityStatement	HYP.62	stmt-dep	I	OPEN	ledger-path	from:exact,to:exact	default	HYPOTHESIS_LEDGER scope: surviving condition on the capstone path (HYP.62)
CAP:UniformityStatement	HYP.63	stmt-dep	I	OPEN	ledger-cond	from:exact,to:exact	default	HYPOTHESIS_LEDGER Display A conjunct 𝒲_(≤i)
CAP:UniformityStatement	HYP.64	stmt-dep	I	OPEN	ledger-path	from:exact,to:exact	default	HYPOTHESIS_LEDGER scope: surviving condition on the capstone path (HYP.64)
CAP:UniformityStatement	HYP.65	stmt-dep	I	OPEN	ledger-path	from:exact,to:exact	default	HYPOTHESIS_LEDGER scope: surviving condition on the capstone path (HYP.65)
CAP:UniformityStatement	HYP.66	stmt-dep	I	OPEN	ledger-path	from:exact,to:exact	default	HYPOTHESIS_LEDGER scope: surviving condition on the capstone path (HYP.66)
CAP:UniformityStatement	HYP.68	stmt-dep	I	OPEN	ledger-path	from:exact,to:exact	default	HYPOTHESIS_LEDGER scope: surviving condition on the capstone path (HYP.68)
CAP:UniformityStatement	HYP.69	stmt-dep	I	OPEN	ledger-path	from:exact,to:exact	default	HYPOTHESIS_LEDGER scope: surviving condition on the capstone path (HYP.69)
CAP:UniformityStatement	HYP.70	stmt-dep	I	OPEN	ledger-path	from:exact,to:exact	default	HYPOTHESIS_LEDGER scope: surviving condition on the capstone path (HYP.70)
CAP:UniformityStatement	HYP.71	stmt-dep	I	OPEN	ledger-path	from:exact,to:exact	default	HYPOTHESIS_LEDGER scope: surviving condition on the capstone path (HYP.71)
CAP:UniformityStatement	HYP.72	stmt-dep	I	OPEN	ledger-cond	from:exact,to:exact	default	HYPOTHESIS_LEDGER Display A conjunct A0_n[disc≠0
CAP:UniformityStatement	HYP.74	stmt-dep	I	OPEN	ledger-cond	from:exact,to:exact	default	HYPOTHESIS_LEDGER Display A conjunct JD0-BOX-2
CAP:UniformityStatement	HYP.78	stmt-dep	I	OPEN	ledger-path	from:exact,to:exact	default	HYPOTHESIS_LEDGER scope: surviving condition on the capstone path (HYP.78)
CAP:UniformityStatement	HYP.79	stmt-dep	I	OPEN	ledger-path	from:exact,to:exact	default	HYPOTHESIS_LEDGER scope: surviving condition on the capstone path (HYP.79)
CAP:UniformityStatement	HYP.80	stmt-dep	I	OPEN	ledger-path	from:exact,to:exact	default	HYPOTHESIS_LEDGER scope: surviving condition on the capstone path (HYP.80)
CAP:UniformityStatement	HYP.81	stmt-dep	I	OPEN	ledger-path	from:exact,to:exact	default	HYPOTHESIS_LEDGER scope: surviving condition on the capstone path (HYP.81)
CAP:UniformityStatement	HYP.82	stmt-dep	I	OPEN	ledger-cond	from:exact,to:exact	default	HYPOTHESIS_LEDGER Display A conjunct [GENHN-TOW-1] if n≥8
CAP:UniformityStatement	HYP.87	stmt-dep	I	OPEN	ledger-path	from:exact,to:exact	default	HYPOTHESIS_LEDGER scope: surviving condition on the capstone path (HYP.87)
CAP:UniformityStatement	HYP.88	stmt-dep	I	OPEN	ledger-path	from:exact,to:exact	default	HYPOTHESIS_LEDGER scope: surviving condition on the capstone path (HYP.88)
CAP:UniformityStatement	HYP.89	stmt-dep	I	OPEN	ledger-path	from:exact,to:exact	default	HYPOTHESIS_LEDGER scope: surviving condition on the capstone path (HYP.89)
CAP:UniformityStatement	HYP.90	stmt-dep	I	OPEN	ledger-path	from:exact,to:exact	default	HYPOTHESIS_LEDGER scope: surviving condition on the capstone path (HYP.90)
CAP:UniformityStatement	HYP.91	stmt-dep	I	OPEN	ledger-path	from:exact,to:exact	default	HYPOTHESIS_LEDGER scope: surviving condition on the capstone path (HYP.91)
CAP:UniformityStatement	HYP.98	stmt-dep	I	OPEN	ledger-path	from:exact,to:exact	default	HYPOTHESIS_LEDGER scope: surviving condition on the capstone path (HYP.98)
CAP:UniformityStatement	HYP.99	stmt-dep	I	OPEN	ledger-path	from:exact,to:exact	default	HYPOTHESIS_LEDGER scope: surviving condition on the capstone path (HYP.99)
CAP:UniformityStatementDecided	COND:A1_n	stmt-dep	I	OPEN	ledger-cond	from:exact,to:unmatched	default	HYPOTHESIS_LEDGER Display A conjunct A1_n (no HYP row matched)
CAP:UniformityStatementDecided	COND:A2_n	stmt-dep	I	OPEN	ledger-cond	from:exact,to:unmatched	default	HYPOTHESIS_LEDGER Display A conjunct A2_n (no HYP row matched)
CAP:UniformityStatementDecided	COND:H-e)-window-pinning	stmt-dep	I	OPEN	ledger-cond	from:exact,to:unmatched	default	HYPOTHESIS_LEDGER Display A conjunct H-e)-window-pinning (no HYP row matched)
CAP:UniformityStatementDecided	HYP.01	stmt-dep	I	OPEN	ledger-path	from:exact,to:exact	default	HYPOTHESIS_LEDGER scope: surviving condition on the capstone path (HYP.01)
CAP:UniformityStatementDecided	HYP.02	stmt-dep	I	OPEN	ledger-path	from:exact,to:exact	default	HYPOTHESIS_LEDGER scope: surviving condition on the capstone path (HYP.02)
CAP:UniformityStatementDecided	HYP.07	stmt-dep	I	OPEN	ledger-path	from:exact,to:exact	default	HYPOTHESIS_LEDGER scope: surviving condition on the capstone path (HYP.07)
CAP:UniformityStatementDecided	HYP.08	stmt-dep	I	OPEN	ledger-path	from:exact,to:exact	default	HYPOTHESIS_LEDGER scope: surviving condition on the capstone path (HYP.08)
CAP:UniformityStatementDecided	HYP.09	stmt-dep	I	OPEN	ledger-path	from:exact,to:exact	default	HYPOTHESIS_LEDGER scope: surviving condition on the capstone path (HYP.09)
CAP:UniformityStatementDecided	HYP.10	stmt-dep	I	OPEN	ledger-path	from:exact,to:exact	default	HYPOTHESIS_LEDGER scope: surviving condition on the capstone path (HYP.10)
CAP:UniformityStatementDecided	HYP.100	stmt-dep	I	OPEN	ledger-path	from:exact,to:exact	default	HYPOTHESIS_LEDGER scope: surviving condition on the capstone path (HYP.100)
CAP:UniformityStatementDecided	HYP.101	stmt-dep	I	OPEN	ledger-cond	from:exact,to:exact	default	HYPOTHESIS_LEDGER Display A conjunct HE7A[ACCOUNT, RES-DEG, nonempty, exhaust, root-continuation
CAP:UniformityStatementDecided	HYP.102	stmt-dep	I	OPEN	ledger-path	from:exact,to:exact	default	HYPOTHESIS_LEDGER scope: surviving condition on the capstone path (HYP.102)
CAP:UniformityStatementDecided	HYP.103	stmt-dep	I	OPEN	ledger-path	from:exact,to:exact	default	HYPOTHESIS_LEDGER scope: surviving condition on the capstone path (HYP.103)
CAP:UniformityStatementDecided	HYP.104	stmt-dep	I	OPEN	ledger-path	from:exact,to:exact	default	HYPOTHESIS_LEDGER scope: surviving condition on the capstone path (HYP.104)
CAP:UniformityStatementDecided	HYP.105	stmt-dep	I	OPEN	ledger-path	from:exact,to:exact	default	HYPOTHESIS_LEDGER scope: surviving condition on the capstone path (HYP.105)
CAP:UniformityStatementDecided	HYP.106	stmt-dep	I	OPEN	ledger-path	from:exact,to:exact	default	HYPOTHESIS_LEDGER scope: surviving condition on the capstone path (HYP.106)
CAP:UniformityStatementDecided	HYP.107	stmt-dep	I	OPEN	ledger-path	from:exact,to:exact	default	HYPOTHESIS_LEDGER scope: surviving condition on the capstone path (HYP.107)
CAP:UniformityStatementDecided	HYP.108	stmt-dep	I	OPEN	ledger-path	from:exact,to:exact	default	HYPOTHESIS_LEDGER scope: surviving condition on the capstone path (HYP.108)
CAP:UniformityStatementDecided	HYP.109	stmt-dep	I	OPEN	ledger-path	from:exact,to:exact	default	HYPOTHESIS_LEDGER scope: surviving condition on the capstone path (HYP.109)
CAP:UniformityStatementDecided	HYP.11	stmt-dep	I	OPEN	ledger-path	from:exact,to:exact	default	HYPOTHESIS_LEDGER scope: surviving condition on the capstone path (HYP.11)
CAP:UniformityStatementDecided	HYP.110	stmt-dep	I	OPEN	ledger-path	from:exact,to:exact	default	HYPOTHESIS_LEDGER scope: surviving condition on the capstone path (HYP.110)
CAP:UniformityStatementDecided	HYP.111	stmt-dep	I	OPEN	ledger-path	from:exact,to:exact	default	HYPOTHESIS_LEDGER scope: surviving condition on the capstone path (HYP.111)
CAP:UniformityStatementDecided	HYP.112	stmt-dep	I	OPEN	ledger-path	from:exact,to:exact	default	HYPOTHESIS_LEDGER scope: surviving condition on the capstone path (HYP.112)
CAP:UniformityStatementDecided	HYP.113	stmt-dep	I	OPEN	ledger-path	from:exact,to:exact	default	HYPOTHESIS_LEDGER scope: surviving condition on the capstone path (HYP.113)
CAP:UniformityStatementDecided	HYP.114	stmt-dep	I	OPEN	ledger-path	from:exact,to:exact	default	HYPOTHESIS_LEDGER scope: surviving condition on the capstone path (HYP.114)
CAP:UniformityStatementDecided	HYP.115	stmt-dep	I	OPEN	ledger-path	from:exact,to:exact	default	HYPOTHESIS_LEDGER scope: surviving condition on the capstone path (HYP.115)
CAP:UniformityStatementDecided	HYP.116	stmt-dep	I	OPEN	ledger-path	from:exact,to:exact	default	HYPOTHESIS_LEDGER scope: surviving condition on the capstone path (HYP.116)
CAP:UniformityStatementDecided	HYP.118	stmt-dep	I	OPEN	ledger-path	from:exact,to:exact	default	HYPOTHESIS_LEDGER scope: surviving condition on the capstone path (HYP.118)
CAP:UniformityStatementDecided	HYP.119	stmt-dep	I	OPEN	ledger-path	from:exact,to:exact	default	HYPOTHESIS_LEDGER scope: surviving condition on the capstone path (HYP.119)
CAP:UniformityStatementDecided	HYP.12	stmt-dep	I	OPEN	ledger-path	from:exact,to:exact	default	HYPOTHESIS_LEDGER scope: surviving condition on the capstone path (HYP.12)
CAP:UniformityStatementDecided	HYP.120	stmt-dep	I	OPEN	ledger-path	from:exact,to:exact	default	HYPOTHESIS_LEDGER scope: surviving condition on the capstone path (HYP.120)
CAP:UniformityStatementDecided	HYP.121	stmt-dep	I	OPEN	ledger-path	from:exact,to:exact	default	HYPOTHESIS_LEDGER scope: surviving condition on the capstone path (HYP.121)
CAP:UniformityStatementDecided	HYP.122	stmt-dep	I	OPEN	ledger-path	from:exact,to:exact	default	HYPOTHESIS_LEDGER scope: surviving condition on the capstone path (HYP.122)
CAP:UniformityStatementDecided	HYP.123	stmt-dep	I	OPEN	ledger-path	from:exact,to:exact	default	HYPOTHESIS_LEDGER scope: surviving condition on the capstone path (HYP.123)
CAP:UniformityStatementDecided	HYP.124	stmt-dep	I	OPEN	ledger-path	from:exact,to:exact	default	HYPOTHESIS_LEDGER scope: surviving condition on the capstone path (HYP.124)
CAP:UniformityStatementDecided	HYP.125	stmt-dep	I	OPEN	ledger-path	from:exact,to:exact	default	HYPOTHESIS_LEDGER scope: surviving condition on the capstone path (HYP.125)
CAP:UniformityStatementDecided	HYP.126	stmt-dep	I	OPEN	ledger-path	from:exact,to:exact	default	HYPOTHESIS_LEDGER scope: surviving condition on the capstone path (HYP.126)
CAP:UniformityStatementDecided	HYP.127	stmt-dep	I	OPEN	ledger-path	from:exact,to:exact	default	HYPOTHESIS_LEDGER scope: surviving condition on the capstone path (HYP.127)
CAP:UniformityStatementDecided	HYP.128	stmt-dep	I	OPEN	ledger-path	from:exact,to:exact	default	HYPOTHESIS_LEDGER scope: surviving condition on the capstone path (HYP.128)
CAP:UniformityStatementDecided	HYP.129	stmt-dep	I	OPEN	ledger-path	from:exact,to:exact	default	HYPOTHESIS_LEDGER scope: surviving condition on the capstone path (HYP.129)
CAP:UniformityStatementDecided	HYP.13	stmt-dep	I	OPEN	ledger-path	from:exact,to:exact	default	HYPOTHESIS_LEDGER scope: surviving condition on the capstone path (HYP.13)
CAP:UniformityStatementDecided	HYP.130	stmt-dep	I	OPEN	ledger-path	from:exact,to:exact	default	HYPOTHESIS_LEDGER scope: surviving condition on the capstone path (HYP.130)
CAP:UniformityStatementDecided	HYP.131	stmt-dep	I	OPEN	ledger-path	from:exact,to:exact	default	HYPOTHESIS_LEDGER scope: surviving condition on the capstone path (HYP.131)
CAP:UniformityStatementDecided	HYP.132	stmt-dep	I	OPEN	ledger-path	from:exact,to:exact	default	HYPOTHESIS_LEDGER scope: surviving condition on the capstone path (HYP.132)
CAP:UniformityStatementDecided	HYP.133	stmt-dep	I	OPEN	ledger-path	from:exact,to:exact	default	HYPOTHESIS_LEDGER scope: surviving condition on the capstone path (HYP.133)
CAP:UniformityStatementDecided	HYP.134	stmt-dep	I	OPEN	ledger-path	from:exact,to:exact	default	HYPOTHESIS_LEDGER scope: surviving condition on the capstone path (HYP.134)
CAP:UniformityStatementDecided	HYP.135	stmt-dep	I	OPEN	ledger-path	from:exact,to:exact	default	HYPOTHESIS_LEDGER scope: surviving condition on the capstone path (HYP.135)
CAP:UniformityStatementDecided	HYP.137	stmt-dep	I	OPEN	ledger-path	from:exact,to:exact	default	HYPOTHESIS_LEDGER scope: surviving condition on the capstone path (HYP.137)
CAP:UniformityStatementDecided	HYP.138	stmt-dep	I	OPEN	ledger-path	from:exact,to:exact	default	HYPOTHESIS_LEDGER scope: surviving condition on the capstone path (HYP.138)
CAP:UniformityStatementDecided	HYP.139	stmt-dep	I	OPEN	ledger-cond	from:exact,to:exact	default	HYPOTHESIS_LEDGER Display A (frozen)
CAP:UniformityStatementDecided	HYP.14	stmt-dep	I	OPEN	ledger-path	from:exact,to:exact	default	HYPOTHESIS_LEDGER scope: surviving condition on the capstone path (HYP.14)
CAP:UniformityStatementDecided	HYP.140	stmt-dep	I	OPEN	ledger-path	from:exact,to:exact	default	HYPOTHESIS_LEDGER scope: surviving condition on the capstone path (HYP.140)
CAP:UniformityStatementDecided	HYP.141	stmt-dep	I	OPEN	ledger-path	from:exact,to:exact	default	HYPOTHESIS_LEDGER scope: surviving condition on the capstone path (HYP.141)
CAP:UniformityStatementDecided	HYP.142	stmt-dep	I	OPEN	ledger-path	from:exact,to:exact	default	HYPOTHESIS_LEDGER scope: surviving condition on the capstone path (HYP.142)
CAP:UniformityStatementDecided	HYP.143	stmt-dep	I	OPEN	ledger-path	from:exact,to:exact	default	HYPOTHESIS_LEDGER scope: surviving condition on the capstone path (HYP.143)
CAP:UniformityStatementDecided	HYP.144	stmt-dep	I	OPEN	ledger-path	from:exact,to:exact	default	HYPOTHESIS_LEDGER scope: surviving condition on the capstone path (HYP.144)
CAP:UniformityStatementDecided	HYP.145	stmt-dep	I	OPEN	ledger-path	from:exact,to:exact	default	HYPOTHESIS_LEDGER scope: surviving condition on the capstone path (HYP.145)
CAP:UniformityStatementDecided	HYP.146	stmt-dep	I	OPEN	ledger-path	from:exact,to:exact	default	HYPOTHESIS_LEDGER scope: surviving condition on the capstone path (HYP.146)
CAP:UniformityStatementDecided	HYP.148	stmt-dep	I	OPEN	ledger-cond	from:exact,to:exact	default	HYPOTHESIS_LEDGER Display A conjunct GENHN-BOX-2 if n≥6
CAP:UniformityStatementDecided	HYP.149	stmt-dep	I	OPEN	ledger-cond	from:exact,to:exact	default	HYPOTHESIS_LEDGER Display A (frozen)
CAP:UniformityStatementDecided	HYP.15	stmt-dep	I	OPEN	ledger-cond	from:exact,to:exact	default	HYPOTHESIS_LEDGER Display A (frozen)
CAP:UniformityStatementDecided	HYP.17	stmt-dep	I	OPEN	ledger-path	from:exact,to:exact	default	HYPOTHESIS_LEDGER scope: surviving condition on the capstone path (HYP.17)
CAP:UniformityStatementDecided	HYP.18	stmt-dep	I	OPEN	ledger-path	from:exact,to:exact	default	HYPOTHESIS_LEDGER scope: surviving condition on the capstone path (HYP.18)
CAP:UniformityStatementDecided	HYP.19	stmt-dep	I	OPEN	ledger-path	from:exact,to:exact	default	HYPOTHESIS_LEDGER scope: surviving condition on the capstone path (HYP.19)
CAP:UniformityStatementDecided	HYP.20	stmt-dep	I	OPEN	ledger-path	from:exact,to:exact	default	HYPOTHESIS_LEDGER scope: surviving condition on the capstone path (HYP.20)
CAP:UniformityStatementDecided	HYP.23	stmt-dep	I	OPEN	ledger-path	from:exact,to:exact	default	HYPOTHESIS_LEDGER scope: surviving condition on the capstone path (HYP.23)
CAP:UniformityStatementDecided	HYP.25	stmt-dep	I	OPEN	ledger-path	from:exact,to:exact	default	HYPOTHESIS_LEDGER scope: surviving condition on the capstone path (HYP.25)
CAP:UniformityStatementDecided	HYP.26	stmt-dep	I	OPEN	ledger-path	from:exact,to:exact	default	HYPOTHESIS_LEDGER scope: surviving condition on the capstone path (HYP.26)
CAP:UniformityStatementDecided	HYP.27	stmt-dep	I	OPEN	ledger-path	from:exact,to:exact	default	HYPOTHESIS_LEDGER scope: surviving condition on the capstone path (HYP.27)
CAP:UniformityStatementDecided	HYP.28	stmt-dep	I	OPEN	ledger-path	from:exact,to:exact	default	HYPOTHESIS_LEDGER scope: surviving condition on the capstone path (HYP.28)
CAP:UniformityStatementDecided	HYP.29	stmt-dep	I	OPEN	ledger-path	from:exact,to:exact	default	HYPOTHESIS_LEDGER scope: surviving condition on the capstone path (HYP.29)
CAP:UniformityStatementDecided	HYP.30	stmt-dep	I	OPEN	ledger-path	from:exact,to:exact	default	HYPOTHESIS_LEDGER scope: surviving condition on the capstone path (HYP.30)
CAP:UniformityStatementDecided	HYP.31	stmt-dep	I	OPEN	ledger-path	from:exact,to:exact	default	HYPOTHESIS_LEDGER scope: surviving condition on the capstone path (HYP.31)
CAP:UniformityStatementDecided	HYP.32	stmt-dep	I	OPEN	ledger-path	from:exact,to:exact	default	HYPOTHESIS_LEDGER scope: surviving condition on the capstone path (HYP.32)
CAP:UniformityStatementDecided	HYP.33	stmt-dep	I	OPEN	ledger-path	from:exact,to:exact	default	HYPOTHESIS_LEDGER scope: surviving condition on the capstone path (HYP.33)
CAP:UniformityStatementDecided	HYP.35	stmt-dep	I	OPEN	ledger-path	from:exact,to:exact	default	HYPOTHESIS_LEDGER scope: surviving condition on the capstone path (HYP.35)
CAP:UniformityStatementDecided	HYP.36	stmt-dep	I	OPEN	ledger-path	from:exact,to:exact	default	HYPOTHESIS_LEDGER scope: surviving condition on the capstone path (HYP.36)
CAP:UniformityStatementDecided	HYP.37	stmt-dep	I	OPEN	ledger-path	from:exact,to:exact	default	HYPOTHESIS_LEDGER scope: surviving condition on the capstone path (HYP.37)
CAP:UniformityStatementDecided	HYP.38	stmt-dep	I	OPEN	ledger-path	from:exact,to:exact	default	HYPOTHESIS_LEDGER scope: surviving condition on the capstone path (HYP.38)
CAP:UniformityStatementDecided	HYP.39	stmt-dep	I	OPEN	ledger-cond	from:exact,to:exact	default	HYPOTHESIS_LEDGER Display A (frozen)
CAP:UniformityStatementDecided	HYP.40	stmt-dep	I	OPEN	ledger-cond	from:exact,to:exact	default	HYPOTHESIS_LEDGER Display A conjunct ∀ i≥3, ((H-VARTHETA-RES)_i
CAP:UniformityStatementDecided	HYP.41	stmt-dep	I	OPEN	ledger-cond	from:exact,to:exact	default	HYPOTHESIS_LEDGER Display A conjunct LB1
CAP:UniformityStatementDecided	HYP.42	stmt-dep	I	OPEN	ledger-cond	from:exact,to:exact	default	HYPOTHESIS_LEDGER Display A conjunct HE7A[ACCOUNT, RES-DEG, nonempty, exhaust, root-continuation
CAP:UniformityStatementDecided	HYP.43	stmt-dep	I	OPEN	ledger-path	from:exact,to:exact	default	HYPOTHESIS_LEDGER scope: surviving condition on the capstone path (HYP.43)
CAP:UniformityStatementDecided	HYP.44	stmt-dep	I	OPEN	ledger-path	from:exact,to:exact	default	HYPOTHESIS_LEDGER scope: surviving condition on the capstone path (HYP.44)
CAP:UniformityStatementDecided	HYP.45	stmt-dep	I	OPEN	ledger-path	from:exact,to:exact	default	HYPOTHESIS_LEDGER scope: surviving condition on the capstone path (HYP.45)
CAP:UniformityStatementDecided	HYP.46	stmt-dep	I	OPEN	ledger-path	from:exact,to:exact	default	HYPOTHESIS_LEDGER scope: surviving condition on the capstone path (HYP.46)
CAP:UniformityStatementDecided	HYP.47	stmt-dep	I	OPEN	ledger-path	from:exact,to:exact	default	HYPOTHESIS_LEDGER scope: surviving condition on the capstone path (HYP.47)
CAP:UniformityStatementDecided	HYP.48	stmt-dep	I	OPEN	ledger-path	from:exact,to:exact	default	HYPOTHESIS_LEDGER scope: surviving condition on the capstone path (HYP.48)
CAP:UniformityStatementDecided	HYP.49	stmt-dep	I	OPEN	ledger-path	from:exact,to:exact	default	HYPOTHESIS_LEDGER scope: surviving condition on the capstone path (HYP.49)
CAP:UniformityStatementDecided	HYP.50	stmt-dep	I	OPEN	ledger-path	from:exact,to:exact	default	HYPOTHESIS_LEDGER scope: surviving condition on the capstone path (HYP.50)
CAP:UniformityStatementDecided	HYP.51	stmt-dep	I	OPEN	ledger-cond	from:exact,to:exact	default	HYPOTHESIS_LEDGER Display A conjunct ∀ i≥3, ((H-VARTHETA-RES)_i
CAP:UniformityStatementDecided	HYP.52	stmt-dep	I	OPEN	ledger-cond	from:exact,to:exact	default	HYPOTHESIS_LEDGER Display A conjunct ∀ i≥3, ((H-VARTHETA-RES)_i
CAP:UniformityStatementDecided	HYP.53	stmt-dep	I	OPEN	ledger-path	from:exact,to:exact	default	HYPOTHESIS_LEDGER scope: surviving condition on the capstone path (HYP.53)
CAP:UniformityStatementDecided	HYP.54	stmt-dep	I	OPEN	ledger-path	from:exact,to:exact	default	HYPOTHESIS_LEDGER scope: surviving condition on the capstone path (HYP.54)
CAP:UniformityStatementDecided	HYP.55	stmt-dep	I	OPEN	ledger-path	from:exact,to:exact	default	HYPOTHESIS_LEDGER scope: surviving condition on the capstone path (HYP.55)
CAP:UniformityStatementDecided	HYP.56	stmt-dep	I	OPEN	ledger-path	from:exact,to:exact	default	HYPOTHESIS_LEDGER scope: surviving condition on the capstone path (HYP.56)
CAP:UniformityStatementDecided	HYP.57	stmt-dep	I	OPEN	ledger-path	from:exact,to:exact	default	HYPOTHESIS_LEDGER scope: surviving condition on the capstone path (HYP.57)
CAP:UniformityStatementDecided	HYP.58	stmt-dep	I	OPEN	ledger-path	from:exact,to:exact	default	HYPOTHESIS_LEDGER scope: surviving condition on the capstone path (HYP.58)
CAP:UniformityStatementDecided	HYP.59	stmt-dep	I	OPEN	ledger-path	from:exact,to:exact	default	HYPOTHESIS_LEDGER scope: surviving condition on the capstone path (HYP.59)
CAP:UniformityStatementDecided	HYP.60	stmt-dep	I	OPEN	ledger-path	from:exact,to:exact	default	HYPOTHESIS_LEDGER scope: surviving condition on the capstone path (HYP.60)
CAP:UniformityStatementDecided	HYP.61	stmt-dep	I	OPEN	ledger-path	from:exact,to:exact	default	HYPOTHESIS_LEDGER scope: surviving condition on the capstone path (HYP.61)
CAP:UniformityStatementDecided	HYP.62	stmt-dep	I	OPEN	ledger-path	from:exact,to:exact	default	HYPOTHESIS_LEDGER scope: surviving condition on the capstone path (HYP.62)
CAP:UniformityStatementDecided	HYP.63	stmt-dep	I	OPEN	ledger-cond	from:exact,to:exact	default	HYPOTHESIS_LEDGER Display A conjunct 𝒲_(≤i)
CAP:UniformityStatementDecided	HYP.64	stmt-dep	I	OPEN	ledger-path	from:exact,to:exact	default	HYPOTHESIS_LEDGER scope: surviving condition on the capstone path (HYP.64)
CAP:UniformityStatementDecided	HYP.65	stmt-dep	I	OPEN	ledger-path	from:exact,to:exact	default	HYPOTHESIS_LEDGER scope: surviving condition on the capstone path (HYP.65)
CAP:UniformityStatementDecided	HYP.66	stmt-dep	I	OPEN	ledger-path	from:exact,to:exact	default	HYPOTHESIS_LEDGER scope: surviving condition on the capstone path (HYP.66)
CAP:UniformityStatementDecided	HYP.68	stmt-dep	I	OPEN	ledger-path	from:exact,to:exact	default	HYPOTHESIS_LEDGER scope: surviving condition on the capstone path (HYP.68)
CAP:UniformityStatementDecided	HYP.69	stmt-dep	I	OPEN	ledger-path	from:exact,to:exact	default	HYPOTHESIS_LEDGER scope: surviving condition on the capstone path (HYP.69)
CAP:UniformityStatementDecided	HYP.70	stmt-dep	I	OPEN	ledger-path	from:exact,to:exact	default	HYPOTHESIS_LEDGER scope: surviving condition on the capstone path (HYP.70)
CAP:UniformityStatementDecided	HYP.71	stmt-dep	I	OPEN	ledger-path	from:exact,to:exact	default	HYPOTHESIS_LEDGER scope: surviving condition on the capstone path (HYP.71)
CAP:UniformityStatementDecided	HYP.72	stmt-dep	I	OPEN	ledger-cond	from:exact,to:exact	default	HYPOTHESIS_LEDGER Display A conjunct A0_n[disc≠0
CAP:UniformityStatementDecided	HYP.74	stmt-dep	I	OPEN	ledger-cond	from:exact,to:exact	default	HYPOTHESIS_LEDGER Display A conjunct JD0-BOX-2
CAP:UniformityStatementDecided	HYP.78	stmt-dep	I	OPEN	ledger-path	from:exact,to:exact	default	HYPOTHESIS_LEDGER scope: surviving condition on the capstone path (HYP.78)
CAP:UniformityStatementDecided	HYP.79	stmt-dep	I	OPEN	ledger-path	from:exact,to:exact	default	HYPOTHESIS_LEDGER scope: surviving condition on the capstone path (HYP.79)
CAP:UniformityStatementDecided	HYP.80	stmt-dep	I	OPEN	ledger-path	from:exact,to:exact	default	HYPOTHESIS_LEDGER scope: surviving condition on the capstone path (HYP.80)
CAP:UniformityStatementDecided	HYP.81	stmt-dep	I	OPEN	ledger-path	from:exact,to:exact	default	HYPOTHESIS_LEDGER scope: surviving condition on the capstone path (HYP.81)
CAP:UniformityStatementDecided	HYP.82	stmt-dep	I	OPEN	ledger-cond	from:exact,to:exact	default	HYPOTHESIS_LEDGER Display A conjunct [GENHN-TOW-1] if n≥8
CAP:UniformityStatementDecided	HYP.87	stmt-dep	I	OPEN	ledger-path	from:exact,to:exact	default	HYPOTHESIS_LEDGER scope: surviving condition on the capstone path (HYP.87)
CAP:UniformityStatementDecided	HYP.88	stmt-dep	I	OPEN	ledger-path	from:exact,to:exact	default	HYPOTHESIS_LEDGER scope: surviving condition on the capstone path (HYP.88)
CAP:UniformityStatementDecided	HYP.89	stmt-dep	I	OPEN	ledger-path	from:exact,to:exact	default	HYPOTHESIS_LEDGER scope: surviving condition on the capstone path (HYP.89)
CAP:UniformityStatementDecided	HYP.90	stmt-dep	I	OPEN	ledger-path	from:exact,to:exact	default	HYPOTHESIS_LEDGER scope: surviving condition on the capstone path (HYP.90)
CAP:UniformityStatementDecided	HYP.91	stmt-dep	I	OPEN	ledger-path	from:exact,to:exact	default	HYPOTHESIS_LEDGER scope: surviving condition on the capstone path (HYP.91)
CAP:UniformityStatementDecided	HYP.98	stmt-dep	I	OPEN	ledger-path	from:exact,to:exact	default	HYPOTHESIS_LEDGER scope: surviving condition on the capstone path (HYP.98)
CAP:UniformityStatementDecided	HYP.99	stmt-dep	I	OPEN	ledger-path	from:exact,to:exact	default	HYPOTHESIS_LEDGER scope: surviving condition on the capstone path (HYP.99)
EFF.GENH4.07	EFF.GENHN.36	stmt-dep	H	OPEN	xref	from:gov,to:stmt	default	EFF-GENH4.md | 3.1 Verified import/XREF designations (consolidated, deduplicated) | 34 | `GENHN_PROOF_2026-08-08.md:GENHN.A(i)` | 11 | Target of the queued carrier-rename erratum | s2 | —
EFF.GENH4.07	EFF.GENIND.13	stmt-dep	H	OPEN	xref	from:gov,to:stmt	default	EFF-GENH4.md | 3.1 Verified import/XREF designations (consolidated, deduplicated) | 4 | `GENIND_PROOF_2026-08-08.md:THEOREM GENIND.B` | 7 | The induction GENH4 fires at n=4 | s1 | —
EFF.GENH4.07	EFF.GENIND.163	stmt-dep	H	OPEN	xref	from:gov,to:stmt	default	EFF-GENH4.md | 3.1 Verified import/XREF designations (consolidated, deduplicated) | 5 | `GENIND_PROOF_2026-08-08.md:GENIND.A(IV)` | 5 | Genre-completeness input | s1 | —
EFF.GENH4.07	EFF.GENIND.17	stmt-dep	H	OPEN	xref	from:gov,to:stmt	default	EFF-GENH4.md | 3.1 Verified import/XREF designations (consolidated, deduplicated) | 8 | `GENIND_PROOF_2026-08-08.md:GENIND-1` | 15 | d≥2/prime-power coverage supplier | s1 | —
EFF.GENH4.07	EFF.GENIND.21	stmt-dep	H	OPEN	xref	from:gov,to:stmt	default	EFF-GENH4.md | 3.1 Verified import/XREF designations (consolidated, deduplicated) | 9 | `GENIND_PROOF_2026-08-08.md:GENIND-2` | 27 | Same | s1 | —
EFF.GENH4.07	EFF.GENIND.24	stmt-dep	H	OPEN	xref	from:gov,to:stmt	default	EFF-GENH4.md | 3.1 Verified import/XREF designations (consolidated, deduplicated) | 10 | `GENIND_PROOF_2026-08-08.md:GENIND-3` | 37 | Same | s1 | —
EFF.GENH4.07	EFF.GENIND.43	stmt-dep	H	OPEN	xref	from:gov,to:stmt	default	EFF-GENH4.md | 3.1 Verified import/XREF designations (consolidated, deduplicated) | 6 | `GENIND_PROOF_2026-08-08.md:S5.1` | 21 | Genre-completeness grammar | s1 | —
EFF.GENH4.07	EFF.GENIND.47	stmt-dep	H	OPEN	xref	from:gov,to:stmt	default	EFF-GENH4.md | 3.1 Verified import/XREF designations (consolidated, deduplicated) | 7 | `GENIND_PROOF_2026-08-08.md:S5.3` | 26 | Genre-completeness grammar | s1 | —
EFF.GENH4.07	EFF.GENIND.68	stmt-dep	H	OPEN	xref	from:gov,to:stmt	statement-hit	EFF-GENH4.md | 3.1 Verified import/XREF designations (consolidated, deduplicated) | 1 | `GENIND_PROOF_2026-08-08.md:LEMMA GENIND-4` | 4 | The E-genre stage fibration lemma | s1 | —
EFF.GENH4.07	EFF.GENIND.70	stmt-dep	H	OPEN	xref	from:gov,to:stmt	default	EFF-GENH4.md | 3.1 Verified import/XREF designations (consolidated, deduplicated) | 2 | `GENIND_PROOF_2026-08-08.md:GENIND-5` | 9 | The candidate box GENH4 discharges at n=4 | s1 | —
EFF.GENH4.07	EFF.GRTJC.62	stmt-dep	H	OPEN	xref	from:gov,to:stmt	default	EFF-GENH4.md | 3.1 Verified import/XREF designations (consolidated, deduplicated) | 28 | `GRTJC_PROOF_2026-08-08.md:JC-LOAD` | 31 | Mechanism frame, not consumed (re-proved elementarily) | s1 | —
EFF.GENH4.07	EFF.GRTJC.84	stmt-dep	H	OPEN	xref	from:gov,to:stmt	default	EFF-GENH4.md | 3.1 Verified import/XREF designations (consolidated, deduplicated) | 29 | `GRTJC_PROOF_2026-08-08.md:W-8` | 35 | Mechanism frame, not consumed | s1 | —
EFF.GENH4.07	EFF.GRTJC.89	stmt-dep	H	OPEN	xref	from:gov,to:stmt	default	EFF-GENH4.md | 3.1 Verified import/XREF designations (consolidated, deduplicated) | 30 | `GRTJC_PROOF_2026-08-08.md:W-9` | 13 | Mechanism frame; the z̄-twist DERIVED, not consumed | s1 | —
EFF.GENH4.07	EFF.HEX3.54	stmt-dep	H	OPEN	xref	from:gov,to:stmt	default	EFF-GENH4.md | 3.1 Verified import/XREF designations (consolidated, deduplicated) | 27 | `HEX3_PROOF_2026-08-08.md:S8.2` | 10 | HEX3 aside GENH4 never consumes | s1 | —
EFF.GENH4.07	EFF.HMENU3.17	stmt-dep	H	OPEN	xref	from:gov,to:stmt	default	EFF-GENH4.md | 3.1 Verified import/XREF designations (consolidated, deduplicated) | 26 | `HMENU3_PROOF_2026-08-08.md:HM3.D` | 13 | The n=3 density template GENH4.D's ν₃ instantiates | s1 | —
EFF.GENH4.07	EFF.JD0.06	stmt-dep	H	OPEN	reverse-xref	from:gov,to:gov	default	EFF-JD0.md | 4.4 Reverse-XREFs: the seven verified consumption sites | RX-6 | `lean/notes/openmath/GENH4_PROOF_2026-08-08.md` | 938 | `* **GRTJC W-6..W-9 + JC-LOAD/W-8 (ACCEPTED 2/2 @ 83f47f4), J-D0 @
EFF.GENH4.07	EFF.JD0.33	stmt-dep	H	OPEN	xref	from:gov,to:stmt	default	EFF-GENH4.md | 3.1 Verified import/XREF designations (consolidated, deduplicated) | 32 | `JD0_PROOF_2026-08-08.md:J-D0` | 25 | Mechanism frame; count-blindness made literal, not consumed | s1 | —
EFF.GENH4.07	EFF.W11.08	stmt-dep	H	OPEN	reverse-xref	from:gov,to:gov	default	EFF-W11.md | 4.6 Reverse-XREFs: consumers of W-11 | RX-5 | `lean/notes/openmath/GENH4_PROOF_2026-08-08.md` | cites W-11 | a further downstream consumer
EFF.GENH4.07	EFF.W11.39	stmt-dep	H	OPEN	xref	from:gov,to:stmt	statement-hit	EFF-GENH4.md | 3.1 Verified import/XREF designations (consolidated, deduplicated) | 25 | `W11_PROOF_2026-08-08.md:THEOREM W-11` | 3 | The n=2 system every stage transports | s1 | —
EFF.GENH4.07	EFF.W12.s1of2.09	stmt-dep	H	OPEN	xref	from:gov,to:stmt	statement-hit	EFF-GENH4.md | 3.1 Verified import/XREF designations (consolidated, deduplicated) | 17 | `W12_PROOF_2026-08-08.md:THEOREM W-12.A` | 8 | The cell law GENH4's count laws instantiate | s1+s2 | **DEDUP**
EFF.GENH4.07	EFF.W12.s1of2.12	stmt-dep	H	OPEN	xref	from:gov,to:stmt	default	EFF-GENH4.md | 3.1 Verified import/XREF designations (consolidated, deduplicated) | 18 | `W12_PROOF_2026-08-08.md:THEOREM W-12.D` | 5 | The consumer of the eleven densities and the σ-labelling supply 
EFF.GENH4.07	EFF.W12.s1of2.22	stmt-dep	H	OPEN	xref	from:gov,to:stmt	default	EFF-GENH4.md | 3.1 Verified import/XREF designations (consolidated, deduplicated) | 20 | `W12_PROOF_2026-08-08.md:S2.1` | 23 (upper bound) | Hull trichotomy over K | s1 | —
EFF.GENH4.07	EFF.W12.s1of2.31	stmt-dep	H	OPEN	xref	from:gov,to:stmt	default	EFF-GENH4.md | 3.1 Verified import/XREF designations (consolidated, deduplicated) | 19 | `W12_PROOF_2026-08-08.md:S2.5` | 9 | Entry-volume law | s1 | —
EFF.GENH4.07	EFF.W12.s1of2.32	stmt-dep	H	OPEN	xref	from:gov,to:stmt	default	EFF-GENH4.md | 3.1 Verified import/XREF designations (consolidated, deduplicated) | 21 | `W12_PROOF_2026-08-08.md:W12-L0` | 32 | Re-pinned entry laws | s1 | —
EFF.GENH4.07	EFF.W12.s1of2.34	stmt-dep	H	OPEN	xref	from:gov,to:stmt	default	EFF-GENH4.md | 3.1 Verified import/XREF designations (consolidated, deduplicated) | 22 | `W12_PROOF_2026-08-08.md:W12-L1` | 30 | Re-pinned entry laws | s1 | —
EFF.GENH4.07	EXT:DULEMMA_PROOF_2026-08-08.md	stmt-dep	H	OPEN	xref	from:gov,to:ext	default	EFF-GENH4.md | 3.1 Verified import/XREF designations (consolidated, deduplicated) | 33 | `DULEMMA_PROOF_2026-08-08.md:DULEMMA` | 1 | Applicability checked, NOT consumed | s1 | —
EFF.GENH4.07	EXT:QSCOUT22_2026-08-08.md	stmt-dep	H	OPEN	xref	from:gov,to:ext	statement-hit	EFF-GENH4.md | 3.1 Verified import/XREF designations (consolidated, deduplicated) | 11 | `QSCOUT22_2026-08-08.md:Q22-L1` | 3 | The composite count law this note proves | s1 | —
EFF.GENH4.100	EFF.W12.s1of2.12	stmt-dep	H	OPEN	xref	from:exact,to:stmt	statement-hit	EFF-GENH4-s2of2.md | 3.1 Verified import/XREF designations | `W12_PROOF_2026-08-08.md:THEOREM W-12.D` | 5 | `.06`, `.17`, `.19`, `.32` (the σ-labelling consumer)
EFF.GENH4.74	EFF.W12.s1of2.12	stmt-dep	H	OPEN	xref	from:exact,to:stmt	statement-hit	EFF-GENH4-s2of2.md | 3.1 Verified import/XREF designations | `W12_PROOF_2026-08-08.md:THEOREM W-12.D` | 5 | `.06`, `.17`, `.19`, `.32` (the σ-labelling consumer)
EFF.GENH4.85	EFF.W12.s1of2.12	stmt-dep	H	OPEN	xref	from:exact,to:stmt	statement-hit	EFF-GENH4-s2of2.md | 3.1 Verified import/XREF designations | `W12_PROOF_2026-08-08.md:THEOREM W-12.D` | 5 | `.06`, `.17`, `.19`, `.32` (the σ-labelling consumer)
EFF.GENH4.87	EFF.W12.s1of2.12	stmt-dep	H	OPEN	xref	from:exact,to:stmt	statement-hit	EFF-GENH4-s2of2.md | 3.1 Verified import/XREF designations | `W12_PROOF_2026-08-08.md:THEOREM W-12.D` | 5 | `.06`, `.17`, `.19`, `.32` (the σ-labelling consumer)
EFF.GENH4.90	EFF.GENHN.36	stmt-dep	H	OPEN	xref	from:exact,to:stmt	statement-hit	EFF-GENH4-s2of2.md | 3.1 Verified import/XREF designations | `GENHN_PROOF_2026-08-08.md:GENHN.A(i)` | 11 | `.22` (the queued transport erratum's target)
EFF.GENH4.92	EFF.W12.s1of2.09	stmt-dep	H	OPEN	xref	from:exact,to:stmt	statement-hit	EFF-GENH4-s2of2.md | 3.1 Verified import/XREF designations | `W12_PROOF_2026-08-08.md:THEOREM W-12.A` | 8 | `.24` (the non-law strata's tie route)
EFF.GENHN.07	EFF.GENH4.07	stmt-dep	H	OPEN	xref	from:gov,to:stmt	default	EFF-GENHN.md | 4. XREF verification ledger (consolidated, deduplicated) | 16 | `GENH4_PROOF_2026-08-08.md:THEOREM GENH4.A` | 5 | The n = 4 template GENHN generalizes / §S10 stack | s1+s2 | **DEDUP**
EFF.GENHN.07	EFF.GENH4.09	stmt-dep	H	OPEN	xref	from:gov,to:stmt	default	EFF-GENHN.md | 4. XREF verification ledger (consolidated, deduplicated) | 23 | `GENH4_PROOF_2026-08-08.md:GENH4-4` | 11 | Named in the S0 template list | s1 | —
EFF.GENHN.07	EFF.GENH4.10	stmt-dep	H	OPEN	xref	from:gov,to:stmt	default	EFF-GENHN.md | 4. XREF verification ledger (consolidated, deduplicated) | 17 | `GENH4_PROOF_2026-08-08.md:GENH4.B` | 7 | The two-term genre-F drainage display consumed at §S6.3 | s1 | —
EFF.GENHN.07	EFF.GENH4.11	stmt-dep	H	OPEN	xref	from:gov,to:stmt	default	EFF-GENHN.md | 4. XREF verification ledger (consolidated, deduplicated) | 18 | `GENH4_PROOF_2026-08-08.md:THEOREM GENH4.C` | 9 | GENHN.C's (2,1,2)/(1,2,2) instances, verbatim | s1 | —
EFF.GENHN.07	EFF.GENH4.15	stmt-dep	H	OPEN	xref	from:gov,to:stmt	default	EFF-GENHN.md | 4. XREF verification ledger (consolidated, deduplicated) | 19 | `GENH4_PROOF_2026-08-08.md:GENH4-1F` | 10 | The four displayed entry cancellations (GENHN-1's proof) | s1 | —
EFF.GENHN.07	EFF.GENH4.18	stmt-dep	H	OPEN	xref	from:gov,to:stmt	default	EFF-GENHN.md | 4. XREF verification ledger (consolidated, deduplicated) | 21 | `GENH4_PROOF_2026-08-08.md:GENH4-CAP` | 18 | The band cap; `GENH4-CAP(F)` (count 11) is E1's subject / The band cap; the 
EFF.GENHN.07	EFF.GENH4.19	stmt-dep	H	OPEN	xref	from:gov,to:stmt	default	EFF-GENHN.md | 4. XREF verification ledger (consolidated, deduplicated) | 20 | `GENH4_PROOF_2026-08-08.md:GENH4-2` | 15 | The (E)/(F) slot instances of GENHN-2 | s1 | —
EFF.GENHN.07	EFF.GENH4.21	stmt-dep	H	OPEN	xref	from:gov,to:stmt	default	EFF-GENHN.md | 4. XREF verification ledger (consolidated, deduplicated) | 22 | `GENH4_PROOF_2026-08-08.md:GENH4-3` | 11 | The hull partition E1's trichotomy is re-derived from | s1 | —
EFF.GENHN.07	EFF.GENH4.28	stmt-dep	H	OPEN	xref	from:gov,to:stmt	default	EFF-GENHN.md | 4. XREF verification ledger (consolidated, deduplicated) | 27 | `GENH4_PROOF_2026-08-08.md:ANNEX R` | 12 | The R3 transport obligation that E3 discharges / E3's model, re-cited in the r
EFF.GENHN.07	EFF.GENH4.29	stmt-dep	H	OPEN	xref	from:gov,to:stmt	default	EFF-GENHN.md | 4. XREF verification ledger (consolidated, deduplicated) | 28 | `GENH4_PROOF_2026-08-08.md:R3` | 9 | E3's stated model | s1 | —
EFF.GENHN.07	EFF.GENH4.30	stmt-dep	H	OPEN	xref	from:gov,to:stmt	default	EFF-GENHN.md | 4. XREF verification ledger (consolidated, deduplicated) | 70 | `GENH4_PROOF_2026-08-08.md:ANNEX PE5` | 7 | The GENH4 annex stack in the `[e2]` refresh | s2 | —
EFF.GENHN.07	EFF.GENH4.32	stmt-dep	H	OPEN	xref	from:gov,to:stmt	default	EFF-GENHN.md | 4. XREF verification ledger (consolidated, deduplicated) | 71 | `GENH4_PROOF_2026-08-08.md:ANNEX R2` | 5 | The refresh's annex-stack list | s2 | —
EFF.GENHN.07	EFF.GENH4.34	stmt-dep	H	OPEN	xref	from:gov,to:stmt	default	EFF-GENHN.md | 4. XREF verification ledger (consolidated, deduplicated) | 24 | `GENH4_PROOF_2026-08-08.md:GENH4-6` | 6 | Named in the S0 template list | s1 | —
EFF.GENHN.07	EFF.GENH4.48	stmt-dep	H	OPEN	xref	from:gov,to:stmt	default	EFF-GENHN.md | 4. XREF verification ledger (consolidated, deduplicated) | 69 | `GENH4_PROOF_2026-08-08.md:GENH4-BOX-5` | 1 | The reader-reimplementation seams BOX-4 inherits; the S9-assembly precedent
EFF.GENHN.07	EFF.GENH4.60	stmt-dep	H	OPEN	xref	from:gov,to:stmt	default	EFF-GENHN.md | 4. XREF verification ledger (consolidated, deduplicated) | 25 | `GENH4_PROOF_2026-08-08.md:law_E` | 2 | The μ = 2 stage-law evaluator, consumed at md5 pin / The μ = 2 evaluator @ md5 pi
EFF.GENHN.07	EFF.GENH4.70	stmt-dep	H	OPEN	xref	from:gov,to:stmt	default	EFF-GENHN.md | 4. XREF verification ledger (consolidated, deduplicated) | 26 | `GENH4_PROOF_2026-08-08.md:law_F` | 7 | The genre-F evaluator; the f₁ = 2 instance / The genre-F evaluator; the (1,2,2) k
EFF.GENHN.07	EFF.GENH4.90	stmt-dep	H	OPEN	reverse-xref	from:gov,to:exact	default	EFF-GENH4-s2of2.md | 3.4 Reverse consumer edges | GENHN | **outbound erratum, QUEUED** | the A(i) carrier rename with witnesses (`.22`) | **Queued, not landed** — later discharged at the source (GENHN
EFF.GENHN.07	EFF.GENHN.18	stmt-dep	H	OPEN	xref	from:gov,to:stmt	default	EFF-GENHN.md | 4. XREF verification ledger (consolidated, deduplicated) | 52 | `GENHN_passPE1_report.md:F1` | 7 | The T(b) refutation / The T(b) refutation (arc line) | s1+s2 | **DEDUP**
EFF.GENHN.07	EFF.GENHN.23	stmt-dep	H	OPEN	xref	from:gov,to:stmt	default	EFF-GENHN.md | 4. XREF verification ledger (consolidated, deduplicated) | 53 | `GENHN_passPE1_report.md:F2` | 5 | The GENHN-1 budget display / The budget display | s1+s2 | **DEDUP**
EFF.GENHN.07	EFF.GENHN.32	stmt-dep	H	OPEN	xref	from:gov,to:stmt	default	EFF-GENHN.md | 4. XREF verification ledger (consolidated, deduplicated) | 54 | `GENHN_passPE1_report.md:F3` | 4 | The f₁ ≥ 3 band transport GAP / The band-transport GAP | s1+s2 | **DEDUP**
EFF.GENHN.07	EFF.GENHN.45	stmt-dep	H	OPEN	xref	from:gov,to:stmt	default	EFF-GENHN.md | 4. XREF verification ledger (consolidated, deduplicated) | 55 | `GENHN_passPE1_report.md:F4` | 3 | The stage-RAM value-group repair / The stage-RAM repair | s1+s2 | **DEDUP**
EFF.GENHN.07	EFF.GENHN.59	stmt-dep	H	OPEN	xref	from:gov,to:stmt	default	EFF-GENHN.md | 4. XREF verification ledger (consolidated, deduplicated) | 56 | `GENHN_passPE1_report.md:F5` | 3 | The 350-vs-349 tail reconciliation (shard 2's subject) / The 350/349 tail reconciliati
EFF.GENHN.07	EFF.GENHN.79	stmt-dep	H	OPEN	xref	from:gov,to:stmt	default	EFF-GENHN.md | 4. XREF verification ledger (consolidated, deduplicated) | 61 | `GENHN_passPE3_report.md:F-1` | 4 | Item (6)(α)'s mechanism attribution | s1+s2 | **DEDUP**
EFF.GENHN.07	EFF.GENHN.86	stmt-dep	H	OPEN	xref	from:gov,to:stmt	default	EFF-GENHN.md | 4. XREF verification ledger (consolidated, deduplicated) | 62 | `GENHN_passPE3_report.md:F-2` | 5 | The "full inner sides" scope word at three echo sites / The three residual echo sites
EFF.GENHN.07	EFF.GENIND.08	stmt-dep	H	OPEN	xref	from:gov,to:stmt	default	EFF-GENHN.md | 4. XREF verification ledger (consolidated, deduplicated) | 1 | `GENIND_PROOF_2026-08-08.md:THEOREM GENIND.A` | 4 | The stage's own history grammar over K (GENHN.A(v)) | s1 | —
EFF.GENHN.07	EFF.GENIND.10	stmt-dep	H	OPEN	xref	from:gov,to:stmt	default	EFF-GENHN.md | 4. XREF verification ledger (consolidated, deduplicated) | 67 | `GENIND_PROOF_2026-08-08.md:GENIND-BOX-2` | 1 | The compression-ledger discipline endgame item 3 follows | s2 | —
EFF.GENHN.07	EFF.GENIND.13	stmt-dep	H	OPEN	xref	from:gov,to:stmt	default	EFF-GENHN.md | 4. XREF verification ledger (consolidated, deduplicated) | 4 | `GENIND_PROOF_2026-08-08.md:THEOREM GENIND.B` | 7 | The induction GENHN.B's discharge feeds / The scaffold GENHN.B feeds |
EFF.GENHN.07	EFF.GENIND.163	stmt-dep	H	OPEN	xref	from:gov,to:stmt	default	EFF-GENHN.md | 4. XREF verification ledger (consolidated, deduplicated) | 2 | `GENIND_PROOF_2026-08-08.md:GENIND.A(IV)` | 5 | The abscissa-length ≥ 4 criterion — GENHN-T(a)'s engine | s1 | —
EFF.GENHN.07	EFF.GENIND.17	stmt-dep	H	OPEN	xref	from:gov,to:stmt	statement-hit	EFF-GENHN.md | 4. XREF verification ledger (consolidated, deduplicated) | 6 | `GENIND_PROOF_2026-08-08.md:LEMMA GENIND-1` | 2 | State classification (i), binomial kills (ii), fracture permanence (iii)
EFF.GENHN.07	EFF.GENIND.176	stmt-dep	H	OPEN	xref	from:gov,to:stmt	default	EFF-GENHN.md | 4. XREF verification ledger (consolidated, deduplicated) | 68 | `GENIND_PROOF_2026-08-08.md:S16` | 22 | (§-anchor) the fired-clause table cited by the `[e2]` refresh | s2 | —
EFF.GENHN.07	EFF.GENIND.21	stmt-dep	H	OPEN	xref	from:gov,to:stmt	default	EFF-GENHN.md | 4. XREF verification ledger (consolidated, deduplicated) | 7 | `GENIND_PROOF_2026-08-08.md:LEMMA GENIND-2` | 7 | Window coherence + the (b) bracket run inside the stage / The bracket's 
EFF.GENHN.07	EFF.GENIND.23	stmt-dep	H	OPEN	xref	from:gov,to:stmt	default	EFF-GENHN.md | 4. XREF verification ledger (consolidated, deduplicated) | 10 | `GENIND_PROOF_2026-08-08.md:GENIND-BOX-3` | 3 | The d = 1 ambient coverage restriction, inherited / The d = 1 coverage re
EFF.GENHN.07	EFF.GENIND.24	stmt-dep	H	OPEN	xref	from:gov,to:stmt	default	EFF-GENHN.md | 4. XREF verification ledger (consolidated, deduplicated) | 8 | `GENIND_PROOF_2026-08-08.md:LEMMA GENIND-3` | 6 | β-fracture fibration; the embedded-genre Hensel split / β-route ledgers,
EFF.GENHN.07	EFF.GENIND.30	stmt-dep	H	OPEN	xref	from:gov,to:stmt	statement-hit	EFF-GENHN.md | 4. XREF verification ledger (consolidated, deduplicated) | 5 | `GENIND_PROOF_2026-08-08.md:LEMMA GENIND-0` | 5 | (A1)-family closure — GENHN.CLASS(ii)'s finiteness step / (A1)-family cl
EFF.GENHN.07	EFF.GENIND.46	stmt-dep	H	OPEN	xref	from:gov,to:stmt	default	EFF-GENHN.md | 4. XREF verification ledger (consolidated, deduplicated) | 3 | `GENIND_PROOF_2026-08-08.md:GENIND.C` | 23 | The drainage recursion run inside the stage (§S6.3) / Named in the §S10 stack
EFF.GENHN.07	EFF.GENIND.54	stmt-dep	H	OPEN	xref	from:gov,to:stmt	default	EFF-GENHN.md | 4. XREF verification ledger (consolidated, deduplicated) | 12 | `GENIND_PROOF_2026-08-08.md:GENIND-H(n)` | 7 | The per-genre package GENHN.B discharges | s1 | —
EFF.GENHN.07	EFF.GENIND.63	stmt-dep	H	OPEN	xref	from:gov,to:stmt	default	EFF-GENHN.md | 4. XREF verification ledger (consolidated, deduplicated) | 13 | `GENIND_PROOF_2026-08-08.md:(CS-1)` | 49 | Stage transport — **the pricing grammar's real home** (see defect 2) / The con
EFF.GENHN.07	EFF.GENIND.64	stmt-dep	H	OPEN	xref	from:gov,to:stmt	default	EFF-GENHN.md | 4. XREF verification ledger (consolidated, deduplicated) | 14 | `GENIND_PROOF_2026-08-08.md:(CS-2)` | 20 | Stage bracket / Ditto; also the supplied referent for the mis-cited “GENHN-2(b
EFF.GENHN.07	EFF.GENIND.65	stmt-dep	H	OPEN	xref	from:gov,to:stmt	default	EFF-GENHN.md | 4. XREF verification ledger (consolidated, deduplicated) | 15 | `GENIND_PROOF_2026-08-08.md:(CS-3)` | 13 | σ-decision | s1 | —
EFF.GENHN.07	EFF.GENIND.70	stmt-dep	H	OPEN	xref	from:gov,to:stmt	default	EFF-GENHN.md | 4. XREF verification ledger (consolidated, deduplicated) | 9 | `GENIND_PROOF_2026-08-08.md:GENIND-5` | 9 | The (q−1)q^{2μ−1} shape being (e₁,f₁)-generalized — **not a proved theorem in 
EFF.GENHN.07	EFF.GENIND.96	stmt-dep	H	OPEN	xref	from:gov,to:stmt	default	EFF-GENHN.md | 4. XREF verification ledger (consolidated, deduplicated) | 11 | `GENIND_PROOF_2026-08-08.md:GT-BRACKETID` | 3 | The μ = 3 bracket exponent c(3)+1 = 4, foreign evidence | s1 | —
EFF.GENHN.07	EFF.GRTJC.54	stmt-dep	H	OPEN	xref	from:gov,to:stmt	default	EFF-GENHN.md | 4. XREF verification ledger (consolidated, deduplicated) | 39 | `GRTJC_PROOF_2026-08-08.md:W-6` | 18 | Named in the S0 GRTJC bullet / §S10 stack | s1+s2 | **DEDUP**
EFF.GENHN.07	EFF.GRTJC.62	stmt-dep	H	OPEN	xref	from:gov,to:stmt	default	EFF-GENHN.md | 4. XREF verification ledger (consolidated, deduplicated) | 37 | `GRTJC_PROOF_2026-08-08.md:JC-LOAD` | 31 | Graded no-cancellation — re-proved elementarily, not consumed / §S10 stack | s
EFF.GENHN.07	EFF.GRTJC.84	stmt-dep	H	OPEN	xref	from:gov,to:stmt	default	EFF-GENHN.md | 4. XREF verification ledger (consolidated, deduplicated) | 38 | `GRTJC_PROOF_2026-08-08.md:W-8` | 35 | Named in the S0 GRTJC bullet / §S10 stack | s1+s2 | **DEDUP**
EFF.GENHN.07	EFF.GRTJC.89	stmt-dep	H	OPEN	xref	from:gov,to:stmt	default	EFF-GENHN.md | 4. XREF verification ledger (consolidated, deduplicated) | 36 | `GRTJC_PROOF_2026-08-08.md:COROLLARY W-9` | 2 | The graded frame: FRAME at GENHN-2, CONSUMED at GENHN-4 layer 1 / The wel
EFF.GENHN.07	EFF.HE3.16	stmt-dep	H	OPEN	reverse-xref	from:stmt,to:gov	default	EFF-HE3.md | Sample re-verification (10 of 46, grep-rerun at merge time against the working tree — MUST include both reverse-edge designations per the merge charge) | `GENHN_PROOF_2026-08-08.md:THEORE
EFF.GENHN.07	EFF.HE3.17	stmt-dep	H	OPEN	xref	from:gov,to:stmt	default	EFF-GENHN.md | 4. XREF verification ledger (consolidated, deduplicated) | 44 | `HE3_PROOF_2026-08-08.md:GENHN-HE` | 7 | The consumer that claims to close the box (reverse edge) | s1 | —
EFF.GENHN.07	EFF.HE3.26	stmt-dep	H	OPEN	xref	from:gov,to:stmt	default	EFF-GENHN.md | 4. XREF verification ledger (consolidated, deduplicated) | 43 | `HE3_PROOF_2026-08-08.md:HE3-0` | 19 | The (T1)/(T2) locus in the `[r1]` node derivation | s1 | —
EFF.GENHN.07	EFF.HE6.22	stmt-dep	H	OPEN	xref	from:gov,to:stmt	default	EFF-GENHN.md | 4. XREF verification ledger (consolidated, deduplicated) | 45 | `HE6_PROOF_2026-08-08.md:LEMMA HE6-0` | 17 | dv(Φ′(ρ)) > D′h — the `[r1]` node's engine | s1 | —
EFF.GENHN.07	EFF.HE6.30	stmt-dep	H	OPEN	xref	from:gov,to:stmt	default	EFF-GENHN.md | 4. XREF verification ledger (consolidated, deduplicated) | 46 | `HE6_PROOF_2026-08-08.md:LEMMA HE6-3` | 12 | (SEP)-free slope bound in the same derivation | s1 | —
EFF.GENHN.07	EFF.HE6R1.16	stmt-dep	H	OPEN	xref	from:gov,to:stmt	default	EFF-GENHN.md | 4. XREF verification ledger (consolidated, deduplicated) | 75 | `HE6R1_RECON_2026-08-08.md:LEMMA HE6R1-3` | 8 | The completion clause sweep item 5 restores | s2 | —
EFF.GENHN.07	EFF.HE7.03	stmt-dep	H	OPEN	xref	from:gov,to:stmt	default	EFF-GENHN.md | 4. XREF verification ledger (consolidated, deduplicated) | 47 | `HE7_PROOF_2026-08-08.md:LEMMA GENHN-2` | 1 | Reverse edge: HE7's ladder base case | s1 | —
EFF.GENHN.07	EFF.HE7.87	stmt-dep	H	OPEN	xref	from:gov,to:stmt	default	EFF-GENHN.md | 4. XREF verification ledger (consolidated, deduplicated) | 76 | `HE7_PROOF_2026-08-08.md:HE7` | 366 | The refresh's HE7 bullet (self-name; the D′h remark is pinned by HE6-0/HE6-3 in sha
EFF.GENHN.07	EFF.HETOW.12	stmt-dep	H	OPEN	xref	from:gov,to:stmt	default	EFF-GENHN.md | 4. XREF verification ledger (consolidated, deduplicated) | 51 | `HETOW_passPE1_report.md:F-1` | 9 | The gauge-naive-lift finding landing on T(b)′ / The gauge-naive-lift finding | s1+s2 
EFF.GENHN.07	EFF.HETOW.16	stmt-dep	H	OPEN	xref	from:gov,to:stmt	default	EFF-GENHN.md | 4. XREF verification ledger (consolidated, deduplicated) | 49 | `HETOW_RECON_2026-08-09.md:HETOW-1` | 23 | The bridge lemma re-proved at the corrected composed key / Bridge lemma re-pro
EFF.GENHN.07	EFF.HETOW.17	stmt-dep	H	OPEN	xref	from:gov,to:stmt	default	EFF-GENHN.md | 4. XREF verification ledger (consolidated, deduplicated) | 50 | `HETOW_RECON_2026-08-09.md:HETOW-2` | 9 | Ditto | s1+s2 | **DEDUP**
EFF.GENHN.07	EFF.HEX3.37	stmt-dep	H	OPEN	xref	from:gov,to:stmt	default	EFF-GENHN.md | 4. XREF verification ledger (consolidated, deduplicated) | 73 | `HEX3_PROOF_2026-08-08.md:HEX3` | 83 | The minors-only CLEAN precedent; the arc stack | s2 | —
EFF.GENHN.07	EFF.HMENU3.28	stmt-dep	H	OPEN	xref	from:gov,to:stmt	default	EFF-GENHN.md | 4. XREF verification ledger (consolidated, deduplicated) | 74 | `HMENU3_PROOF_2026-08-08.md:ANNEX A` | 5 | HMENU3's acceptance annex in the refresh | s2 | —
EFF.GENHN.07	EFF.JD0.06	stmt-dep	H	OPEN	reverse-xref	from:gov,to:gov	default	EFF-JD0.md | 4.4 Reverse-XREFs: the seven verified consumption sites | RX-7 | `lean/notes/openmath/GENHN_PROOF_2026-08-08.md` | 1515 | `* **J-D0** @ 9387eb1 (proved): letter/twist-blindness of counts.
EFF.GENHN.07	EFF.JD0.33	stmt-dep	H	OPEN	xref	from:gov,to:stmt	statement-hit	EFF-GENHN-s2of2.md | 3.1 Verified import/XREF designations | 31 | `JD0_PROOF_2026-08-08.md:J-D0` | 25 | Twist-blindness; §S10 stack
EFF.GENHN.07	EFF.SIGMALAW.07	stmt-dep	H	OPEN	xref	from:gov,to:stmt	default	EFF-GENHN.md | 4. XREF verification ledger (consolidated, deduplicated) | 42 | `SIGMALAW_PROOF_2026-08-08.md:(EC-q)` | 26 | Letter-layer coherence at towers; no count consumption / Letter-layer at tow
EFF.GENHN.07	EFF.T1.05	stmt-dep	H	OPEN	reverse-xref	from:gov,to:gov	default	EFF-T1-s1of3.md | 3.2 Reverse consumer edges: mathematical supply versus append protocol | GENHN | `GENHN-LIFT` (9) | EFF.T1.s1of3.20 and .25 | A1 `Verbatim` on `M>D'h`; clearance remains external | O
EFF.GENHN.07	EFF.T1.06	stmt-dep	H	OPEN	reverse-xref	from:gov,to:exact	default	EFF-T1-s1of3.md | 3.2 Reverse consumer edges: mathematical supply versus append protocol | GENTOW2 | `S5.1` (42), `LEMMA GENTOW2-B′` (8), `LEMMA GENTOW2-B″` (10) | EFF.T1.s1of3.06, .15, .31 | Letter a
EFF.GENHN.07	EFF.W11.03	stmt-dep	H	OPEN	xref	from:gov,to:stmt	default	EFF-GENHN.md | 4. XREF verification ledger (consolidated, deduplicated) | 35 | `W11_PROOF_2026-08-08.md:W-11` | 18 | The n = 2 system — the μ = 2 read's target after re-basing / The μ = 2 re-basing ta
EFF.GENHN.07	EFF.W12.s1of2.09	stmt-dep	H	OPEN	xref	from:gov,to:stmt	statement-hit	EFF-GENHN.md | 4. XREF verification ledger (consolidated, deduplicated) | 30 | `W12_PROOF_2026-08-08.md:THEOREM W-12.A` | 8 | The order-1 cell law being (e₁,f₁)-re-based / Entry laws; the conservative
EFF.GENHN.07	EFF.W12.s1of2.12	stmt-dep	H	OPEN	xref	from:gov,to:stmt	default	EFF-GENHN.md | 4. XREF verification ledger (consolidated, deduplicated) | 31 | `W12_PROOF_2026-08-08.md:W-12.D` | 19 | The reduction that fires the densities / The firing reduction | s1+s2 | **DEDUP**
EFF.GENHN.07	EFF.W12.s1of2.31	stmt-dep	H	OPEN	xref	from:gov,to:stmt	default	EFF-GENHN.md | 4. XREF verification ledger (consolidated, deduplicated) | 32 | `W12_PROOF_2026-08-08.md:S2.5` | 9 | The entry-law section pinned in S0 / Entry-law section pin | s1+s2 | **DEDUP**
EFF.GENHN.07	EFF.W12.s1of2.47	stmt-dep	H	OPEN	xref	from:gov,to:stmt	default	EFF-GENHN.md | 4. XREF verification ledger (consolidated, deduplicated) | 34 | `W12_PROOF_2026-08-08.md:(H-e)` | 8 | The box GENHN.C instantiates and GENHN shrinks to μ ≥ 3 | s1 | —
EFF.GENHN.07	EXT:CODEX_HE6PE1_2026-08-08.md	stmt-dep	H	OPEN	xref	from:gov,to:ext	default	EFF-GENHN.md | 4. XREF verification ledger (consolidated, deduplicated) | 64 | `CODEX_HE6PE1_2026-08-08.md:finding 3` | 2 | The display inconsistency that lands as the `[r1]` erratum | s1 | —
EFF.GENHN.07	EXT:DULEMMA_PROOF_2026-08-08.md	stmt-dep	H	OPEN	xref	from:gov,to:ext	default	EFF-GENHN.md | 4. XREF verification ledger (consolidated, deduplicated) | 41 | `DULEMMA_PROOF_2026-08-08.md:DULEMMA` | 1 | Perimeter checked, NOT consumed / Perimeter checked, not consumed; riddered b
EFF.GENHN.07	EXT:QSCOUT22_2026-08-08.md	stmt-dep	H	OPEN	xref	from:gov,to:ext	default	EFF-GENHN.md | 4. XREF verification ledger (consolidated, deduplicated) | 29 | `QSCOUT22_2026-08-08.md:Q22-A` | 3 | The committed quartic table; the n = 4/5 entry patterns / The committed quartic tabl
EFF.GENHN.07	EXT:WELDZERO_2026-08-14.md	stmt-dep	H	OPEN	xref	from:gov,to:ext	default	EFF-GENHN.md | Sample re-verification (10 of 76, grep-rerun at merge time against the working tree) | `WELDZERO_2026-08-14.md:WZ-BOX-7` (s1-only) | 10 | 10 | ✓
EFF.GENHN.11	EFF.T1.06	stmt-dep	H	OPEN	reverse-xref	from:body,to:exact	default	EFF-T1-s1of3.md | 3.2 Reverse consumer edges: mathematical supply versus append protocol | GENTOW2 | `S5.1` (42), `LEMMA GENTOW2-B′` (8), `LEMMA GENTOW2-B″` (10) | EFF.T1.s1of3.06, .15, .31 | Letter a
EFF.GENHN.27	EFF.HE3.16	stmt-dep	H	OPEN	reverse-xref	from:stmt,to:gov	default	EFF-HE3.md | Sample re-verification (10 of 46, grep-rerun at merge time against the working tree — MUST include both reverse-edge designations per the merge charge) | `GENHN_PROOF_2026-08-08.md:LEMMA 
EFF.GENHN.28	EFF.JD0.33	stmt-dep	H	OPEN	xref	from:exact,to:stmt	statement-hit	EFF-GENHN.md | 4. XREF verification ledger (consolidated, deduplicated) | 40 | `JD0_PROOF_2026-08-08.md:J-D0` | 25 | Count-gauge-blindness — conclusion consumed, **reason disclosed false** (`.28`) / T
EFF.GENHN.28	EXT:WELDZERO_2026-08-14.md	stmt-dep	H	OPEN	xref	from:exact,to:ext	statement-hit	EFF-GENHN.md | 4. XREF verification ledger (consolidated, deduplicated) | 65 | `WELDZERO_2026-08-14.md:WZ-BOX-7` | 10 | The disclosed false parenthetical at GENHN L736–737 (`.28`) | s1 | —
EFF.GENHN.31	EFF.HE6R1.06	stmt-dep	H	OPEN	reverse-xref	from:stmt,to:gov	default	EFF-HE6R1.md | 5.2 Reverse-XREF rows — who consumes HE6R1 (rule 8) | RX-2 | `GENHN_PROOF_2026-08-08.md` | `ERRATUM` 17 | the R9 corrected node, as a dated `[r1]` erratum annex | **LANDED**
EFF.GENHN.81	EFF.T1.05	stmt-dep	H	OPEN	reverse-xref	from:stmt,to:gov	default	EFF-T1-s1of3.md | 3.2 Reverse consumer edges: mathematical supply versus append protocol | GENHN | `GENHN-LIFT` (9) | EFF.T1.s1of3.20 and .25 | A1 `Verbatim` on `M>D'h`; clearance remains external | O
EFF.GENIND.03	EXT:QSCOUT22_2026-08-08.md	stmt-dep	H	OPEN	xref	from:exact,to:ext	default	EFF-GENIND.md | 4. XREF verification ledger (consolidated, deduplicated) | 50 | `QSCOUT22_2026-08-08.md:GENRE E` | 2 | s1: The (2,2)-E scout table; prediction target (`.03`, `.48`, `.68`, `.73`) / s2:
EFF.GENIND.04	EFF.HMENU3.19	stmt-dep	H	OPEN	xref	from:exact,to:stmt	statement-hit	EFF-GENIND.md | 4. XREF verification ledger (consolidated, deduplicated) | 39 | `HMENU3_PROOF_2026-08-08.md:HM3-1` | 4 | s1: Two-species classification template (`.04`, `.05`, `.19`, `.20`) / s2: `.86
EFF.GENIND.05	EFF.GRTJC.54	stmt-dep	H	OPEN	xref	from:exact,to:stmt	statement-hit	EFF-GENIND.md | 4. XREF verification ledger (consolidated, deduplicated) | 25 | `GRTJC_PROOF_2026-08-08.md:W-6` | 18 | s1: Carry-corpus member (`.05`) / s2: `.82`, `.88` | s1+s2 | **DEDUP**
EFF.GENIND.05	EFF.GRTJC.62	stmt-dep	H	OPEN	xref	from:exact,to:stmt	statement-hit	EFF-GENIND.md | 4. XREF verification ledger (consolidated, deduplicated) | 24 | `GRTJC_PROOF_2026-08-08.md:JC-LOAD` | 31 | s1: No-cancellation across ℤ/E degrees (`.05`, `.67`, `.71`, `.72`) / s2: `.8
EFF.GENIND.05	EFF.GRTJC.84	stmt-dep	H	OPEN	xref	from:exact,to:stmt	statement-hit	EFF-GENIND.md | 4. XREF verification ledger (consolidated, deduplicated) | 26 | `GRTJC_PROOF_2026-08-08.md:W-8` | 35 | s1: No-cancellation warrant (`.05`, `.67`, `.72`) / s2: `.82`, `.88` | s1+s2 | **
EFF.GENIND.05	EFF.GRTJC.89	stmt-dep	H	OPEN	xref	from:exact,to:stmt	statement-hit	EFF-GENIND.md | 4. XREF verification ledger (consolidated, deduplicated) | 27 | `GRTJC_PROOF_2026-08-08.md:W-9` | 13 | s1: The ℤ/E carry grading (`.05`, `.67`, `.68`, `.71`, `.74`) / s2: `.82`, `.88` 
EFF.GENIND.05	EFF.HEX3.13	stmt-dep	H	OPEN	xref	from:exact,to:stmt	statement-hit	EFF-GENIND.md | 4. XREF verification ledger (consolidated, deduplicated) | 29 | `HEX3_PROOF_2026-08-08.md:H-1` | 5 | s1: Depth-0 partition; the n = 3 instance of GENIND-1(i) (`.05`, `.20`) / s2: `.76`
EFF.GENIND.05	EFF.HEX3.16	stmt-dep	H	OPEN	xref	from:exact,to:stmt	default	EFF-GENIND.md | 4. XREF verification ledger (consolidated, deduplicated) | 30 | `HEX3_PROOF_2026-08-08.md:H-2` | 11 | s1: α-transport (i)(ii)(iii); the n = 3 instance of GENIND-1(ii)/GENIND-2(a) (`.05
EFF.GENIND.05	EFF.HEX3.19	stmt-dep	H	OPEN	xref	from:exact,to:stmt	default	EFF-GENIND.md | 4. XREF verification ledger (consolidated, deduplicated) | 31 | `HEX3_PROOF_2026-08-08.md:H-3` | 5 | s1: The three β routes (`.05`, `.24`) / s2: `.76`, `.78`, `.80`, `.85`, `.96`, `.10
EFF.GENIND.05	EFF.HEX3.26	stmt-dep	H	OPEN	xref	from:exact,to:stmt	statement-hit	EFF-GENIND.md | 4. XREF verification ledger (consolidated, deduplicated) | 32 | `HEX3_PROOF_2026-08-08.md:H-4` | 2 | s1: The n = 3 scaffold instance list (`.05`) / s2: `.76`, `.78`, `.80`, `.85`, `.96
EFF.GENIND.05	EFF.HMENU3.08	stmt-dep	H	OPEN	xref	from:exact,to:stmt	statement-hit	EFF-GENIND.md | 4. XREF verification ledger (consolidated, deduplicated) | 44 | `HMENU3_PROOF_2026-08-08.md:HM3.A` | 18 | s1: History-resolved menu form; the raw-key dictionary (`.05`, `.13`, `.24`) /
EFF.GENIND.05	EFF.HMENU3.19	stmt-dep	H	OPEN	xref	from:exact,to:stmt	statement-hit	EFF-GENIND.md | 4. XREF verification ledger (consolidated, deduplicated) | 39 | `HMENU3_PROOF_2026-08-08.md:HM3-1` | 4 | s1: Two-species classification template (`.04`, `.05`, `.19`, `.20`) / s2: `.86
EFF.GENIND.05	EFF.HMENU3.22	stmt-dep	H	OPEN	xref	from:exact,to:stmt	default	EFF-GENIND.md | 4. XREF verification ledger (consolidated, deduplicated) | 40 | `HMENU3_PROOF_2026-08-08.md:HM3-2` | 5 | s1: Drain-verdict → KEY resolution upgrade (`.05`, `.21`) / s2: `.86`, `.136`, 
EFF.GENIND.05	EFF.HMENU3.23	stmt-dep	H	OPEN	xref	from:exact,to:stmt	default	EFF-GENIND.md | 4. XREF verification ledger (consolidated, deduplicated) | 41 | `HMENU3_PROOF_2026-08-08.md:HM3-3` | 3 | s1: The n = 3 β-transport instance (`.05`) / s2: `.86`, `.136`, `.138` | s1+s2 
EFF.GENIND.05	EFF.HMENU3.25	stmt-dep	H	OPEN	xref	from:exact,to:stmt	statement-hit	EFF-GENIND.md | 4. XREF verification ledger (consolidated, deduplicated) | 42 | `HMENU3_PROOF_2026-08-08.md:HM3-4` | 11 | s1: The n = 3 bracket (q−1)q^{4μ−1} (`.05`, `.09`, `.22`, `.23`) / s2: `.86`, 
EFF.GENIND.05	EFF.JD0.33	stmt-dep	H	OPEN	xref	from:exact,to:stmt	statement-hit	EFF-GENIND.md | 4. XREF verification ledger (consolidated, deduplicated) | 49 | `JD0_PROOF_2026-08-08.md:LEMMA J-D0` | 4 | s1: Count-gauge blindness (`.05`, `.17`, `.36`, `.55`, `.67`) / s2: `.82`, `.
EFF.GENIND.05	EFF.W12.s1of2.09	stmt-dep	H	OPEN	xref	from:exact,to:stmt	statement-hit	EFF-GENIND.md | 4. XREF verification ledger (consolidated, deduplicated) | 62 | `W12_PROOF_2026-08-08.md:THEOREM W-12.A` | 8 | s1: Order-1 decided-shape law at every degree — the induction's leaves (`
EFF.GENIND.05	EFF.W12.s1of2.32	stmt-dep	H	OPEN	xref	from:exact,to:stmt	statement-hit	EFF-GENIND.md | 4. XREF verification ledger (consolidated, deduplicated) | 66 | `W12_PROOF_2026-08-08.md:W12-L0` | 32 | s1: History-resolved n = 2 menus; P(2) base; GENIND-5's stage laws (`.05`, `.15`
EFF.GENIND.07	EFF.W12.s1of2.08	stmt-dep	H	OPEN	xref	from:exact,to:stmt	default	EFF-GENIND.md | 4. XREF verification ledger (consolidated, deduplicated) | 56 | `W12_PROOF_2026-08-08.md:S1` | 24 (upper bound) | s1: Conventions; the `[r1 F3]`-corrected refine taxonomy (`.07`, `.17`
EFF.GENIND.07	EFF.W12.s1of2.21	stmt-dep	H	OPEN	xref	from:exact,to:stmt	statement-hit	EFF-GENIND.md | 4. XREF verification ledger (consolidated, deduplicated) | 68 | `W12_PROOF_2026-08-08.md:W12-S2.1` | 9 | s1: Level-0 Hensel product; the Hensel split at step (2) (`.07`, `.24`, `.34`, 
EFF.GENIND.07	EFF.W12.s1of2.23	stmt-dep	H	OPEN	xref	from:exact,to:stmt	statement-hit	EFF-GENIND.md | 4. XREF verification ledger (consolidated, deduplicated) | 57 | `W12_PROOF_2026-08-08.md:S2.2` | 19 | s1: The Φ-adic bijection and every slot count (`.07`, `.17`, `.36`, `.47`) / s3: T
EFF.GENIND.08	EFF.GENH4.07	stmt-dep	H	OPEN	reverse-xref	from:gov,to:gov	default	EFF-GENH4.md | 3.4 Reverse consumer edges (consolidated) | GENIND | outbound supply | `[GENIND-H(4)]` DISCHARGED; GENH4.A/B; GENH4.D fires P(4) | Nothing appended; GENIND cites this note at its own pi
EFF.GENIND.08	EFF.GENH4.15	stmt-dep	H	OPEN	xref	from:gov,to:stmt	default	EFF-GENIND.md | Sample re-verification (12 of 71, grep-rerun at merge time against the working tree) | `GENH4_PROOF_2026-08-08.md:GENH4-1F` | 10 | 10 | OK
EFF.GENIND.08	EFF.GENH4.44	stmt-dep	H	OPEN	reverse-xref	from:gov,to:exact	default	EFF-GENH4.md | 3.4 Reverse consumer edges (consolidated) | W-12 / HEX3 / HMENU3 / W-11 / GENIND / QSCOUT22 | inbound | arc-grade movement, tracked and re-checked three times | `.44`, `.51`–`.57` | s1
EFF.GENIND.08	EFF.GENH4.51	stmt-dep	H	OPEN	reverse-xref	from:gov,to:exact	default	EFF-GENH4.md | 3.4 Reverse consumer edges (consolidated) | W-12 / HEX3 / HMENU3 / W-11 / GENIND / QSCOUT22 | inbound | arc-grade movement, tracked and re-checked three times | `.44`, `.51`–`.57` | s1
EFF.GENIND.08	EFF.GENH4.56	stmt-dep	H	OPEN	reverse-xref	from:gov,to:exact	default	EFF-GENH4-s1of2.md | 3.4 Reverse consumer edges | W-12 / HEX3 / HMENU3 / W-11 / GENIND / QSCOUT22 | **inbound** | arc-grade movement, tracked and re-checked three times | `.44`, `.51`–`.56`
EFF.GENIND.08	EFF.GENH4.57	stmt-dep	H	OPEN	reverse-xref	from:gov,to:exact	default	EFF-GENH4.md | 3.4 Reverse consumer edges (consolidated) | W-12 / HEX3 / HMENU3 / W-11 / GENIND / QSCOUT22 | inbound | arc-grade movement, tracked and re-checked three times | `.44`, `.51`–`.57` | s1
EFF.GENIND.08	EFF.GENHN.29	stmt-dep	H	OPEN	xref	from:gov,to:stmt	default	EFF-GENIND.md | Sample re-verification (12 of 71, grep-rerun at merge time against the working tree) | `GENHN_PROOF_2026-08-08.md:LEMMA GENHN-3` | 3 | 3 | OK
EFF.GENIND.08	EFF.HEX3.08	stmt-dep	H	OPEN	xref	from:gov,to:stmt	default	EFF-GENIND.md | Sample re-verification (12 of 71, grep-rerun at merge time against the working tree) | `HEX3_PROOF_2026-08-08.md:THEOREM HEX3.A` | 11 | 11 | OK
EFF.GENIND.08	EFF.HEX3.37	stmt-dep	H	OPEN	xref	from:gov,to:stmt	default	EFF-GENIND.md | Sample re-verification (12 of 71, grep-rerun at merge time against the working tree) | `HEX3_PROOF_2026-08-08.md:HEX3-BOX-1` | 11 | 11 | OK
EFF.GENIND.08	EFF.HMENU3.14	stmt-dep	H	OPEN	xref	from:gov,to:stmt	default	EFF-GENIND.md | Sample re-verification (12 of 71, grep-rerun at merge time against the working tree) | `HMENU3_PROOF_2026-08-08.md:HM3.C` | 15 | 15 | OK
EFF.GENIND.08	EFF.JD0.06	stmt-dep	H	OPEN	reverse-xref	from:gov,to:gov	default	EFF-JD0.md | 4.4 Reverse-XREFs: the seven verified consumption sites | RX-5 | `lean/notes/openmath/GENIND_PROOF_2026-08-08.md` | 1518 | `* **LEMMA J-D0** @ 1642275/9387eb1 — the count-gauge-blindness 
EFF.GENIND.08	EFF.JD0.33	stmt-dep	H	OPEN	xref	from:gov,to:stmt	default	EFF-GENIND.md | Sample re-verification (12 of 71, grep-rerun at merge time against the working tree) | `JD0_PROOF_2026-08-08.md:J-D0` | 25 | 25 | OK
EFF.GENIND.08	EFF.W11.39	stmt-dep	H	OPEN	xref	from:gov,to:stmt	default	EFF-GENIND.md | Sample re-verification (12 of 71, grep-rerun at merge time against the working tree) | `W11_PROOF_2026-08-08.md:THEOREM W-11` | 3 | 3 | OK
EFF.GENIND.08	EFF.W12.s1of2.09	stmt-dep	H	OPEN	xref	from:exact,to:stmt	statement-hit	EFF-GENIND.md | 4. XREF verification ledger (consolidated, deduplicated) | 62 | `W12_PROOF_2026-08-08.md:THEOREM W-12.A` | 8 | s1: Order-1 decided-shape law at every degree — the induction's leaves (`
EFF.GENIND.08	EFF.W12.s1of2.12	stmt-dep	H	OPEN	xref	from:gov,to:stmt	default	EFF-GENIND.md | Sample re-verification (12 of 71, grep-rerun at merge time against the working tree) | `W12_PROOF_2026-08-08.md:THEOREM W-12.D` | 5 | 5 | OK
EFF.GENIND.08	EFF.W12.s1of2.23	stmt-dep	H	OPEN	xref	from:gov,to:stmt	default	EFF-GENIND.md | Sample re-verification (12 of 71, grep-rerun at merge time against the working tree) | `W12_PROOF_2026-08-08.md:S2.2` | 19 | 19 | OK
EFF.GENIND.08	EXT:QSCOUT22_2026-08-08.md	stmt-dep	H	OPEN	xref	from:gov,to:ext	default	EFF-GENIND.md | Sample re-verification (12 of 71, grep-rerun at merge time against the working tree) | `QSCOUT22_2026-08-08.md:GENRE E` | 2 | 2 | OK
EFF.GENIND.08	EXT:W10_PROOF_2026-08-08.md	stmt-dep	H	OPEN	xref	from:gov,to:ext	default	EFF-GENIND.md | Sample re-verification (12 of 71, grep-rerun at merge time against the working tree) | `W10_PROOF_2026-08-08.md:W10-BOX-3` | 1 | 1 | OK
EFF.GENIND.09	EFF.HMENU3.25	stmt-dep	H	OPEN	xref	from:exact,to:stmt	statement-hit	EFF-GENIND.md | 4. XREF verification ledger (consolidated, deduplicated) | 42 | `HMENU3_PROOF_2026-08-08.md:HM3-4` | 11 | s1: The n = 3 bracket (q−1)q^{4μ−1} (`.05`, `.09`, `.22`, `.23`) / s2: `.86`, 
EFF.GENIND.10	EFF.HEX3.38	stmt-dep	H	OPEN	xref	from:exact,to:stmt	statement-hit	EFF-GENIND.md | 4. XREF verification ledger (consolidated, deduplicated) | 34 | `HEX3_PROOF_2026-08-08.md:HEX3-BOX-2` | 4 | s1: The ledger-compression pricing precedent (`.10`, `.26`, `.42`) / s2: `.7
EFF.GENIND.103	EFF.HEX3.08	stmt-dep	H	OPEN	xref	from:exact,to:stmt	default	EFF-GENIND.md | 4. XREF verification ledger (consolidated, deduplicated) | 37 | `HEX3_PROOF_2026-08-08.md:THEOREM HEX3.A` | 11 | s1: The n = 3 exact law (consumed by ANNEX R R1's rate leg; named in ra
EFF.GENIND.103	EFF.HEX3.13	stmt-dep	H	OPEN	xref	from:exact,to:stmt	default	EFF-GENIND.md | 4. XREF verification ledger (consolidated, deduplicated) | 29 | `HEX3_PROOF_2026-08-08.md:H-1` | 5 | s1: Depth-0 partition; the n = 3 instance of GENIND-1(i) (`.05`, `.20`) / s2: `.76`
EFF.GENIND.103	EFF.HEX3.16	stmt-dep	H	OPEN	xref	from:exact,to:stmt	default	EFF-GENIND.md | 4. XREF verification ledger (consolidated, deduplicated) | 30 | `HEX3_PROOF_2026-08-08.md:H-2` | 11 | s1: α-transport (i)(ii)(iii); the n = 3 instance of GENIND-1(ii)/GENIND-2(a) (`.05
EFF.GENIND.103	EFF.HEX3.19	stmt-dep	H	OPEN	xref	from:exact,to:stmt	default	EFF-GENIND.md | 4. XREF verification ledger (consolidated, deduplicated) | 31 | `HEX3_PROOF_2026-08-08.md:H-3` | 5 | s1: The three β routes (`.05`, `.24`) / s2: `.76`, `.78`, `.80`, `.85`, `.96`, `.10
EFF.GENIND.103	EFF.HEX3.20	stmt-dep	H	OPEN	xref	from:exact,to:stmt	statement-hit	EFF-GENIND.md | 4. XREF verification ledger (consolidated, deduplicated) | 35 | `HEX3_PROOF_2026-08-08.md:R(M)` | 21 | s1: The n = 2 drain law consumed by the β drain composition (`.25`, `.45`) / s2: 
EFF.GENIND.103	EFF.HEX3.26	stmt-dep	H	OPEN	xref	from:exact,to:stmt	default	EFF-GENIND.md | 4. XREF verification ledger (consolidated, deduplicated) | 32 | `HEX3_PROOF_2026-08-08.md:H-4` | 2 | s1: The n = 3 scaffold instance list (`.05`) / s2: `.76`, `.78`, `.80`, `.85`, `.96
EFF.GENIND.103	EFF.HEX3.28	stmt-dep	H	OPEN	xref	from:exact,to:stmt	statement-hit	EFF-GENIND.md | 4. XREF verification ledger (consolidated, deduplicated) | 36 | `HEX3_PROOF_2026-08-08.md:S5.1` | 9 | s1: The n = 3 closed forms tied by GT-N3TIE (`.20`, `.45`) / s2: `.76`, `.78`, `.8
EFF.GENIND.103	EFF.HEX3.31	stmt-dep	H	OPEN	xref	from:exact,to:stmt	default	EFF-GENIND.md | 4. XREF verification ledger (consolidated, deduplicated) | 38 | `HEX3_PROOF_2026-08-08.md:THEOREM HEX3.B` | 8 | s1: The n = 3 rate — the species (A2-RATE) generalizes (`.45`, `.46`) / 
EFF.GENIND.103	EFF.HEX3.37	stmt-dep	H	OPEN	xref	from:exact,to:stmt	default	EFF-GENIND.md | 4. XREF verification ledger (consolidated, deduplicated) | 33 | `HEX3_PROOF_2026-08-08.md:HEX3-BOX-1` | 11 | s2: `.76`, `.78`, `.80`, `.85`, `.96`, `.103`, `.136` | s2 | —
EFF.GENIND.103	EFF.HEX3.38	stmt-dep	H	OPEN	xref	from:exact,to:stmt	default	EFF-GENIND.md | 4. XREF verification ledger (consolidated, deduplicated) | 34 | `HEX3_PROOF_2026-08-08.md:HEX3-BOX-2` | 4 | s1: The ledger-compression pricing precedent (`.10`, `.26`, `.42`) / s2: `.7
EFF.GENIND.106	EFF.GENHN.07	stmt-dep	H	OPEN	xref	from:exact,to:gov	default	EFF-GENIND-s2of3.md | 3.1 Verified import/XREF designations | 41–48 | `GENHN_PROOF_2026-08-08.md:` `GENHN.A(i)` (11) · `GENHN.A(iv)` (3) · `GENHN.A(v)` (6) · `LEMMA GENHN-3` (3) · `S6.2` (6) · `S11.F`
EFF.GENIND.106	EFF.GENHN.11	stmt-dep	H	OPEN	xref	from:exact,to:stmt	statement-hit	EFF-GENIND.md | 4. XREF verification ledger (consolidated, deduplicated) | 14 | `GENHN_PROOF_2026-08-08.md:GENHN.A(iv)` | 3 | s1: The stage node floor κ ≥ S_b + 1 (`.35`) / s2: `.91`, `.92`, `.106`, `
EFF.GENIND.106	EFF.GENHN.29	stmt-dep	H	OPEN	xref	from:exact,to:stmt	default	EFF-GENIND.md | 4. XREF verification ledger (consolidated, deduplicated) | 17 | `GENHN_PROOF_2026-08-08.md:LEMMA GENHN-3` | 3 | s1: Ragged-band confinement (`.57`, `.63`) / s2: `.91`, `.92`, `.106`, `
EFF.GENIND.106	EFF.GENHN.36	stmt-dep	H	OPEN	xref	from:exact,to:stmt	default	EFF-GENIND.md | 4. XREF verification ledger (consolidated, deduplicated) | 13 | `GENHN_PROOF_2026-08-08.md:GENHN.A(i)` | 11 | s2: `.91`, `.92`, `.106`, `.136`, `.138`, `.144` / s3: Screened in the sev
EFF.GENIND.106	EFF.GENHN.37	stmt-dep	H	OPEN	xref	from:exact,to:stmt	default	EFF-GENIND.md | 4. XREF verification ledger (consolidated, deduplicated) | 21 | `GENHN_PROOF_2026-08-08.md:S6.3` | 3 | s1: The general-genre exactness shape (`.57`, `.59`) / s2: `.91`, `.92`, `.106`, 
EFF.GENIND.106	EFF.GENHN.68	stmt-dep	H	OPEN	xref	from:exact,to:stmt	default	EFF-GENIND.md | 4. XREF verification ledger (consolidated, deduplicated) | 19 | `GENHN_PROOF_2026-08-08.md:S11.F` | 10 | s1: The per-coefficient certified-window computation (`.34`) / s2: `.91`, `.92`
EFF.GENIND.106	EFF.GENHN.86	stmt-dep	H	OPEN	xref	from:exact,to:stmt	default	EFF-GENIND.md | 4. XREF verification ledger (consolidated, deduplicated) | 16 | `GENHN_PROOF_2026-08-08.md:GENHN.C` | 19 | s1: Named in the W-12 r4 FIRING CHECK geography (`.15`) / s2: `.91`, `.92`, `
EFF.GENIND.106	EFF.GENHN.90	stmt-dep	H	OPEN	xref	from:exact,to:stmt	default	EFF-GENIND.md | 4. XREF verification ledger (consolidated, deduplicated) | 15 | `GENHN_PROOF_2026-08-08.md:GENHN.A(v)` | 6 | s1: The ragged-window-corrected stage read (`.37`, `.63`) / s2: `.91`, `.92
EFF.GENIND.108	EFF.GENH4.07	stmt-dep	H	OPEN	xref	from:exact,to:stmt	default	EFF-GENIND.md | 4. XREF verification ledger (consolidated, deduplicated) | 8 | `GENH4_PROOF_2026-08-08.md:Q22-L1` | 7 | s1: GENH4.A's scout-side name (`.59`, `.66`) / s2: `.90`, `.92`, `.108`, `.136`,
EFF.GENIND.108	EFF.GENH4.10	stmt-dep	H	OPEN	xref	from:exact,to:stmt	default	EFF-GENIND.md | 4. XREF verification ledger (consolidated, deduplicated) | 4 | `GENH4_PROOF_2026-08-08.md:GENH4-BOX-7` | 1 | s2: `.90`, `.92`, `.108`, `.136`, `.138`, `.139` | s2 | —
EFF.GENIND.108	EFF.GENH4.11	stmt-dep	H	OPEN	xref	from:exact,to:stmt	default	EFF-GENIND.md | 4. XREF verification ledger (consolidated, deduplicated) | 6 | `GENH4_PROOF_2026-08-08.md:GENH4.C` | 11 | s2: `.90`, `.92`, `.108`, `.136`, `.138`, `.139` | s2 | —
EFF.GENIND.108	EFF.GENH4.15	stmt-dep	H	OPEN	xref	from:exact,to:stmt	default	EFF-GENIND.md | 4. XREF verification ledger (consolidated, deduplicated) | 2 | `GENH4_PROOF_2026-08-08.md:GENH4-1F` | 10 | s1: Menu-half companion (`.59`, `.66`) / s2: `.90`, `.92`, `.108`, `.136`, `.
EFF.GENIND.108	EFF.GENH4.84	stmt-dep	H	OPEN	xref	from:exact,to:stmt	default	EFF-GENIND.md | 4. XREF verification ledger (consolidated, deduplicated) | 1 | `GENH4_PROOF_2026-08-08.md:ANNEX-LEMMA GENH4-7` | 11 | s2: `.90`, `.92`, `.108`, `.136`, `.138`, `.139` | s2 | —
EFF.GENIND.11	EFF.W12.s1of2.31	stmt-dep	H	OPEN	xref	from:exact,to:stmt	statement-hit	EFF-GENIND.md | 4. XREF verification ledger (consolidated, deduplicated) | 55 | `W12_PROOF_2026-08-08.md:QRT-G2` | 10 | s1: The n = 4 e-first first instance (`.11`, `.48`) / s3: The 4-key stage of the
EFF.GENIND.123	EFF.W12.s1of2.09	stmt-dep	H	OPEN	xref	from:exact,to:stmt	default	EFF-GENIND.md | 4. XREF verification ledger (consolidated, deduplicated) | 62 | `W12_PROOF_2026-08-08.md:THEOREM W-12.A` | 8 | s1: Order-1 decided-shape law at every degree — the induction's leaves (`
EFF.GENIND.123	EFF.W12.s1of2.10	stmt-dep	H	OPEN	xref	from:exact,to:stmt	default	EFF-GENIND.md | 4. XREF verification ledger (consolidated, deduplicated) | 64 | `W12_PROOF_2026-08-08.md:W-12.B` | 19 | s2: `.81`, `.83`, `.85`, `.89`, `.93`, `.94`, `.123`, `.136`, `.138` | s2 | —
EFF.GENIND.123	EFF.W12.s1of2.12	stmt-dep	H	OPEN	xref	from:exact,to:stmt	default	EFF-GENIND.md | 4. XREF verification ledger (consolidated, deduplicated) | 63 | `W12_PROOF_2026-08-08.md:THEOREM W-12.D` | 5 | s1: The reduction fired at Step 5 (`.60`); the whole uniformity consequen
EFF.GENIND.123	EFF.W12.s1of2.27	stmt-dep	H	OPEN	xref	from:exact,to:stmt	default	EFF-GENIND.md | 4. XREF verification ledger (consolidated, deduplicated) | 58 | `W12_PROOF_2026-08-08.md:S2.3` | 35 (upper bound)!=35 | s1: Certificate transport at simple leaves (`.44`, `.56`) / s2: 
EFF.GENIND.123	EFF.W12.s1of2.29	stmt-dep	H	OPEN	xref	from:exact,to:stmt	default	EFF-GENIND.md | 4. XREF verification ledger (consolidated, deduplicated) | 59 | `W12_PROOF_2026-08-08.md:S2.4` | 10 | s2: `.81`, `.83`, `.85`, `.89`, `.93`, `.94`, `.123`, `.136`, `.138` | s2 | —
EFF.GENIND.123	EFF.W12.s1of2.31	stmt-dep	H	OPEN	xref	from:exact,to:stmt	default	EFF-GENIND.md | 4. XREF verification ledger (consolidated, deduplicated) | 60 | `W12_PROOF_2026-08-08.md:S2.5` | 9 | s1: The QRT-G2 opening law, PROVED at the w12 seal (`.11`, `.47`, `.48`, `.68`) / s
EFF.GENIND.123	EFF.W12.s1of2.32	stmt-dep	H	OPEN	xref	from:exact,to:stmt	default	EFF-GENIND.md | 4. XREF verification ledger (consolidated, deduplicated) | 66 | `W12_PROOF_2026-08-08.md:W12-L0` | 32 | s1: History-resolved n = 2 menus; P(2) base; GENIND-5's stage laws (`.05`, `.15`
EFF.GENIND.123	EFF.W12.s1of2.34	stmt-dep	H	OPEN	xref	from:exact,to:stmt	default	EFF-GENIND.md | 4. XREF verification ledger (consolidated, deduplicated) | 67 | `W12_PROOF_2026-08-08.md:W12-L1` | 30 | s1: (a) the level-0 product re-entry; (b) letters move by a unit, hulls do not (
EFF.GENIND.123	EFF.W12.s1of2.42	stmt-dep	H	OPEN	xref	from:exact,to:stmt	default	EFF-GENIND.md | 4. XREF verification ledger (consolidated, deduplicated) | 61 | `W12_PROOF_2026-08-08.md:S3.4` | 11 | s1: The δ-substitution instance; boundary-family routing (`.30`, `.57`) / s2: `.81
EFF.GENIND.123	EFF.W12.s1of2.49	stmt-dep	H	OPEN	xref	from:exact,to:stmt	default	EFF-GENIND.md | 4. XREF verification ledger (consolidated, deduplicated) | 65 | `W12_PROOF_2026-08-08.md:W12-BOX-1` | 10 | s2: `.81`, `.83`, `.85`, `.89`, `.93`, `.94`, `.123`, `.136`, `.138` / s3: Th
EFF.GENIND.13	EFF.HMENU3.08	stmt-dep	H	OPEN	xref	from:exact,to:stmt	statement-hit	EFF-GENIND.md | 4. XREF verification ledger (consolidated, deduplicated) | 44 | `HMENU3_PROOF_2026-08-08.md:HM3.A` | 18 | s1: History-resolved menu form; the raw-key dictionary (`.05`, `.13`, `.24`) /
EFF.GENIND.136	EFF.GENH4.07	stmt-dep	H	OPEN	xref	from:exact,to:stmt	statement-hit	EFF-GENIND.md | 4. XREF verification ledger (consolidated, deduplicated) | 10 | `GENH4_PROOF_2026-08-08.md:THEOREM GENH4.A` | 5 | s1: The menu half of the n = 4 de facto discharge (`.59`, `.66`) / s2:
EFF.GENIND.136	EFF.GENH4.10	stmt-dep	H	OPEN	xref	from:exact,to:stmt	statement-hit	EFF-GENIND.md | 4. XREF verification ledger (consolidated, deduplicated) | 11 | `GENH4_PROOF_2026-08-08.md:THEOREM GENH4.B` | 6 | s1: The drain half (`.14`, `.59`, `.66`) / s2: `.90`, `.92`, `.108`, `
EFF.GENIND.136	EFF.GENH4.11	stmt-dep	H	OPEN	xref	from:exact,to:stmt	default	EFF-GENIND.md | 4. XREF verification ledger (consolidated, deduplicated) | 6 | `GENH4_PROOF_2026-08-08.md:GENH4.C` | 11 | s2: `.90`, `.92`, `.108`, `.136`, `.138`, `.139` | s2 | —
EFF.GENIND.136	EFF.GENH4.15	stmt-dep	H	OPEN	xref	from:exact,to:stmt	statement-hit	EFF-GENIND.md | 4. XREF verification ledger (consolidated, deduplicated) | 2 | `GENH4_PROOF_2026-08-08.md:GENH4-1F` | 10 | s1: Menu-half companion (`.59`, `.66`) / s2: `.90`, `.92`, `.108`, `.136`, `.
EFF.GENIND.136	EFF.GENH4.84	stmt-dep	H	OPEN	xref	from:exact,to:stmt	default	EFF-GENIND.md | 4. XREF verification ledger (consolidated, deduplicated) | 1 | `GENH4_PROOF_2026-08-08.md:ANNEX-LEMMA GENH4-7` | 11 | s2: `.90`, `.92`, `.108`, `.136`, `.138`, `.139` | s2 | —
EFF.GENIND.136	EFF.GENHN.07	stmt-dep	H	OPEN	xref	from:exact,to:gov	default	EFF-GENIND-s2of3.md | 3.1 Verified import/XREF designations | 41–48 | `GENHN_PROOF_2026-08-08.md:` `GENHN.A(i)` (11) · `GENHN.A(iv)` (3) · `GENHN.A(v)` (6) · `LEMMA GENHN-3` (3) · `S6.2` (6) · `S11.F`
EFF.GENIND.136	EFF.GENHN.11	stmt-dep	H	OPEN	xref	from:exact,to:stmt	statement-hit	EFF-GENIND.md | 4. XREF verification ledger (consolidated, deduplicated) | 14 | `GENHN_PROOF_2026-08-08.md:GENHN.A(iv)` | 3 | s1: The stage node floor κ ≥ S_b + 1 (`.35`) / s2: `.91`, `.92`, `.106`, `
EFF.GENIND.136	EFF.GENHN.29	stmt-dep	H	OPEN	xref	from:exact,to:stmt	statement-hit	EFF-GENIND.md | 4. XREF verification ledger (consolidated, deduplicated) | 17 | `GENHN_PROOF_2026-08-08.md:LEMMA GENHN-3` | 3 | s1: Ragged-band confinement (`.57`, `.63`) / s2: `.91`, `.92`, `.106`, `
EFF.GENIND.136	EFF.GENHN.36	stmt-dep	H	OPEN	xref	from:exact,to:stmt	statement-hit	EFF-GENIND.md | 4. XREF verification ledger (consolidated, deduplicated) | 20 | `GENHN_PROOF_2026-08-08.md:S6.2` | 6 | s1: The ghost × letter reconciliation (`.64`) / s2: `.91`, `.92`, `.106`, `.136`,
EFF.GENIND.136	EFF.GENHN.37	stmt-dep	H	OPEN	xref	from:exact,to:stmt	default	EFF-GENIND.md | 4. XREF verification ledger (consolidated, deduplicated) | 21 | `GENHN_PROOF_2026-08-08.md:S6.3` | 3 | s1: The general-genre exactness shape (`.57`, `.59`) / s2: `.91`, `.92`, `.106`, 
EFF.GENIND.136	EFF.GENHN.68	stmt-dep	H	OPEN	xref	from:exact,to:stmt	default	EFF-GENIND.md | 4. XREF verification ledger (consolidated, deduplicated) | 19 | `GENHN_PROOF_2026-08-08.md:S11.F` | 10 | s1: The per-coefficient certified-window computation (`.34`) / s2: `.91`, `.92`
EFF.GENIND.136	EFF.GENHN.86	stmt-dep	H	OPEN	xref	from:exact,to:stmt	default	EFF-GENIND.md | 4. XREF verification ledger (consolidated, deduplicated) | 16 | `GENHN_PROOF_2026-08-08.md:GENHN.C` | 19 | s1: Named in the W-12 r4 FIRING CHECK geography (`.15`) / s2: `.91`, `.92`, `
EFF.GENIND.136	EFF.GENHN.90	stmt-dep	H	OPEN	xref	from:exact,to:stmt	default	EFF-GENIND.md | 4. XREF verification ledger (consolidated, deduplicated) | 15 | `GENHN_PROOF_2026-08-08.md:GENHN.A(v)` | 6 | s1: The ragged-window-corrected stage read (`.37`, `.63`) / s2: `.91`, `.92
EFF.GENIND.136	EFF.HEX3.08	stmt-dep	H	OPEN	xref	from:exact,to:stmt	default	EFF-GENIND.md | 4. XREF verification ledger (consolidated, deduplicated) | 37 | `HEX3_PROOF_2026-08-08.md:THEOREM HEX3.A` | 11 | s1: The n = 3 exact law (consumed by ANNEX R R1's rate leg; named in ra
EFF.GENIND.136	EFF.HEX3.13	stmt-dep	H	OPEN	xref	from:exact,to:stmt	statement-hit	EFF-GENIND.md | 4. XREF verification ledger (consolidated, deduplicated) | 29 | `HEX3_PROOF_2026-08-08.md:H-1` | 5 | s1: Depth-0 partition; the n = 3 instance of GENIND-1(i) (`.05`, `.20`) / s2: `.76`
EFF.GENIND.136	EFF.HEX3.16	stmt-dep	H	OPEN	xref	from:exact,to:stmt	default	EFF-GENIND.md | 4. XREF verification ledger (consolidated, deduplicated) | 30 | `HEX3_PROOF_2026-08-08.md:H-2` | 11 | s1: α-transport (i)(ii)(iii); the n = 3 instance of GENIND-1(ii)/GENIND-2(a) (`.05
EFF.GENIND.136	EFF.HEX3.19	stmt-dep	H	OPEN	xref	from:exact,to:stmt	default	EFF-GENIND.md | 4. XREF verification ledger (consolidated, deduplicated) | 31 | `HEX3_PROOF_2026-08-08.md:H-3` | 5 | s1: The three β routes (`.05`, `.24`) / s2: `.76`, `.78`, `.80`, `.85`, `.96`, `.10
EFF.GENIND.136	EFF.HEX3.20	stmt-dep	H	OPEN	xref	from:exact,to:stmt	statement-hit	EFF-GENIND.md | 4. XREF verification ledger (consolidated, deduplicated) | 35 | `HEX3_PROOF_2026-08-08.md:R(M)` | 21 | s1: The n = 2 drain law consumed by the β drain composition (`.25`, `.45`) / s2: 
EFF.GENIND.136	EFF.HEX3.26	stmt-dep	H	OPEN	xref	from:exact,to:stmt	statement-hit	EFF-GENIND.md | 4. XREF verification ledger (consolidated, deduplicated) | 32 | `HEX3_PROOF_2026-08-08.md:H-4` | 2 | s1: The n = 3 scaffold instance list (`.05`) / s2: `.76`, `.78`, `.80`, `.85`, `.96
EFF.GENIND.136	EFF.HEX3.28	stmt-dep	H	OPEN	xref	from:exact,to:stmt	default	EFF-GENIND.md | 4. XREF verification ledger (consolidated, deduplicated) | 36 | `HEX3_PROOF_2026-08-08.md:S5.1` | 9 | s1: The n = 3 closed forms tied by GT-N3TIE (`.20`, `.45`) / s2: `.76`, `.78`, `.8
EFF.GENIND.136	EFF.HEX3.31	stmt-dep	H	OPEN	xref	from:exact,to:stmt	default	EFF-GENIND.md | 4. XREF verification ledger (consolidated, deduplicated) | 38 | `HEX3_PROOF_2026-08-08.md:THEOREM HEX3.B` | 8 | s1: The n = 3 rate — the species (A2-RATE) generalizes (`.45`, `.46`) / 
EFF.GENIND.136	EFF.HEX3.37	stmt-dep	H	OPEN	xref	from:exact,to:stmt	statement-hit	EFF-GENIND.md | 4. XREF verification ledger (consolidated, deduplicated) | 33 | `HEX3_PROOF_2026-08-08.md:HEX3-BOX-1` | 11 | s2: `.76`, `.78`, `.80`, `.85`, `.96`, `.103`, `.136` | s2 | —
EFF.GENIND.136	EFF.HEX3.38	stmt-dep	H	OPEN	xref	from:exact,to:stmt	default	EFF-GENIND.md | 4. XREF verification ledger (consolidated, deduplicated) | 34 | `HEX3_PROOF_2026-08-08.md:HEX3-BOX-2` | 4 | s1: The ledger-compression pricing precedent (`.10`, `.26`, `.42`) / s2: `.7
EFF.GENIND.136	EFF.HMENU3.08	stmt-dep	H	OPEN	xref	from:exact,to:stmt	statement-hit	EFF-GENIND.md | 4. XREF verification ledger (consolidated, deduplicated) | 44 | `HMENU3_PROOF_2026-08-08.md:HM3.A` | 18 | s1: History-resolved menu form; the raw-key dictionary (`.05`, `.13`, `.24`) /
EFF.GENIND.136	EFF.HMENU3.11	stmt-dep	H	OPEN	xref	from:exact,to:stmt	default	EFF-GENIND.md | 4. XREF verification ledger (consolidated, deduplicated) | 45 | `HMENU3_PROOF_2026-08-08.md:HM3.B` | 19 | s1: The n = 3 (A1) B-families (`.30`) / s2: `.86`, `.136`, `.138` | s1+s2 | **
EFF.GENIND.136	EFF.HMENU3.14	stmt-dep	H	OPEN	xref	from:exact,to:stmt	statement-hit	EFF-GENIND.md | 4. XREF verification ledger (consolidated, deduplicated) | 46 | `HMENU3_PROOF_2026-08-08.md:HM3.C` | 15 | s1: The (A0) argument at general n; the S5.3 exact-complement sharpening (`.44
EFF.GENIND.136	EFF.HMENU3.17	stmt-dep	H	OPEN	xref	from:exact,to:stmt	default	EFF-GENIND.md | 4. XREF verification ledger (consolidated, deduplicated) | 47 | `HMENU3_PROOF_2026-08-08.md:HM3.D` | 13 | s2: `.86`, `.136`, `.138` | s2 | —
EFF.GENIND.136	EFF.HMENU3.19	stmt-dep	H	OPEN	xref	from:exact,to:stmt	statement-hit	EFF-GENIND.md | 4. XREF verification ledger (consolidated, deduplicated) | 39 | `HMENU3_PROOF_2026-08-08.md:HM3-1` | 4 | s1: Two-species classification template (`.04`, `.05`, `.19`, `.20`) / s2: `.86
EFF.GENIND.136	EFF.HMENU3.22	stmt-dep	H	OPEN	xref	from:exact,to:stmt	default	EFF-GENIND.md | 4. XREF verification ledger (consolidated, deduplicated) | 40 | `HMENU3_PROOF_2026-08-08.md:HM3-2` | 5 | s1: Drain-verdict → KEY resolution upgrade (`.05`, `.21`) / s2: `.86`, `.136`, 
EFF.GENIND.136	EFF.HMENU3.23	stmt-dep	H	OPEN	xref	from:exact,to:stmt	default	EFF-GENIND.md | 4. XREF verification ledger (consolidated, deduplicated) | 41 | `HMENU3_PROOF_2026-08-08.md:HM3-3` | 3 | s1: The n = 3 β-transport instance (`.05`) / s2: `.86`, `.136`, `.138` | s1+s2 
EFF.GENIND.136	EFF.HMENU3.25	stmt-dep	H	OPEN	xref	from:exact,to:stmt	default	EFF-GENIND.md | 4. XREF verification ledger (consolidated, deduplicated) | 42 | `HMENU3_PROOF_2026-08-08.md:HM3-4` | 11 | s1: The n = 3 bracket (q−1)q^{4μ−1} (`.05`, `.09`, `.22`, `.23`) / s2: `.86`, 
EFF.GENIND.136	EFF.W11.39	stmt-dep	H	OPEN	xref	from:exact,to:stmt	statement-hit	EFF-GENIND.md | 4. XREF verification ledger (consolidated, deduplicated) | 54 | `W11_PROOF_2026-08-08.md:THEOREM W-11` | 3 | s1: P(2) base (`.15`) / s2: `.84`, `.94`, `.136` / s3: The supply consumed 
EFF.GENIND.136	EFF.W12.s1of2.09	stmt-dep	H	OPEN	xref	from:exact,to:stmt	statement-hit	EFF-GENIND.md | 4. XREF verification ledger (consolidated, deduplicated) | 62 | `W12_PROOF_2026-08-08.md:THEOREM W-12.A` | 8 | s1: Order-1 decided-shape law at every degree — the induction's leaves (`
EFF.GENIND.136	EFF.W12.s1of2.10	stmt-dep	H	OPEN	xref	from:exact,to:stmt	statement-hit	EFF-GENIND.md | 4. XREF verification ledger (consolidated, deduplicated) | 64 | `W12_PROOF_2026-08-08.md:W-12.B` | 19 | s2: `.81`, `.83`, `.85`, `.89`, `.93`, `.94`, `.123`, `.136`, `.138` | s2 | —
EFF.GENIND.136	EFF.W12.s1of2.12	stmt-dep	H	OPEN	xref	from:exact,to:stmt	statement-hit	EFF-GENIND.md | 4. XREF verification ledger (consolidated, deduplicated) | 63 | `W12_PROOF_2026-08-08.md:THEOREM W-12.D` | 5 | s1: The reduction fired at Step 5 (`.60`); the whole uniformity consequen
EFF.GENIND.136	EFF.W12.s1of2.27	stmt-dep	H	OPEN	xref	from:exact,to:stmt	statement-hit	EFF-GENIND.md | 4. XREF verification ledger (consolidated, deduplicated) | 58 | `W12_PROOF_2026-08-08.md:S2.3` | 35 (upper bound)!=35 | s1: Certificate transport at simple leaves (`.44`, `.56`) / s2: 
EFF.GENIND.136	EFF.W12.s1of2.29	stmt-dep	H	OPEN	xref	from:exact,to:stmt	statement-hit	EFF-GENIND.md | 4. XREF verification ledger (consolidated, deduplicated) | 59 | `W12_PROOF_2026-08-08.md:S2.4` | 10 | s2: `.81`, `.83`, `.85`, `.89`, `.93`, `.94`, `.123`, `.136`, `.138` | s2 | —
EFF.GENIND.136	EFF.W12.s1of2.31	stmt-dep	H	OPEN	xref	from:exact,to:stmt	statement-hit	EFF-GENIND.md | 4. XREF verification ledger (consolidated, deduplicated) | 60 | `W12_PROOF_2026-08-08.md:S2.5` | 9 | s1: The QRT-G2 opening law, PROVED at the w12 seal (`.11`, `.47`, `.48`, `.68`) / s
EFF.GENIND.136	EFF.W12.s1of2.32	stmt-dep	H	OPEN	xref	from:exact,to:stmt	statement-hit	EFF-GENIND.md | 4. XREF verification ledger (consolidated, deduplicated) | 66 | `W12_PROOF_2026-08-08.md:W12-L0` | 32 | s1: History-resolved n = 2 menus; P(2) base; GENIND-5's stage laws (`.05`, `.15`
EFF.GENIND.136	EFF.W12.s1of2.34	stmt-dep	H	OPEN	xref	from:exact,to:stmt	default	EFF-GENIND.md | 4. XREF verification ledger (consolidated, deduplicated) | 67 | `W12_PROOF_2026-08-08.md:W12-L1` | 30 | s1: (a) the level-0 product re-entry; (b) letters move by a unit, hulls do not (
EFF.GENIND.136	EFF.W12.s1of2.42	stmt-dep	H	OPEN	xref	from:exact,to:stmt	statement-hit	EFF-GENIND.md | 4. XREF verification ledger (consolidated, deduplicated) | 61 | `W12_PROOF_2026-08-08.md:S3.4` | 11 | s1: The δ-substitution instance; boundary-family routing (`.30`, `.57`) / s2: `.81
EFF.GENIND.136	EFF.W12.s1of2.49	stmt-dep	H	OPEN	xref	from:exact,to:stmt	default	EFF-GENIND.md | 4. XREF verification ledger (consolidated, deduplicated) | 65 | `W12_PROOF_2026-08-08.md:W12-BOX-1` | 10 | s2: `.81`, `.83`, `.85`, `.89`, `.93`, `.94`, `.123`, `.136`, `.138` / s3: Th
EFF.GENIND.138	EFF.GENH4.07	stmt-dep	H	OPEN	xref	from:exact,to:stmt	default	EFF-GENIND.md | 4. XREF verification ledger (consolidated, deduplicated) | 8 | `GENH4_PROOF_2026-08-08.md:Q22-L1` | 7 | s1: GENH4.A's scout-side name (`.59`, `.66`) / s2: `.90`, `.92`, `.108`, `.136`,
EFF.GENIND.138	EFF.GENH4.10	stmt-dep	H	OPEN	xref	from:exact,to:stmt	default	EFF-GENIND.md | 4. XREF verification ledger (consolidated, deduplicated) | 4 | `GENH4_PROOF_2026-08-08.md:GENH4-BOX-7` | 1 | s2: `.90`, `.92`, `.108`, `.136`, `.138`, `.139` | s2 | —
EFF.GENIND.138	EFF.GENH4.11	stmt-dep	H	OPEN	xref	from:exact,to:stmt	statement-hit	EFF-GENIND.md | 4. XREF verification ledger (consolidated, deduplicated) | 6 | `GENH4_PROOF_2026-08-08.md:GENH4.C` | 11 | s2: `.90`, `.92`, `.108`, `.136`, `.138`, `.139` | s2 | —
EFF.GENIND.138	EFF.GENH4.15	stmt-dep	H	OPEN	xref	from:exact,to:stmt	default	EFF-GENIND.md | 4. XREF verification ledger (consolidated, deduplicated) | 2 | `GENH4_PROOF_2026-08-08.md:GENH4-1F` | 10 | s1: Menu-half companion (`.59`, `.66`) / s2: `.90`, `.92`, `.108`, `.136`, `.
EFF.GENIND.138	EFF.GENH4.84	stmt-dep	H	OPEN	xref	from:exact,to:stmt	default	EFF-GENIND.md | 4. XREF verification ledger (consolidated, deduplicated) | 1 | `GENH4_PROOF_2026-08-08.md:ANNEX-LEMMA GENH4-7` | 11 | s2: `.90`, `.92`, `.108`, `.136`, `.138`, `.139` | s2 | —
EFF.GENIND.138	EFF.GENHN.07	stmt-dep	H	OPEN	xref	from:exact,to:gov	default	EFF-GENIND-s2of3.md | 3.1 Verified import/XREF designations | 41–48 | `GENHN_PROOF_2026-08-08.md:` `GENHN.A(i)` (11) · `GENHN.A(iv)` (3) · `GENHN.A(v)` (6) · `LEMMA GENHN-3` (3) · `S6.2` (6) · `S11.F`
EFF.GENIND.138	EFF.GENHN.11	stmt-dep	H	OPEN	xref	from:exact,to:stmt	default	EFF-GENIND.md | 4. XREF verification ledger (consolidated, deduplicated) | 14 | `GENHN_PROOF_2026-08-08.md:GENHN.A(iv)` | 3 | s1: The stage node floor κ ≥ S_b + 1 (`.35`) / s2: `.91`, `.92`, `.106`, `
EFF.GENIND.138	EFF.GENHN.29	stmt-dep	H	OPEN	xref	from:exact,to:stmt	default	EFF-GENIND.md | 4. XREF verification ledger (consolidated, deduplicated) | 17 | `GENHN_PROOF_2026-08-08.md:LEMMA GENHN-3` | 3 | s1: Ragged-band confinement (`.57`, `.63`) / s2: `.91`, `.92`, `.106`, `
EFF.GENIND.138	EFF.GENHN.36	stmt-dep	H	OPEN	xref	from:exact,to:stmt	default	EFF-GENIND.md | 4. XREF verification ledger (consolidated, deduplicated) | 13 | `GENHN_PROOF_2026-08-08.md:GENHN.A(i)` | 11 | s2: `.91`, `.92`, `.106`, `.136`, `.138`, `.144` / s3: Screened in the sev
EFF.GENIND.138	EFF.GENHN.37	stmt-dep	H	OPEN	xref	from:exact,to:stmt	default	EFF-GENIND.md | 4. XREF verification ledger (consolidated, deduplicated) | 21 | `GENHN_PROOF_2026-08-08.md:S6.3` | 3 | s1: The general-genre exactness shape (`.57`, `.59`) / s2: `.91`, `.92`, `.106`, 
EFF.GENIND.138	EFF.GENHN.68	stmt-dep	H	OPEN	xref	from:exact,to:stmt	default	EFF-GENIND.md | 4. XREF verification ledger (consolidated, deduplicated) | 19 | `GENHN_PROOF_2026-08-08.md:S11.F` | 10 | s1: The per-coefficient certified-window computation (`.34`) / s2: `.91`, `.92`
EFF.GENIND.138	EFF.GENHN.86	stmt-dep	H	OPEN	xref	from:exact,to:stmt	statement-hit	EFF-GENIND.md | 4. XREF verification ledger (consolidated, deduplicated) | 16 | `GENHN_PROOF_2026-08-08.md:GENHN.C` | 19 | s1: Named in the W-12 r4 FIRING CHECK geography (`.15`) / s2: `.91`, `.92`, `
EFF.GENIND.138	EFF.GENHN.90	stmt-dep	H	OPEN	xref	from:exact,to:stmt	default	EFF-GENIND.md | 4. XREF verification ledger (consolidated, deduplicated) | 15 | `GENHN_PROOF_2026-08-08.md:GENHN.A(v)` | 6 | s1: The ragged-window-corrected stage read (`.37`, `.63`) / s2: `.91`, `.92
EFF.GENIND.138	EFF.HMENU3.08	stmt-dep	H	OPEN	xref	from:exact,to:stmt	default	EFF-GENIND.md | 4. XREF verification ledger (consolidated, deduplicated) | 44 | `HMENU3_PROOF_2026-08-08.md:HM3.A` | 18 | s1: History-resolved menu form; the raw-key dictionary (`.05`, `.13`, `.24`) /
EFF.GENIND.138	EFF.HMENU3.11	stmt-dep	H	OPEN	xref	from:exact,to:stmt	default	EFF-GENIND.md | 4. XREF verification ledger (consolidated, deduplicated) | 45 | `HMENU3_PROOF_2026-08-08.md:HM3.B` | 19 | s1: The n = 3 (A1) B-families (`.30`) / s2: `.86`, `.136`, `.138` | s1+s2 | **
EFF.GENIND.138	EFF.HMENU3.14	stmt-dep	H	OPEN	xref	from:exact,to:stmt	statement-hit	EFF-GENIND.md | 4. XREF verification ledger (consolidated, deduplicated) | 46 | `HMENU3_PROOF_2026-08-08.md:HM3.C` | 15 | s1: The (A0) argument at general n; the S5.3 exact-complement sharpening (`.44
EFF.GENIND.138	EFF.HMENU3.17	stmt-dep	H	OPEN	xref	from:exact,to:stmt	default	EFF-GENIND.md | 4. XREF verification ledger (consolidated, deduplicated) | 47 | `HMENU3_PROOF_2026-08-08.md:HM3.D` | 13 | s2: `.86`, `.136`, `.138` | s2 | —
EFF.GENIND.138	EFF.HMENU3.19	stmt-dep	H	OPEN	xref	from:exact,to:stmt	default	EFF-GENIND.md | 4. XREF verification ledger (consolidated, deduplicated) | 39 | `HMENU3_PROOF_2026-08-08.md:HM3-1` | 4 | s1: Two-species classification template (`.04`, `.05`, `.19`, `.20`) / s2: `.86
EFF.GENIND.138	EFF.HMENU3.22	stmt-dep	H	OPEN	xref	from:exact,to:stmt	default	EFF-GENIND.md | 4. XREF verification ledger (consolidated, deduplicated) | 40 | `HMENU3_PROOF_2026-08-08.md:HM3-2` | 5 | s1: Drain-verdict → KEY resolution upgrade (`.05`, `.21`) / s2: `.86`, `.136`, 
EFF.GENIND.138	EFF.HMENU3.23	stmt-dep	H	OPEN	xref	from:exact,to:stmt	default	EFF-GENIND.md | 4. XREF verification ledger (consolidated, deduplicated) | 41 | `HMENU3_PROOF_2026-08-08.md:HM3-3` | 3 | s1: The n = 3 β-transport instance (`.05`) / s2: `.86`, `.136`, `.138` | s1+s2 
EFF.GENIND.138	EFF.HMENU3.25	stmt-dep	H	OPEN	xref	from:exact,to:stmt	default	EFF-GENIND.md | 4. XREF verification ledger (consolidated, deduplicated) | 42 | `HMENU3_PROOF_2026-08-08.md:HM3-4` | 11 | s1: The n = 3 bracket (q−1)q^{4μ−1} (`.05`, `.09`, `.22`, `.23`) / s2: `.86`, 
EFF.GENIND.138	EFF.W12.s1of2.09	stmt-dep	H	OPEN	xref	from:exact,to:stmt	default	EFF-GENIND.md | 4. XREF verification ledger (consolidated, deduplicated) | 62 | `W12_PROOF_2026-08-08.md:THEOREM W-12.A` | 8 | s1: Order-1 decided-shape law at every degree — the induction's leaves (`
EFF.GENIND.138	EFF.W12.s1of2.10	stmt-dep	H	OPEN	xref	from:exact,to:stmt	default	EFF-GENIND.md | 4. XREF verification ledger (consolidated, deduplicated) | 64 | `W12_PROOF_2026-08-08.md:W-12.B` | 19 | s2: `.81`, `.83`, `.85`, `.89`, `.93`, `.94`, `.123`, `.136`, `.138` | s2 | —
EFF.GENIND.138	EFF.W12.s1of2.12	stmt-dep	H	OPEN	xref	from:exact,to:stmt	statement-hit	EFF-GENIND.md | 4. XREF verification ledger (consolidated, deduplicated) | 63 | `W12_PROOF_2026-08-08.md:THEOREM W-12.D` | 5 | s1: The reduction fired at Step 5 (`.60`); the whole uniformity consequen
EFF.GENIND.138	EFF.W12.s1of2.27	stmt-dep	H	OPEN	xref	from:exact,to:stmt	default	EFF-GENIND.md | 4. XREF verification ledger (consolidated, deduplicated) | 58 | `W12_PROOF_2026-08-08.md:S2.3` | 35 (upper bound)!=35 | s1: Certificate transport at simple leaves (`.44`, `.56`) / s2: 
EFF.GENIND.138	EFF.W12.s1of2.29	stmt-dep	H	OPEN	xref	from:exact,to:stmt	default	EFF-GENIND.md | 4. XREF verification ledger (consolidated, deduplicated) | 59 | `W12_PROOF_2026-08-08.md:S2.4` | 10 | s2: `.81`, `.83`, `.85`, `.89`, `.93`, `.94`, `.123`, `.136`, `.138` | s2 | —
EFF.GENIND.138	EFF.W12.s1of2.31	stmt-dep	H	OPEN	xref	from:exact,to:stmt	default	EFF-GENIND.md | 4. XREF verification ledger (consolidated, deduplicated) | 60 | `W12_PROOF_2026-08-08.md:S2.5` | 9 | s1: The QRT-G2 opening law, PROVED at the w12 seal (`.11`, `.47`, `.48`, `.68`) / s
EFF.GENIND.138	EFF.W12.s1of2.32	stmt-dep	H	OPEN	xref	from:exact,to:stmt	default	EFF-GENIND.md | 4. XREF verification ledger (consolidated, deduplicated) | 66 | `W12_PROOF_2026-08-08.md:W12-L0` | 32 | s1: History-resolved n = 2 menus; P(2) base; GENIND-5's stage laws (`.05`, `.15`
EFF.GENIND.138	EFF.W12.s1of2.34	stmt-dep	H	OPEN	xref	from:exact,to:stmt	default	EFF-GENIND.md | 4. XREF verification ledger (consolidated, deduplicated) | 67 | `W12_PROOF_2026-08-08.md:W12-L1` | 30 | s1: (a) the level-0 product re-entry; (b) letters move by a unit, hulls do not (
EFF.GENIND.138	EFF.W12.s1of2.42	stmt-dep	H	OPEN	xref	from:exact,to:stmt	default	EFF-GENIND.md | 4. XREF verification ledger (consolidated, deduplicated) | 61 | `W12_PROOF_2026-08-08.md:S3.4` | 11 | s1: The δ-substitution instance; boundary-family routing (`.30`, `.57`) / s2: `.81
EFF.GENIND.138	EFF.W12.s1of2.49	stmt-dep	H	OPEN	xref	from:exact,to:stmt	default	EFF-GENIND.md | 4. XREF verification ledger (consolidated, deduplicated) | 65 | `W12_PROOF_2026-08-08.md:W12-BOX-1` | 10 | s2: `.81`, `.83`, `.85`, `.89`, `.93`, `.94`, `.123`, `.136`, `.138` / s3: Th
EFF.GENIND.139	EFF.GENH4.07	stmt-dep	H	OPEN	xref	from:exact,to:stmt	default	EFF-GENIND.md | 4. XREF verification ledger (consolidated, deduplicated) | 8 | `GENH4_PROOF_2026-08-08.md:Q22-L1` | 7 | s1: GENH4.A's scout-side name (`.59`, `.66`) / s2: `.90`, `.92`, `.108`, `.136`,
EFF.GENIND.139	EFF.GENH4.10	stmt-dep	H	OPEN	xref	from:exact,to:stmt	statement-hit	EFF-GENIND.md | 4. XREF verification ledger (consolidated, deduplicated) | 5 | `GENH4_PROOF_2026-08-08.md:GENH4-CAP(F)` | 11 | s1: The two-term genre-F even-N band (`.14`, `.59`, `.66`) / s2: `.90`, `
EFF.GENIND.139	EFF.GENH4.11	stmt-dep	H	OPEN	xref	from:exact,to:stmt	default	EFF-GENIND.md | 4. XREF verification ledger (consolidated, deduplicated) | 6 | `GENH4_PROOF_2026-08-08.md:GENH4.C` | 11 | s2: `.90`, `.92`, `.108`, `.136`, `.138`, `.139` | s2 | —
EFF.GENIND.139	EFF.GENH4.15	stmt-dep	H	OPEN	xref	from:exact,to:stmt	default	EFF-GENIND.md | 4. XREF verification ledger (consolidated, deduplicated) | 2 | `GENH4_PROOF_2026-08-08.md:GENH4-1F` | 10 | s1: Menu-half companion (`.59`, `.66`) / s2: `.90`, `.92`, `.108`, `.136`, `.
EFF.GENIND.139	EFF.GENH4.84	stmt-dep	H	OPEN	xref	from:exact,to:stmt	default	EFF-GENIND.md | 4. XREF verification ledger (consolidated, deduplicated) | 1 | `GENH4_PROOF_2026-08-08.md:ANNEX-LEMMA GENH4-7` | 11 | s2: `.90`, `.92`, `.108`, `.136`, `.138`, `.139` | s2 | —
EFF.GENIND.14	EFF.GENH4.10	stmt-dep	H	OPEN	xref	from:exact,to:stmt	statement-hit	EFF-GENIND.md | 4. XREF verification ledger (consolidated, deduplicated) | 11 | `GENH4_PROOF_2026-08-08.md:THEOREM GENH4.B` | 6 | s1: The drain half (`.14`, `.59`, `.66`) / s2: `.90`, `.92`, `.108`, `
EFF.GENIND.144	EFF.GENHN.07	stmt-dep	H	OPEN	xref	from:exact,to:gov	default	EFF-GENIND-s2of3.md | 3.1 Verified import/XREF designations | 41–48 | `GENHN_PROOF_2026-08-08.md:` `GENHN.A(i)` (11) · `GENHN.A(iv)` (3) · `GENHN.A(v)` (6) · `LEMMA GENHN-3` (3) · `S6.2` (6) · `S11.F`
EFF.GENIND.144	EFF.GENHN.11	stmt-dep	H	OPEN	xref	from:exact,to:stmt	default	EFF-GENIND.md | 4. XREF verification ledger (consolidated, deduplicated) | 14 | `GENHN_PROOF_2026-08-08.md:GENHN.A(iv)` | 3 | s1: The stage node floor κ ≥ S_b + 1 (`.35`) / s2: `.91`, `.92`, `.106`, `
EFF.GENIND.144	EFF.GENHN.29	stmt-dep	H	OPEN	xref	from:exact,to:stmt	statement-hit	EFF-GENIND.md | 4. XREF verification ledger (consolidated, deduplicated) | 17 | `GENHN_PROOF_2026-08-08.md:LEMMA GENHN-3` | 3 | s1: Ragged-band confinement (`.57`, `.63`) / s2: `.91`, `.92`, `.106`, `
EFF.GENIND.144	EFF.GENHN.36	stmt-dep	H	OPEN	xref	from:exact,to:stmt	statement-hit	EFF-GENIND.md | 4. XREF verification ledger (consolidated, deduplicated) | 20 | `GENHN_PROOF_2026-08-08.md:S6.2` | 6 | s1: The ghost × letter reconciliation (`.64`) / s2: `.91`, `.92`, `.106`, `.136`,
EFF.GENIND.144	EFF.GENHN.37	stmt-dep	H	OPEN	xref	from:exact,to:stmt	statement-hit	EFF-GENIND.md | 4. XREF verification ledger (consolidated, deduplicated) | 21 | `GENHN_PROOF_2026-08-08.md:S6.3` | 3 | s1: The general-genre exactness shape (`.57`, `.59`) / s2: `.91`, `.92`, `.106`, 
EFF.GENIND.144	EFF.GENHN.68	stmt-dep	H	OPEN	xref	from:exact,to:stmt	statement-hit	EFF-GENIND.md | 4. XREF verification ledger (consolidated, deduplicated) | 19 | `GENHN_PROOF_2026-08-08.md:S11.F` | 10 | s1: The per-coefficient certified-window computation (`.34`) / s2: `.91`, `.92`
EFF.GENIND.144	EFF.GENHN.86	stmt-dep	H	OPEN	xref	from:exact,to:stmt	default	EFF-GENIND.md | 4. XREF verification ledger (consolidated, deduplicated) | 16 | `GENHN_PROOF_2026-08-08.md:GENHN.C` | 19 | s1: Named in the W-12 r4 FIRING CHECK geography (`.15`) / s2: `.91`, `.92`, `
EFF.GENIND.144	EFF.GENHN.90	stmt-dep	H	OPEN	xref	from:exact,to:stmt	default	EFF-GENIND.md | 4. XREF verification ledger (consolidated, deduplicated) | 15 | `GENHN_PROOF_2026-08-08.md:GENHN.A(v)` | 6 | s1: The ragged-window-corrected stage read (`.37`, `.63`) / s2: `.91`, `.92
EFF.GENIND.145	EFF.GENHN.42	stmt-dep	H	OPEN	xref	from:exact,to:stmt	default	EFF-GENIND.md | 4. XREF verification ledger (consolidated, deduplicated) | 18 | `GENHN_PROOF_2026-08-08.md:LEMMA GENHN-T(b)` | 11 | s3: GENHN's own refuted-and-reproved lemma, boxed behind [GENHN-TOW-
EFF.GENIND.145	EFF.GENHN.54	stmt-dep	H	OPEN	xref	from:exact,to:stmt	default	EFF-GENIND.md | 4. XREF verification ledger (consolidated, deduplicated) | 12 | `GENHN_PROOF_2026-08-08.md:GENHN-TOW-1` | 19 | s1: The n ≥ 8 conjunct added by the supplier-movement record (`.15`) / s3
EFF.GENIND.149	EFF.W12.s1of2.49	stmt-dep	H	OPEN	xref	from:exact,to:stmt	default	EFF-GENIND.md | 4. XREF verification ledger (consolidated, deduplicated) | 65 | `W12_PROOF_2026-08-08.md:W12-BOX-1` | 10 | s2: `.81`, `.83`, `.85`, `.89`, `.93`, `.94`, `.123`, `.136`, `.138` / s3: Th
EFF.GENIND.15	EFF.GENHN.54	stmt-dep	H	OPEN	xref	from:exact,to:stmt	statement-hit	EFF-GENIND.md | 4. XREF verification ledger (consolidated, deduplicated) | 12 | `GENHN_PROOF_2026-08-08.md:GENHN-TOW-1` | 19 | s1: The n ≥ 8 conjunct added by the supplier-movement record (`.15`) / s3
EFF.GENIND.15	EFF.GENHN.86	stmt-dep	H	OPEN	xref	from:exact,to:stmt	statement-hit	EFF-GENIND.md | 4. XREF verification ledger (consolidated, deduplicated) | 16 | `GENHN_PROOF_2026-08-08.md:GENHN.C` | 19 | s1: Named in the W-12 r4 FIRING CHECK geography (`.15`) / s2: `.91`, `.92`, `
EFF.GENIND.15	EFF.W11.39	stmt-dep	H	OPEN	xref	from:exact,to:stmt	statement-hit	EFF-GENIND.md | 4. XREF verification ledger (consolidated, deduplicated) | 54 | `W11_PROOF_2026-08-08.md:THEOREM W-11` | 3 | s1: P(2) base (`.15`) / s2: `.84`, `.94`, `.136` / s3: The supply consumed 
EFF.GENIND.15	EFF.W12.s1of2.12	stmt-dep	H	OPEN	xref	from:exact,to:stmt	statement-hit	EFF-GENIND.md | 4. XREF verification ledger (consolidated, deduplicated) | 63 | `W12_PROOF_2026-08-08.md:THEOREM W-12.D` | 5 | s1: The reduction fired at Step 5 (`.60`); the whole uniformity consequen
EFF.GENIND.15	EFF.W12.s1of2.32	stmt-dep	H	OPEN	xref	from:exact,to:stmt	statement-hit	EFF-GENIND.md | 4. XREF verification ledger (consolidated, deduplicated) | 66 | `W12_PROOF_2026-08-08.md:W12-L0` | 32 | s1: History-resolved n = 2 menus; P(2) base; GENIND-5's stage laws (`.05`, `.15`
EFF.GENIND.150	EFF.HEX3.08	stmt-dep	H	OPEN	xref	from:exact,to:stmt	statement-hit	EFF-GENIND.md | 4. XREF verification ledger (consolidated, deduplicated) | 37 | `HEX3_PROOF_2026-08-08.md:THEOREM HEX3.A` | 11 | s1: The n = 3 exact law (consumed by ANNEX R R1's rate leg; named in ra
EFF.GENIND.150	EFF.HEX3.20	stmt-dep	H	OPEN	xref	from:exact,to:stmt	statement-hit	EFF-GENIND.md | 4. XREF verification ledger (consolidated, deduplicated) | 35 | `HEX3_PROOF_2026-08-08.md:R(M)` | 21 | s1: The n = 2 drain law consumed by the β drain composition (`.25`, `.45`) / s2: 
EFF.GENIND.150	EFF.HEX3.31	stmt-dep	H	OPEN	xref	from:exact,to:stmt	statement-hit	EFF-GENIND.md | 4. XREF verification ledger (consolidated, deduplicated) | 38 | `HEX3_PROOF_2026-08-08.md:THEOREM HEX3.B` | 8 | s1: The n = 3 rate — the species (A2-RATE) generalizes (`.45`, `.46`) / 
EFF.GENIND.150	EFF.W11.39	stmt-dep	H	OPEN	xref	from:exact,to:stmt	statement-hit	EFF-GENIND.md | 4. XREF verification ledger (consolidated, deduplicated) | 54 | `W11_PROOF_2026-08-08.md:THEOREM W-11` | 3 | s1: P(2) base (`.15`) / s2: `.84`, `.94`, `.136` / s3: The supply consumed 
EFF.GENIND.151	EFF.HEX3.31	stmt-dep	H	OPEN	xref	from:exact,to:stmt	statement-hit	EFF-GENIND.md | 4. XREF verification ledger (consolidated, deduplicated) | 38 | `HEX3_PROOF_2026-08-08.md:THEOREM HEX3.B` | 8 | s1: The n = 3 rate — the species (A2-RATE) generalizes (`.45`, `.46`) / 
EFF.GENIND.152	EFF.W12.s1of2.23	stmt-dep	H	OPEN	xref	from:exact,to:stmt	default	EFF-GENIND.md | 4. XREF verification ledger (consolidated, deduplicated) | 57 | `W12_PROOF_2026-08-08.md:S2.2` | 19 | s1: The Φ-adic bijection and every slot count (`.07`, `.17`, `.36`, `.47`) / s3: T
EFF.GENIND.154	EFF.HEX3.08	stmt-dep	H	OPEN	xref	from:exact,to:stmt	statement-hit	EFF-GENIND.md | 4. XREF verification ledger (consolidated, deduplicated) | 37 | `HEX3_PROOF_2026-08-08.md:THEOREM HEX3.A` | 11 | s1: The n = 3 exact law (consumed by ANNEX R R1's rate leg; named in ra
EFF.GENIND.154	EFF.HEX3.20	stmt-dep	H	OPEN	xref	from:exact,to:stmt	statement-hit	EFF-GENIND.md | 4. XREF verification ledger (consolidated, deduplicated) | 35 | `HEX3_PROOF_2026-08-08.md:R(M)` | 21 | s1: The n = 2 drain law consumed by the β drain composition (`.25`, `.45`) / s2: 
EFF.GENIND.154	EFF.HEX3.31	stmt-dep	H	OPEN	xref	from:exact,to:stmt	statement-hit	EFF-GENIND.md | 4. XREF verification ledger (consolidated, deduplicated) | 38 | `HEX3_PROOF_2026-08-08.md:THEOREM HEX3.B` | 8 | s1: The n = 3 rate — the species (A2-RATE) generalizes (`.45`, `.46`) / 
EFF.GENIND.155	EFF.W12.s1of2.23	stmt-dep	H	OPEN	xref	from:exact,to:stmt	statement-hit	EFF-GENIND.md | 4. XREF verification ledger (consolidated, deduplicated) | 57 | `W12_PROOF_2026-08-08.md:S2.2` | 19 | s1: The Φ-adic bijection and every slot count (`.07`, `.17`, `.36`, `.47`) / s3: T
EFF.GENIND.157	EFF.JD0.33	stmt-dep	H	OPEN	xref	from:exact,to:stmt	statement-hit	EFF-GENIND.md | 4. XREF verification ledger (consolidated, deduplicated) | 48 | `JD0_PROOF_2026-08-08.md:J-D0` | 25 | s1: Same, in the note's short form (`.70`) / s2: `.82`, `.87` / s3: Letter-blindne
EFF.GENIND.157	EFF.W12.s1of2.21	stmt-dep	H	OPEN	xref	from:exact,to:stmt	statement-hit	EFF-GENIND.md | 4. XREF verification ledger (consolidated, deduplicated) | 68 | `W12_PROOF_2026-08-08.md:W12-S2.1` | 9 | s1: Level-0 Hensel product; the Hensel split at step (2) (`.07`, `.24`, `.34`, 
EFF.GENIND.157	EFF.W12.s1of2.23	stmt-dep	H	OPEN	xref	from:exact,to:stmt	default	EFF-GENIND.md | 4. XREF verification ledger (consolidated, deduplicated) | 57 | `W12_PROOF_2026-08-08.md:S2.2` | 19 | s1: The Φ-adic bijection and every slot count (`.07`, `.17`, `.36`, `.47`) / s3: T
EFF.GENIND.157	EFF.W12.s1of2.34	stmt-dep	H	OPEN	xref	from:exact,to:stmt	statement-hit	EFF-GENIND.md | 4. XREF verification ledger (consolidated, deduplicated) | 67 | `W12_PROOF_2026-08-08.md:W12-L1` | 30 | s1: (a) the level-0 product re-entry; (b) letters move by a unit, hulls do not (
EFF.GENIND.166	EFF.W12.s1of2.31	stmt-dep	H	OPEN	xref	from:exact,to:stmt	statement-hit	EFF-GENIND.md | 4. XREF verification ledger (consolidated, deduplicated) | 55 | `W12_PROOF_2026-08-08.md:QRT-G2` | 10 | s1: The n = 4 e-first first instance (`.11`, `.48`) / s3: The 4-key stage of the
EFF.GENIND.167	EFF.W12.s1of2.31	stmt-dep	H	OPEN	xref	from:exact,to:stmt	statement-hit	EFF-GENIND.md | 4. XREF verification ledger (consolidated, deduplicated) | 60 | `W12_PROOF_2026-08-08.md:S2.5` | 9 | s1: The QRT-G2 opening law, PROVED at the w12 seal (`.11`, `.47`, `.48`, `.68`) / s
EFF.GENIND.17	EFF.JD0.33	stmt-dep	H	OPEN	xref	from:exact,to:stmt	statement-hit	EFF-GENIND.md | 4. XREF verification ledger (consolidated, deduplicated) | 49 | `JD0_PROOF_2026-08-08.md:LEMMA J-D0` | 4 | s1: Count-gauge blindness (`.05`, `.17`, `.36`, `.55`, `.67`) / s2: `.82`, `.
EFF.GENIND.17	EFF.W12.s1of2.08	stmt-dep	H	OPEN	xref	from:exact,to:stmt	default	EFF-GENIND.md | 4. XREF verification ledger (consolidated, deduplicated) | 56 | `W12_PROOF_2026-08-08.md:S1` | 24 (upper bound) | s1: Conventions; the `[r1 F3]`-corrected refine taxonomy (`.07`, `.17`
EFF.GENIND.17	EFF.W12.s1of2.23	stmt-dep	H	OPEN	xref	from:exact,to:stmt	statement-hit	EFF-GENIND.md | 4. XREF verification ledger (consolidated, deduplicated) | 57 | `W12_PROOF_2026-08-08.md:S2.2` | 19 | s1: The Φ-adic bijection and every slot count (`.07`, `.17`, `.36`, `.47`) / s3: T
EFF.GENIND.173	EFF.GENHN.29	stmt-dep	H	OPEN	xref	from:exact,to:stmt	statement-hit	EFF-GENIND.md | 4. XREF verification ledger (consolidated, deduplicated) | 17 | `GENHN_PROOF_2026-08-08.md:LEMMA GENHN-3` | 3 | s1: Ragged-band confinement (`.57`, `.63`) / s2: `.91`, `.92`, `.106`, `
EFF.GENIND.173	EFF.GENHN.90	stmt-dep	H	OPEN	xref	from:exact,to:stmt	statement-hit	EFF-GENIND.md | 4. XREF verification ledger (consolidated, deduplicated) | 15 | `GENHN_PROOF_2026-08-08.md:GENHN.A(v)` | 6 | s1: The ragged-window-corrected stage read (`.37`, `.63`) / s2: `.91`, `.92
EFF.GENIND.175	EFF.GENHN.11	stmt-dep	H	OPEN	xref	from:exact,to:stmt	statement-hit	EFF-GENIND.md | 4. XREF verification ledger (consolidated, deduplicated) | 14 | `GENHN_PROOF_2026-08-08.md:GENHN.A(iv)` | 3 | s1: The stage node floor κ ≥ S_b + 1 (`.35`) / s2: `.91`, `.92`, `.106`, `
EFF.GENIND.175	EFF.GENHN.29	stmt-dep	H	OPEN	xref	from:exact,to:stmt	statement-hit	EFF-GENIND.md | 4. XREF verification ledger (consolidated, deduplicated) | 17 | `GENHN_PROOF_2026-08-08.md:LEMMA GENHN-3` | 3 | s1: Ragged-band confinement (`.57`, `.63`) / s2: `.91`, `.92`, `.106`, `
EFF.GENIND.175	EFF.GENHN.36	stmt-dep	H	OPEN	xref	from:exact,to:stmt	statement-hit	EFF-GENIND.md | 4. XREF verification ledger (consolidated, deduplicated) | 20 | `GENHN_PROOF_2026-08-08.md:S6.2` | 6 | s1: The ghost × letter reconciliation (`.64`) / s2: `.91`, `.92`, `.106`, `.136`,
EFF.GENIND.175	EFF.GENHN.90	stmt-dep	H	OPEN	xref	from:exact,to:stmt	statement-hit	EFF-GENIND.md | 4. XREF verification ledger (consolidated, deduplicated) | 15 | `GENHN_PROOF_2026-08-08.md:GENHN.A(v)` | 6 | s1: The ragged-window-corrected stage read (`.37`, `.63`) / s2: `.91`, `.92
EFF.GENIND.18	EFF.HEX3.16	stmt-dep	H	OPEN	xref	from:exact,to:stmt	statement-hit	EFF-GENIND.md | 4. XREF verification ledger (consolidated, deduplicated) | 30 | `HEX3_PROOF_2026-08-08.md:H-2` | 11 | s1: α-transport (i)(ii)(iii); the n = 3 instance of GENIND-1(ii)/GENIND-2(a) (`.05
EFF.GENIND.180	EFF.GRTJC.89	stmt-dep	H	OPEN	xref	from:exact,to:stmt	statement-hit	EFF-GENIND.md | 4. XREF verification ledger (consolidated, deduplicated) | 22 | `GRTJC_PROOF_2026-08-08.md:COROLLARY W-9` | 2 | s1: The precise form cited for dim_K 𝒜(T) = E (`.67`) / s3: `dim_K 𝒜(T) 
EFF.GENIND.180	EFF.GRTJC.91	stmt-dep	H	OPEN	xref	from:exact,to:stmt	statement-hit	EFF-GENIND.md | 4. XREF verification ledger (consolidated, deduplicated) | 23 | `GRTJC_PROOF_2026-08-08.md:JC-F1` | 18 | s1: The finding paired with COROLLARY W-9 (`.67`) / s2: `.82`, `.88` / s3: Same
EFF.GENIND.180	EFF.W12.s1of2.09	stmt-dep	H	OPEN	xref	from:exact,to:stmt	statement-hit	EFF-GENIND.md | 4. XREF verification ledger (consolidated, deduplicated) | 62 | `W12_PROOF_2026-08-08.md:THEOREM W-12.A` | 8 | s1: Order-1 decided-shape law at every degree — the induction's leaves (`
EFF.GENIND.182	EFF.GENH4.15	stmt-dep	H	OPEN	xref	from:exact,to:stmt	statement-hit	EFF-GENIND.md | 4. XREF verification ledger (consolidated, deduplicated) | 2 | `GENH4_PROOF_2026-08-08.md:GENH4-1F` | 10 | s1: Menu-half companion (`.59`, `.66`) / s2: `.90`, `.92`, `.108`, `.136`, `.
EFF.GENIND.182	EFF.GENH4.19	stmt-dep	H	OPEN	xref	from:exact,to:stmt	statement-hit	EFF-GENIND.md | 4. XREF verification ledger (consolidated, deduplicated) | 3 | `GENH4_PROOF_2026-08-08.md:GENH4-2` | 15 | s1: Named inside GENH4.D's package (`.59`) / s3: Named inside GENH4.D's packag
EFF.GENIND.189	EFF.W12.s1of2.23	stmt-dep	H	OPEN	xref	from:exact,to:stmt	statement-hit	EFF-GENIND.md | 4. XREF verification ledger (consolidated, deduplicated) | 57 | `W12_PROOF_2026-08-08.md:S2.2` | 19 | s1: The Φ-adic bijection and every slot count (`.07`, `.17`, `.36`, `.47`) / s3: T
EFF.GENIND.19	EFF.HMENU3.19	stmt-dep	H	OPEN	xref	from:exact,to:stmt	statement-hit	EFF-GENIND.md | 4. XREF verification ledger (consolidated, deduplicated) | 39 | `HMENU3_PROOF_2026-08-08.md:HM3-1` | 4 | s1: Two-species classification template (`.04`, `.05`, `.19`, `.20`) / s2: `.86
EFF.GENIND.19	EFF.W12.s1of2.34	stmt-dep	H	OPEN	xref	from:exact,to:stmt	statement-hit	EFF-GENIND.md | 4. XREF verification ledger (consolidated, deduplicated) | 67 | `W12_PROOF_2026-08-08.md:W12-L1` | 30 | s1: (a) the level-0 product re-entry; (b) letters move by a unit, hulls do not (
EFF.GENIND.20	EFF.HEX3.08	stmt-dep	H	OPEN	reverse-xref	from:stmt,to:gov	default	EFF-HEX3.md | 5.2 Reverse-XREF rows — who consumes HEX3 (rule 8) | RX-2 | `GENIND_PROOF_2026-08-08.md` | `HEX3` | 44 | H-1..H-4 as n = 3 transport instances; `u₃(M)` drainage; the committed species ta
EFF.GENIND.20	EFF.HEX3.13	stmt-dep	H	OPEN	xref	from:exact,to:stmt	statement-hit	EFF-GENIND.md | 4. XREF verification ledger (consolidated, deduplicated) | 29 | `HEX3_PROOF_2026-08-08.md:H-1` | 5 | s1: Depth-0 partition; the n = 3 instance of GENIND-1(i) (`.05`, `.20`) / s2: `.76`
EFF.GENIND.20	EFF.HEX3.28	stmt-dep	H	OPEN	xref	from:exact,to:stmt	default	EFF-GENIND.md | 4. XREF verification ledger (consolidated, deduplicated) | 36 | `HEX3_PROOF_2026-08-08.md:S5.1` | 9 | s1: The n = 3 closed forms tied by GT-N3TIE (`.20`, `.45`) / s2: `.76`, `.78`, `.8
EFF.GENIND.20	EFF.HMENU3.19	stmt-dep	H	OPEN	xref	from:exact,to:stmt	statement-hit	EFF-GENIND.md | 4. XREF verification ledger (consolidated, deduplicated) | 39 | `HMENU3_PROOF_2026-08-08.md:HM3-1` | 4 | s1: Two-species classification template (`.04`, `.05`, `.19`, `.20`) / s2: `.86
EFF.GENIND.204	EFF.W12.s1of2.23	stmt-dep	H	OPEN	xref	from:exact,to:stmt	default	EFF-GENIND.md | 4. XREF verification ledger (consolidated, deduplicated) | 57 | `W12_PROOF_2026-08-08.md:S2.2` | 19 | s1: The Φ-adic bijection and every slot count (`.07`, `.17`, `.36`, `.47`) / s3: T
EFF.GENIND.21	EFF.HEX3.16	stmt-dep	H	OPEN	xref	from:exact,to:stmt	statement-hit	EFF-GENIND.md | 4. XREF verification ledger (consolidated, deduplicated) | 30 | `HEX3_PROOF_2026-08-08.md:H-2` | 11 | s1: α-transport (i)(ii)(iii); the n = 3 instance of GENIND-1(ii)/GENIND-2(a) (`.05
EFF.GENIND.21	EFF.HMENU3.22	stmt-dep	H	OPEN	xref	from:exact,to:stmt	statement-hit	EFF-GENIND.md | 4. XREF verification ledger (consolidated, deduplicated) | 40 | `HMENU3_PROOF_2026-08-08.md:HM3-2` | 5 | s1: Drain-verdict → KEY resolution upgrade (`.05`, `.21`) / s2: `.86`, `.136`, 
EFF.GENIND.22	EFF.HMENU3.25	stmt-dep	H	OPEN	xref	from:exact,to:stmt	statement-hit	EFF-GENIND.md | 4. XREF verification ledger (consolidated, deduplicated) | 42 | `HMENU3_PROOF_2026-08-08.md:HM3-4` | 11 | s1: The n = 3 bracket (q−1)q^{4μ−1} (`.05`, `.09`, `.22`, `.23`) / s2: `.86`, 
EFF.GENIND.23	EFF.HMENU3.25	stmt-dep	H	OPEN	xref	from:exact,to:stmt	statement-hit	EFF-GENIND.md | 4. XREF verification ledger (consolidated, deduplicated) | 42 | `HMENU3_PROOF_2026-08-08.md:HM3-4` | 11 | s1: The n = 3 bracket (q−1)q^{4μ−1} (`.05`, `.09`, `.22`, `.23`) / s2: `.86`, 
EFF.GENIND.24	EFF.HE3.16	stmt-dep	H	OPEN	reverse-xref	from:stmt,to:gov	default	EFF-HE3.md | Sample re-verification (10 of 46, grep-rerun at merge time against the working tree — MUST include both reverse-edge designations per the merge charge) | `GENIND_PROOF_2026-08-08.md:LEMMA
EFF.GENIND.24	EFF.HEX3.19	stmt-dep	H	OPEN	xref	from:exact,to:stmt	statement-hit	EFF-GENIND.md | 4. XREF verification ledger (consolidated, deduplicated) | 31 | `HEX3_PROOF_2026-08-08.md:H-3` | 5 | s1: The three β routes (`.05`, `.24`) / s2: `.76`, `.78`, `.80`, `.85`, `.96`, `.10
EFF.GENIND.24	EFF.HMENU3.08	stmt-dep	H	OPEN	xref	from:exact,to:stmt	statement-hit	EFF-GENIND.md | 4. XREF verification ledger (consolidated, deduplicated) | 44 | `HMENU3_PROOF_2026-08-08.md:HM3.A` | 18 | s1: History-resolved menu form; the raw-key dictionary (`.05`, `.13`, `.24`) /
EFF.GENIND.24	EFF.W12.s1of2.21	stmt-dep	H	OPEN	xref	from:exact,to:stmt	statement-hit	EFF-GENIND.md | 4. XREF verification ledger (consolidated, deduplicated) | 68 | `W12_PROOF_2026-08-08.md:W12-S2.1` | 9 | s1: Level-0 Hensel product; the Hensel split at step (2) (`.07`, `.24`, `.34`, 
EFF.GENIND.24	EFF.W12.s1of2.34	stmt-dep	H	OPEN	xref	from:exact,to:stmt	statement-hit	EFF-GENIND.md | 4. XREF verification ledger (consolidated, deduplicated) | 67 | `W12_PROOF_2026-08-08.md:W12-L1` | 30 | s1: (a) the level-0 product re-entry; (b) letters move by a unit, hulls do not (
EFF.GENIND.25	EFF.HEX3.20	stmt-dep	H	OPEN	xref	from:exact,to:stmt	default	EFF-GENIND.md | 4. XREF verification ledger (consolidated, deduplicated) | 35 | `HEX3_PROOF_2026-08-08.md:R(M)` | 21 | s1: The n = 2 drain law consumed by the β drain composition (`.25`, `.45`) / s2: 
EFF.GENIND.26	EFF.HEX3.38	stmt-dep	H	OPEN	xref	from:exact,to:stmt	statement-hit	EFF-GENIND.md | 4. XREF verification ledger (consolidated, deduplicated) | 34 | `HEX3_PROOF_2026-08-08.md:HEX3-BOX-2` | 4 | s1: The ledger-compression pricing precedent (`.10`, `.26`, `.42`) / s2: `.7
EFF.GENIND.30	EFF.HMENU3.11	stmt-dep	H	OPEN	xref	from:exact,to:stmt	statement-hit	EFF-GENIND.md | 4. XREF verification ledger (consolidated, deduplicated) | 45 | `HMENU3_PROOF_2026-08-08.md:HM3.B` | 19 | s1: The n = 3 (A1) B-families (`.30`) / s2: `.86`, `.136`, `.138` | s1+s2 | **
EFF.GENIND.30	EFF.W12.s1of2.42	stmt-dep	H	OPEN	xref	from:exact,to:stmt	statement-hit	EFF-GENIND.md | 4. XREF verification ledger (consolidated, deduplicated) | 61 | `W12_PROOF_2026-08-08.md:S3.4` | 11 | s1: The δ-substitution instance; boundary-family routing (`.30`, `.57`) / s2: `.81
EFF.GENIND.34	EFF.GENHN.68	stmt-dep	H	OPEN	xref	from:exact,to:stmt	statement-hit	EFF-GENIND.md | 4. XREF verification ledger (consolidated, deduplicated) | 19 | `GENHN_PROOF_2026-08-08.md:S11.F` | 10 | s1: The per-coefficient certified-window computation (`.34`) / s2: `.91`, `.92`
EFF.GENIND.34	EFF.W12.s1of2.21	stmt-dep	H	OPEN	xref	from:exact,to:stmt	statement-hit	EFF-GENIND.md | 4. XREF verification ledger (consolidated, deduplicated) | 68 | `W12_PROOF_2026-08-08.md:W12-S2.1` | 9 | s1: Level-0 Hensel product; the Hensel split at step (2) (`.07`, `.24`, `.34`, 
EFF.GENIND.35	EFF.GENHN.11	stmt-dep	H	OPEN	xref	from:exact,to:stmt	statement-hit	EFF-GENIND.md | 4. XREF verification ledger (consolidated, deduplicated) | 14 | `GENHN_PROOF_2026-08-08.md:GENHN.A(iv)` | 3 | s1: The stage node floor κ ≥ S_b + 1 (`.35`) / s2: `.91`, `.92`, `.106`, `
EFF.GENIND.35	EFF.W12.s1of2.34	stmt-dep	H	OPEN	xref	from:exact,to:stmt	statement-hit	EFF-GENIND.md | 4. XREF verification ledger (consolidated, deduplicated) | 67 | `W12_PROOF_2026-08-08.md:W12-L1` | 30 | s1: (a) the level-0 product re-entry; (b) letters move by a unit, hulls do not (
EFF.GENIND.36	EFF.JD0.33	stmt-dep	H	OPEN	xref	from:exact,to:stmt	statement-hit	EFF-GENIND.md | 4. XREF verification ledger (consolidated, deduplicated) | 49 | `JD0_PROOF_2026-08-08.md:LEMMA J-D0` | 4 | s1: Count-gauge blindness (`.05`, `.17`, `.36`, `.55`, `.67`) / s2: `.82`, `.
EFF.GENIND.36	EFF.W12.s1of2.23	stmt-dep	H	OPEN	xref	from:exact,to:stmt	statement-hit	EFF-GENIND.md | 4. XREF verification ledger (consolidated, deduplicated) | 57 | `W12_PROOF_2026-08-08.md:S2.2` | 19 | s1: The Φ-adic bijection and every slot count (`.07`, `.17`, `.36`, `.47`) / s3: T
EFF.GENIND.36	EFF.W12.s1of2.34	stmt-dep	H	OPEN	xref	from:exact,to:stmt	statement-hit	EFF-GENIND.md | 4. XREF verification ledger (consolidated, deduplicated) | 67 | `W12_PROOF_2026-08-08.md:W12-L1` | 30 | s1: (a) the level-0 product re-entry; (b) letters move by a unit, hulls do not (
EFF.GENIND.37	EFF.GENHN.90	stmt-dep	H	OPEN	xref	from:exact,to:stmt	statement-hit	EFF-GENIND.md | 4. XREF verification ledger (consolidated, deduplicated) | 15 | `GENHN_PROOF_2026-08-08.md:GENHN.A(v)` | 6 | s1: The ragged-window-corrected stage read (`.37`, `.63`) / s2: `.91`, `.92
EFF.GENIND.42	EFF.HEX3.38	stmt-dep	H	OPEN	xref	from:exact,to:stmt	statement-hit	EFF-GENIND.md | 4. XREF verification ledger (consolidated, deduplicated) | 34 | `HEX3_PROOF_2026-08-08.md:HEX3-BOX-2` | 4 | s1: The ledger-compression pricing precedent (`.10`, `.26`, `.42`) / s2: `.7
EFF.GENIND.44	EFF.HMENU3.14	stmt-dep	H	OPEN	xref	from:exact,to:stmt	statement-hit	EFF-GENIND.md | 4. XREF verification ledger (consolidated, deduplicated) | 46 | `HMENU3_PROOF_2026-08-08.md:HM3.C` | 15 | s1: The (A0) argument at general n; the S5.3 exact-complement sharpening (`.44
EFF.GENIND.44	EFF.W12.s1of2.09	stmt-dep	H	OPEN	xref	from:exact,to:stmt	statement-hit	EFF-GENIND.md | 4. XREF verification ledger (consolidated, deduplicated) | 62 | `W12_PROOF_2026-08-08.md:THEOREM W-12.A` | 8 | s1: Order-1 decided-shape law at every degree — the induction's leaves (`
EFF.GENIND.44	EFF.W12.s1of2.27	stmt-dep	H	OPEN	xref	from:exact,to:stmt	statement-hit	EFF-GENIND.md | 4. XREF verification ledger (consolidated, deduplicated) | 58 | `W12_PROOF_2026-08-08.md:S2.3` | 35 (upper bound)!=35 | s1: Certificate transport at simple leaves (`.44`, `.56`) / s2: 
EFF.GENIND.45	EFF.HEX3.08	stmt-dep	H	OPEN	xref	from:exact,to:stmt	default	EFF-GENIND.md | 4. XREF verification ledger (consolidated, deduplicated) | 37 | `HEX3_PROOF_2026-08-08.md:THEOREM HEX3.A` | 11 | s1: The n = 3 exact law (consumed by ANNEX R R1's rate leg; named in ra
EFF.GENIND.45	EFF.HEX3.20	stmt-dep	H	OPEN	xref	from:exact,to:stmt	default	EFF-GENIND.md | 4. XREF verification ledger (consolidated, deduplicated) | 35 | `HEX3_PROOF_2026-08-08.md:R(M)` | 21 | s1: The n = 2 drain law consumed by the β drain composition (`.25`, `.45`) / s2: 
EFF.GENIND.45	EFF.HEX3.28	stmt-dep	H	OPEN	xref	from:exact,to:stmt	default	EFF-GENIND.md | 4. XREF verification ledger (consolidated, deduplicated) | 36 | `HEX3_PROOF_2026-08-08.md:S5.1` | 9 | s1: The n = 3 closed forms tied by GT-N3TIE (`.20`, `.45`) / s2: `.76`, `.78`, `.8
EFF.GENIND.45	EFF.HEX3.31	stmt-dep	H	OPEN	xref	from:exact,to:stmt	default	EFF-GENIND.md | 4. XREF verification ledger (consolidated, deduplicated) | 38 | `HEX3_PROOF_2026-08-08.md:THEOREM HEX3.B` | 8 | s1: The n = 3 rate — the species (A2-RATE) generalizes (`.45`, `.46`) / 
EFF.GENIND.46	EFF.HEX3.31	stmt-dep	H	OPEN	xref	from:exact,to:stmt	default	EFF-GENIND.md | 4. XREF verification ledger (consolidated, deduplicated) | 38 | `HEX3_PROOF_2026-08-08.md:THEOREM HEX3.B` | 8 | s1: The n = 3 rate — the species (A2-RATE) generalizes (`.45`, `.46`) / 
EFF.GENIND.46	EFF.W12.s1of2.09	stmt-dep	H	OPEN	xref	from:exact,to:stmt	statement-hit	EFF-GENIND.md | 4. XREF verification ledger (consolidated, deduplicated) | 62 | `W12_PROOF_2026-08-08.md:THEOREM W-12.A` | 8 | s1: Order-1 decided-shape law at every degree — the induction's leaves (`
EFF.GENIND.47	EFF.W12.s1of2.23	stmt-dep	H	OPEN	xref	from:exact,to:stmt	statement-hit	EFF-GENIND.md | 4. XREF verification ledger (consolidated, deduplicated) | 57 | `W12_PROOF_2026-08-08.md:S2.2` | 19 | s1: The Φ-adic bijection and every slot count (`.07`, `.17`, `.36`, `.47`) / s3: T
EFF.GENIND.47	EFF.W12.s1of2.31	stmt-dep	H	OPEN	xref	from:exact,to:stmt	statement-hit	EFF-GENIND.md | 4. XREF verification ledger (consolidated, deduplicated) | 60 | `W12_PROOF_2026-08-08.md:S2.5` | 9 | s1: The QRT-G2 opening law, PROVED at the w12 seal (`.11`, `.47`, `.48`, `.68`) / s
EFF.GENIND.48	EFF.W12.s1of2.31	stmt-dep	H	OPEN	xref	from:exact,to:stmt	statement-hit	EFF-GENIND.md | 4. XREF verification ledger (consolidated, deduplicated) | 55 | `W12_PROOF_2026-08-08.md:QRT-G2` | 10 | s1: The n = 4 e-first first instance (`.11`, `.48`) / s3: The 4-key stage of the
EFF.GENIND.48	EXT:QSCOUT22_2026-08-08.md	stmt-dep	H	OPEN	xref	from:exact,to:ext	statement-hit	EFF-GENIND.md | 4. XREF verification ledger (consolidated, deduplicated) | 50 | `QSCOUT22_2026-08-08.md:GENRE E` | 2 | s1: The (2,2)-E scout table; prediction target (`.03`, `.48`, `.68`, `.73`) / s2:
EFF.GENIND.49	EXT:QSCOUT22_2026-08-08.md	stmt-dep	H	OPEN	xref	from:exact,to:ext	statement-hit	EFF-GENIND.md | 4. XREF verification ledger (consolidated, deduplicated) | 51 | `QSCOUT22_2026-08-08.md:GENRE F` | 1 | s1: The (2,2)-F scout table (`.03`, `.49`) | s1 | —
EFF.GENIND.54	EFF.W12.s1of2.09	stmt-dep	H	OPEN	xref	from:exact,to:stmt	statement-hit	EFF-GENIND.md | 4. XREF verification ledger (consolidated, deduplicated) | 62 | `W12_PROOF_2026-08-08.md:THEOREM W-12.A` | 8 | s1: Order-1 decided-shape law at every degree — the induction's leaves (`
EFF.GENIND.54	EFF.W12.s1of2.21	stmt-dep	H	OPEN	xref	from:exact,to:stmt	statement-hit	EFF-GENIND.md | 4. XREF verification ledger (consolidated, deduplicated) | 68 | `W12_PROOF_2026-08-08.md:W12-S2.1` | 9 | s1: Level-0 Hensel product; the Hensel split at step (2) (`.07`, `.24`, `.34`, 
EFF.GENIND.55	EFF.HMENU3.69	stmt-dep	H	OPEN	xref	from:exact,to:stmt	statement-hit	EFF-GENIND.md | 4. XREF verification ledger (consolidated, deduplicated) | 43 | `HMENU3_PROOF_2026-08-08.md:HM3-BOX-5` | 4 | s1: The finite-relabeling pedantry inherited at Step 2 (`.55`) | s1 | —
EFF.GENIND.55	EFF.JD0.33	stmt-dep	H	OPEN	xref	from:exact,to:stmt	statement-hit	EFF-GENIND.md | 4. XREF verification ledger (consolidated, deduplicated) | 49 | `JD0_PROOF_2026-08-08.md:LEMMA J-D0` | 4 | s1: Count-gauge blindness (`.05`, `.17`, `.36`, `.55`, `.67`) / s2: `.82`, `.
EFF.GENIND.56	EFF.W12.s1of2.21	stmt-dep	H	OPEN	xref	from:exact,to:stmt	statement-hit	EFF-GENIND.md | 4. XREF verification ledger (consolidated, deduplicated) | 68 | `W12_PROOF_2026-08-08.md:W12-S2.1` | 9 | s1: Level-0 Hensel product; the Hensel split at step (2) (`.07`, `.24`, `.34`, 
EFF.GENIND.56	EFF.W12.s1of2.27	stmt-dep	H	OPEN	xref	from:exact,to:stmt	statement-hit	EFF-GENIND.md | 4. XREF verification ledger (consolidated, deduplicated) | 58 | `W12_PROOF_2026-08-08.md:S2.3` | 35 (upper bound)!=35 | s1: Certificate transport at simple leaves (`.44`, `.56`) / s2: 
EFF.GENIND.57	EFF.GENHN.29	stmt-dep	H	OPEN	xref	from:exact,to:stmt	statement-hit	EFF-GENIND.md | 4. XREF verification ledger (consolidated, deduplicated) | 17 | `GENHN_PROOF_2026-08-08.md:LEMMA GENHN-3` | 3 | s1: Ragged-band confinement (`.57`, `.63`) / s2: `.91`, `.92`, `.106`, `
EFF.GENIND.57	EFF.GENHN.37	stmt-dep	H	OPEN	xref	from:exact,to:stmt	statement-hit	EFF-GENIND.md | 4. XREF verification ledger (consolidated, deduplicated) | 21 | `GENHN_PROOF_2026-08-08.md:S6.3` | 3 | s1: The general-genre exactness shape (`.57`, `.59`) / s2: `.91`, `.92`, `.106`, 
EFF.GENIND.57	EFF.HMENU3.14	stmt-dep	H	OPEN	xref	from:exact,to:stmt	statement-hit	EFF-GENIND.md | 4. XREF verification ledger (consolidated, deduplicated) | 46 | `HMENU3_PROOF_2026-08-08.md:HM3.C` | 15 | s1: The (A0) argument at general n; the S5.3 exact-complement sharpening (`.44
EFF.GENIND.57	EFF.W12.s1of2.42	stmt-dep	H	OPEN	xref	from:exact,to:stmt	statement-hit	EFF-GENIND.md | 4. XREF verification ledger (consolidated, deduplicated) | 61 | `W12_PROOF_2026-08-08.md:S3.4` | 11 | s1: The δ-substitution instance; boundary-family routing (`.30`, `.57`) / s2: `.81
EFF.GENIND.59	EFF.GENH4.07	stmt-dep	H	OPEN	xref	from:exact,to:stmt	statement-hit	EFF-GENIND.md | 4. XREF verification ledger (consolidated, deduplicated) | 8 | `GENH4_PROOF_2026-08-08.md:Q22-L1` | 7 | s1: GENH4.A's scout-side name (`.59`, `.66`) / s2: `.90`, `.92`, `.108`, `.136`,
EFF.GENIND.59	EFF.GENH4.10	stmt-dep	H	OPEN	xref	from:exact,to:stmt	statement-hit	EFF-GENIND.md | 4. XREF verification ledger (consolidated, deduplicated) | 5 | `GENH4_PROOF_2026-08-08.md:GENH4-CAP(F)` | 11 | s1: The two-term genre-F even-N band (`.14`, `.59`, `.66`) / s2: `.90`, `
EFF.GENIND.59	EFF.GENH4.12	stmt-dep	H	OPEN	xref	from:exact,to:stmt	statement-hit	EFF-GENIND.md | 4. XREF verification ledger (consolidated, deduplicated) | 7 | `GENH4_PROOF_2026-08-08.md:GENH4.D` | 8 | s1: The package sentence CS-1 = GENIND-4 + GENH4-1F + GENH4-2/-3/-4 (`.59`) | s
EFF.GENIND.59	EFF.GENH4.15	stmt-dep	H	OPEN	xref	from:exact,to:stmt	statement-hit	EFF-GENIND.md | 4. XREF verification ledger (consolidated, deduplicated) | 2 | `GENH4_PROOF_2026-08-08.md:GENH4-1F` | 10 | s1: Menu-half companion (`.59`, `.66`) / s2: `.90`, `.92`, `.108`, `.136`, `.
EFF.GENIND.59	EFF.GENH4.19	stmt-dep	H	OPEN	xref	from:exact,to:stmt	statement-hit	EFF-GENIND.md | 4. XREF verification ledger (consolidated, deduplicated) | 3 | `GENH4_PROOF_2026-08-08.md:GENH4-2` | 15 | s1: Named inside GENH4.D's package (`.59`) / s3: Named inside GENH4.D's packag
EFF.GENIND.59	EFF.GENHN.37	stmt-dep	H	OPEN	xref	from:exact,to:stmt	statement-hit	EFF-GENIND.md | 4. XREF verification ledger (consolidated, deduplicated) | 21 | `GENHN_PROOF_2026-08-08.md:S6.3` | 3 | s1: The general-genre exactness shape (`.57`, `.59`) / s2: `.91`, `.92`, `.106`, 
EFF.GENIND.60	EFF.W12.s1of2.12	stmt-dep	H	OPEN	xref	from:exact,to:stmt	statement-hit	EFF-GENIND.md | 4. XREF verification ledger (consolidated, deduplicated) | 63 | `W12_PROOF_2026-08-08.md:THEOREM W-12.D` | 5 | s1: The reduction fired at Step 5 (`.60`); the whole uniformity consequen
EFF.GENIND.63	EFF.GENHN.29	stmt-dep	H	OPEN	xref	from:exact,to:stmt	statement-hit	EFF-GENIND.md | 4. XREF verification ledger (consolidated, deduplicated) | 17 | `GENHN_PROOF_2026-08-08.md:LEMMA GENHN-3` | 3 | s1: Ragged-band confinement (`.57`, `.63`) / s2: `.91`, `.92`, `.106`, `
EFF.GENIND.63	EFF.GENHN.90	stmt-dep	H	OPEN	xref	from:exact,to:stmt	statement-hit	EFF-GENIND.md | 4. XREF verification ledger (consolidated, deduplicated) | 15 | `GENHN_PROOF_2026-08-08.md:GENHN.A(v)` | 6 | s1: The ragged-window-corrected stage read (`.37`, `.63`) / s2: `.91`, `.92
EFF.GENIND.64	EFF.GENHN.36	stmt-dep	H	OPEN	xref	from:exact,to:stmt	statement-hit	EFF-GENIND.md | 4. XREF verification ledger (consolidated, deduplicated) | 20 | `GENHN_PROOF_2026-08-08.md:S6.2` | 6 | s1: The ghost × letter reconciliation (`.64`) / s2: `.91`, `.92`, `.106`, `.136`,
EFF.GENIND.66	EFF.GENH4.07	stmt-dep	H	OPEN	xref	from:exact,to:stmt	statement-hit	EFF-GENIND.md | 4. XREF verification ledger (consolidated, deduplicated) | 8 | `GENH4_PROOF_2026-08-08.md:Q22-L1` | 7 | s1: GENH4.A's scout-side name (`.59`, `.66`) / s2: `.90`, `.92`, `.108`, `.136`,
EFF.GENIND.66	EFF.GENH4.10	stmt-dep	H	OPEN	xref	from:exact,to:stmt	statement-hit	EFF-GENIND.md | 4. XREF verification ledger (consolidated, deduplicated) | 9 | `GENH4_PROOF_2026-08-08.md:Q22-L3` | 3 | s1: GENH4.B's scout-side name (`.59`, `.66`) / s2: `.90`, `.92`, `.108`, `.136`,
EFF.GENIND.66	EFF.GENH4.15	stmt-dep	H	OPEN	xref	from:exact,to:stmt	statement-hit	EFF-GENIND.md | 4. XREF verification ledger (consolidated, deduplicated) | 2 | `GENH4_PROOF_2026-08-08.md:GENH4-1F` | 10 | s1: Menu-half companion (`.59`, `.66`) / s2: `.90`, `.92`, `.108`, `.136`, `.
EFF.GENIND.67	EFF.GRTJC.62	stmt-dep	H	OPEN	xref	from:exact,to:stmt	statement-hit	EFF-GENIND.md | 4. XREF verification ledger (consolidated, deduplicated) | 24 | `GRTJC_PROOF_2026-08-08.md:JC-LOAD` | 31 | s1: No-cancellation across ℤ/E degrees (`.05`, `.67`, `.71`, `.72`) / s2: `.8
EFF.GENIND.67	EFF.GRTJC.84	stmt-dep	H	OPEN	xref	from:exact,to:stmt	statement-hit	EFF-GENIND.md | 4. XREF verification ledger (consolidated, deduplicated) | 26 | `GRTJC_PROOF_2026-08-08.md:W-8` | 35 | s1: No-cancellation warrant (`.05`, `.67`, `.72`) / s2: `.82`, `.88` | s1+s2 | **
EFF.GENIND.67	EFF.GRTJC.89	stmt-dep	H	OPEN	xref	from:exact,to:stmt	statement-hit	EFF-GENIND.md | 4. XREF verification ledger (consolidated, deduplicated) | 22 | `GRTJC_PROOF_2026-08-08.md:COROLLARY W-9` | 2 | s1: The precise form cited for dim_K 𝒜(T) = E (`.67`) / s3: `dim_K 𝒜(T) 
EFF.GENIND.67	EFF.GRTJC.91	stmt-dep	H	OPEN	xref	from:exact,to:stmt	statement-hit	EFF-GENIND.md | 4. XREF verification ledger (consolidated, deduplicated) | 23 | `GRTJC_PROOF_2026-08-08.md:JC-F1` | 18 | s1: The finding paired with COROLLARY W-9 (`.67`) / s2: `.82`, `.88` / s3: Same
EFF.GENIND.67	EFF.JD0.33	stmt-dep	H	OPEN	xref	from:exact,to:stmt	statement-hit	EFF-GENIND.md | 4. XREF verification ledger (consolidated, deduplicated) | 49 | `JD0_PROOF_2026-08-08.md:LEMMA J-D0` | 4 | s1: Count-gauge blindness (`.05`, `.17`, `.36`, `.55`, `.67`) / s2: `.82`, `.
EFF.GENIND.67	EFF.W12.s1of2.34	stmt-dep	H	OPEN	xref	from:exact,to:stmt	statement-hit	EFF-GENIND.md | 4. XREF verification ledger (consolidated, deduplicated) | 67 | `W12_PROOF_2026-08-08.md:W12-L1` | 30 | s1: (a) the level-0 product re-entry; (b) letters move by a unit, hulls do not (
EFF.GENIND.68	EFF.GRTJC.89	stmt-dep	H	OPEN	xref	from:exact,to:stmt	statement-hit	EFF-GENIND.md | 4. XREF verification ledger (consolidated, deduplicated) | 27 | `GRTJC_PROOF_2026-08-08.md:W-9` | 13 | s1: The ℤ/E carry grading (`.05`, `.67`, `.68`, `.71`, `.74`) / s2: `.82`, `.88` 
EFF.GENIND.68	EFF.W12.s1of2.31	stmt-dep	H	OPEN	xref	from:exact,to:stmt	statement-hit	EFF-GENIND.md | 4. XREF verification ledger (consolidated, deduplicated) | 60 | `W12_PROOF_2026-08-08.md:S2.5` | 9 | s1: The QRT-G2 opening law, PROVED at the w12 seal (`.11`, `.47`, `.48`, `.68`) / s
EFF.GENIND.68	EXT:QSCOUT22_2026-08-08.md	stmt-dep	H	OPEN	xref	from:exact,to:ext	statement-hit	EFF-GENIND.md | 4. XREF verification ledger (consolidated, deduplicated) | 50 | `QSCOUT22_2026-08-08.md:GENRE E` | 2 | s1: The (2,2)-E scout table; prediction target (`.03`, `.48`, `.68`, `.73`) / s2:
EFF.GENIND.69	EXT:QSCOUT22_2026-08-08.md	stmt-dep	H	OPEN	xref	from:exact,to:ext	statement-hit	EFF-GENIND.md | 4. XREF verification ledger (consolidated, deduplicated) | 52 | `QSCOUT22_2026-08-08.md:LEMMA Q22-B` | 1 | s1: Same, in its full designation form (`.69`) | s1 | —
EFF.GENIND.70	EFF.JD0.33	stmt-dep	H	OPEN	xref	from:exact,to:stmt	statement-hit	EFF-GENIND.md | 4. XREF verification ledger (consolidated, deduplicated) | 48 | `JD0_PROOF_2026-08-08.md:J-D0` | 25 | s1: Same, in the note's short form (`.70`) / s2: `.82`, `.87` / s3: Letter-blindne
EFF.GENIND.70	EFF.W12.s1of2.32	stmt-dep	H	OPEN	xref	from:exact,to:stmt	statement-hit	EFF-GENIND.md | 4. XREF verification ledger (consolidated, deduplicated) | 66 | `W12_PROOF_2026-08-08.md:W12-L0` | 32 | s1: History-resolved n = 2 menus; P(2) base; GENIND-5's stage laws (`.05`, `.15`
EFF.GENIND.71	EFF.GRTJC.62	stmt-dep	H	OPEN	xref	from:exact,to:stmt	statement-hit	EFF-GENIND.md | 4. XREF verification ledger (consolidated, deduplicated) | 24 | `GRTJC_PROOF_2026-08-08.md:JC-LOAD` | 31 | s1: No-cancellation across ℤ/E degrees (`.05`, `.67`, `.71`, `.72`) / s2: `.8
EFF.GENIND.71	EFF.GRTJC.89	stmt-dep	H	OPEN	xref	from:exact,to:stmt	statement-hit	EFF-GENIND.md | 4. XREF verification ledger (consolidated, deduplicated) | 27 | `GRTJC_PROOF_2026-08-08.md:W-9` | 13 | s1: The ℤ/E carry grading (`.05`, `.67`, `.68`, `.71`, `.74`) / s2: `.82`, `.88` 
EFF.GENIND.72	EFF.GRTJC.62	stmt-dep	H	OPEN	xref	from:exact,to:stmt	statement-hit	EFF-GENIND.md | 4. XREF verification ledger (consolidated, deduplicated) | 24 | `GRTJC_PROOF_2026-08-08.md:JC-LOAD` | 31 | s1: No-cancellation across ℤ/E degrees (`.05`, `.67`, `.71`, `.72`) / s2: `.8
EFF.GENIND.72	EFF.GRTJC.84	stmt-dep	H	OPEN	xref	from:exact,to:stmt	statement-hit	EFF-GENIND.md | 4. XREF verification ledger (consolidated, deduplicated) | 26 | `GRTJC_PROOF_2026-08-08.md:W-8` | 35 | s1: No-cancellation warrant (`.05`, `.67`, `.72`) / s2: `.82`, `.88` | s1+s2 | **
EFF.GENIND.72	EFF.HEX3.16	stmt-dep	H	OPEN	xref	from:exact,to:stmt	statement-hit	EFF-GENIND.md | 4. XREF verification ledger (consolidated, deduplicated) | 30 | `HEX3_PROOF_2026-08-08.md:H-2` | 11 | s1: α-transport (i)(ii)(iii); the n = 3 instance of GENIND-1(ii)/GENIND-2(a) (`.05
EFF.GENIND.73	EFF.W12.s1of2.32	stmt-dep	H	OPEN	xref	from:exact,to:stmt	statement-hit	EFF-GENIND.md | 4. XREF verification ledger (consolidated, deduplicated) | 66 | `W12_PROOF_2026-08-08.md:W12-L0` | 32 | s1: History-resolved n = 2 menus; P(2) base; GENIND-5's stage laws (`.05`, `.15`
EFF.GENIND.73	EXT:QSCOUT22_2026-08-08.md	stmt-dep	H	OPEN	xref	from:exact,to:ext	statement-hit	EFF-GENIND.md | 4. XREF verification ledger (consolidated, deduplicated) | 50 | `QSCOUT22_2026-08-08.md:GENRE E` | 2 | s1: The (2,2)-E scout table; prediction target (`.03`, `.48`, `.68`, `.73`) / s2:
EFF.GENIND.74	EFF.GRTJC.89	stmt-dep	H	OPEN	xref	from:exact,to:stmt	statement-hit	EFF-GENIND.md | 4. XREF verification ledger (consolidated, deduplicated) | 27 | `GRTJC_PROOF_2026-08-08.md:W-9` | 13 | s1: The ℤ/E carry grading (`.05`, `.67`, `.68`, `.71`, `.74`) / s2: `.82`, `.88` 
EFF.GENIND.76	EFF.HEX3.08	stmt-dep	H	OPEN	xref	from:exact,to:stmt	default	EFF-GENIND.md | 4. XREF verification ledger (consolidated, deduplicated) | 37 | `HEX3_PROOF_2026-08-08.md:THEOREM HEX3.A` | 11 | s1: The n = 3 exact law (consumed by ANNEX R R1's rate leg; named in ra
EFF.GENIND.76	EFF.HEX3.13	stmt-dep	H	OPEN	xref	from:exact,to:stmt	default	EFF-GENIND.md | 4. XREF verification ledger (consolidated, deduplicated) | 29 | `HEX3_PROOF_2026-08-08.md:H-1` | 5 | s1: Depth-0 partition; the n = 3 instance of GENIND-1(i) (`.05`, `.20`) / s2: `.76`
EFF.GENIND.76	EFF.HEX3.16	stmt-dep	H	OPEN	xref	from:exact,to:stmt	default	EFF-GENIND.md | 4. XREF verification ledger (consolidated, deduplicated) | 30 | `HEX3_PROOF_2026-08-08.md:H-2` | 11 | s1: α-transport (i)(ii)(iii); the n = 3 instance of GENIND-1(ii)/GENIND-2(a) (`.05
EFF.GENIND.76	EFF.HEX3.19	stmt-dep	H	OPEN	xref	from:exact,to:stmt	default	EFF-GENIND.md | 4. XREF verification ledger (consolidated, deduplicated) | 31 | `HEX3_PROOF_2026-08-08.md:H-3` | 5 | s1: The three β routes (`.05`, `.24`) / s2: `.76`, `.78`, `.80`, `.85`, `.96`, `.10
EFF.GENIND.76	EFF.HEX3.20	stmt-dep	H	OPEN	xref	from:exact,to:stmt	default	EFF-GENIND.md | 4. XREF verification ledger (consolidated, deduplicated) | 35 | `HEX3_PROOF_2026-08-08.md:R(M)` | 21 | s1: The n = 2 drain law consumed by the β drain composition (`.25`, `.45`) / s2: 
EFF.GENIND.76	EFF.HEX3.26	stmt-dep	H	OPEN	xref	from:exact,to:stmt	default	EFF-GENIND.md | 4. XREF verification ledger (consolidated, deduplicated) | 32 | `HEX3_PROOF_2026-08-08.md:H-4` | 2 | s1: The n = 3 scaffold instance list (`.05`) / s2: `.76`, `.78`, `.80`, `.85`, `.96
EFF.GENIND.76	EFF.HEX3.28	stmt-dep	H	OPEN	xref	from:exact,to:stmt	default	EFF-GENIND.md | 4. XREF verification ledger (consolidated, deduplicated) | 36 | `HEX3_PROOF_2026-08-08.md:S5.1` | 9 | s1: The n = 3 closed forms tied by GT-N3TIE (`.20`, `.45`) / s2: `.76`, `.78`, `.8
EFF.GENIND.76	EFF.HEX3.31	stmt-dep	H	OPEN	xref	from:exact,to:stmt	default	EFF-GENIND.md | 4. XREF verification ledger (consolidated, deduplicated) | 38 | `HEX3_PROOF_2026-08-08.md:THEOREM HEX3.B` | 8 | s1: The n = 3 rate — the species (A2-RATE) generalizes (`.45`, `.46`) / 
EFF.GENIND.76	EFF.HEX3.37	stmt-dep	H	OPEN	xref	from:exact,to:stmt	default	EFF-GENIND.md | 4. XREF verification ledger (consolidated, deduplicated) | 33 | `HEX3_PROOF_2026-08-08.md:HEX3-BOX-1` | 11 | s2: `.76`, `.78`, `.80`, `.85`, `.96`, `.103`, `.136` | s2 | —
EFF.GENIND.76	EFF.HEX3.38	stmt-dep	H	OPEN	xref	from:exact,to:stmt	default	EFF-GENIND.md | 4. XREF verification ledger (consolidated, deduplicated) | 34 | `HEX3_PROOF_2026-08-08.md:HEX3-BOX-2` | 4 | s1: The ledger-compression pricing precedent (`.10`, `.26`, `.42`) / s2: `.7
EFF.GENIND.78	EFF.HEX3.08	stmt-dep	H	OPEN	xref	from:exact,to:stmt	default	EFF-GENIND.md | 4. XREF verification ledger (consolidated, deduplicated) | 37 | `HEX3_PROOF_2026-08-08.md:THEOREM HEX3.A` | 11 | s1: The n = 3 exact law (consumed by ANNEX R R1's rate leg; named in ra
EFF.GENIND.78	EFF.HEX3.13	stmt-dep	H	OPEN	xref	from:exact,to:stmt	default	EFF-GENIND.md | 4. XREF verification ledger (consolidated, deduplicated) | 29 | `HEX3_PROOF_2026-08-08.md:H-1` | 5 | s1: Depth-0 partition; the n = 3 instance of GENIND-1(i) (`.05`, `.20`) / s2: `.76`
EFF.GENIND.78	EFF.HEX3.16	stmt-dep	H	OPEN	xref	from:exact,to:stmt	default	EFF-GENIND.md | 4. XREF verification ledger (consolidated, deduplicated) | 30 | `HEX3_PROOF_2026-08-08.md:H-2` | 11 | s1: α-transport (i)(ii)(iii); the n = 3 instance of GENIND-1(ii)/GENIND-2(a) (`.05
EFF.GENIND.78	EFF.HEX3.19	stmt-dep	H	OPEN	xref	from:exact,to:stmt	default	EFF-GENIND.md | 4. XREF verification ledger (consolidated, deduplicated) | 31 | `HEX3_PROOF_2026-08-08.md:H-3` | 5 | s1: The three β routes (`.05`, `.24`) / s2: `.76`, `.78`, `.80`, `.85`, `.96`, `.10
EFF.GENIND.78	EFF.HEX3.20	stmt-dep	H	OPEN	xref	from:exact,to:stmt	default	EFF-GENIND.md | 4. XREF verification ledger (consolidated, deduplicated) | 35 | `HEX3_PROOF_2026-08-08.md:R(M)` | 21 | s1: The n = 2 drain law consumed by the β drain composition (`.25`, `.45`) / s2: 
EFF.GENIND.78	EFF.HEX3.26	stmt-dep	H	OPEN	xref	from:exact,to:stmt	default	EFF-GENIND.md | 4. XREF verification ledger (consolidated, deduplicated) | 32 | `HEX3_PROOF_2026-08-08.md:H-4` | 2 | s1: The n = 3 scaffold instance list (`.05`) / s2: `.76`, `.78`, `.80`, `.85`, `.96
EFF.GENIND.78	EFF.HEX3.28	stmt-dep	H	OPEN	xref	from:exact,to:stmt	default	EFF-GENIND.md | 4. XREF verification ledger (consolidated, deduplicated) | 36 | `HEX3_PROOF_2026-08-08.md:S5.1` | 9 | s1: The n = 3 closed forms tied by GT-N3TIE (`.20`, `.45`) / s2: `.76`, `.78`, `.8
EFF.GENIND.78	EFF.HEX3.31	stmt-dep	H	OPEN	xref	from:exact,to:stmt	statement-hit	EFF-GENIND.md | 4. XREF verification ledger (consolidated, deduplicated) | 38 | `HEX3_PROOF_2026-08-08.md:THEOREM HEX3.B` | 8 | s1: The n = 3 rate — the species (A2-RATE) generalizes (`.45`, `.46`) / 
EFF.GENIND.78	EFF.HEX3.37	stmt-dep	H	OPEN	xref	from:exact,to:stmt	default	EFF-GENIND.md | 4. XREF verification ledger (consolidated, deduplicated) | 33 | `HEX3_PROOF_2026-08-08.md:HEX3-BOX-1` | 11 | s2: `.76`, `.78`, `.80`, `.85`, `.96`, `.103`, `.136` | s2 | —
EFF.GENIND.78	EFF.HEX3.38	stmt-dep	H	OPEN	xref	from:exact,to:stmt	default	EFF-GENIND.md | 4. XREF verification ledger (consolidated, deduplicated) | 34 | `HEX3_PROOF_2026-08-08.md:HEX3-BOX-2` | 4 | s1: The ledger-compression pricing precedent (`.10`, `.26`, `.42`) / s2: `.7
EFF.GENIND.80	EFF.HEX3.08	stmt-dep	H	OPEN	xref	from:exact,to:stmt	default	EFF-GENIND.md | 4. XREF verification ledger (consolidated, deduplicated) | 37 | `HEX3_PROOF_2026-08-08.md:THEOREM HEX3.A` | 11 | s1: The n = 3 exact law (consumed by ANNEX R R1's rate leg; named in ra
EFF.GENIND.80	EFF.HEX3.13	stmt-dep	H	OPEN	xref	from:exact,to:stmt	default	EFF-GENIND.md | 4. XREF verification ledger (consolidated, deduplicated) | 29 | `HEX3_PROOF_2026-08-08.md:H-1` | 5 | s1: Depth-0 partition; the n = 3 instance of GENIND-1(i) (`.05`, `.20`) / s2: `.76`
EFF.GENIND.80	EFF.HEX3.16	stmt-dep	H	OPEN	xref	from:exact,to:stmt	default	EFF-GENIND.md | 4. XREF verification ledger (consolidated, deduplicated) | 30 | `HEX3_PROOF_2026-08-08.md:H-2` | 11 | s1: α-transport (i)(ii)(iii); the n = 3 instance of GENIND-1(ii)/GENIND-2(a) (`.05
EFF.GENIND.80	EFF.HEX3.19	stmt-dep	H	OPEN	xref	from:exact,to:stmt	default	EFF-GENIND.md | 4. XREF verification ledger (consolidated, deduplicated) | 31 | `HEX3_PROOF_2026-08-08.md:H-3` | 5 | s1: The three β routes (`.05`, `.24`) / s2: `.76`, `.78`, `.80`, `.85`, `.96`, `.10
EFF.GENIND.80	EFF.HEX3.20	stmt-dep	H	OPEN	xref	from:exact,to:stmt	default	EFF-GENIND.md | 4. XREF verification ledger (consolidated, deduplicated) | 35 | `HEX3_PROOF_2026-08-08.md:R(M)` | 21 | s1: The n = 2 drain law consumed by the β drain composition (`.25`, `.45`) / s2: 
EFF.GENIND.80	EFF.HEX3.26	stmt-dep	H	OPEN	xref	from:exact,to:stmt	default	EFF-GENIND.md | 4. XREF verification ledger (consolidated, deduplicated) | 32 | `HEX3_PROOF_2026-08-08.md:H-4` | 2 | s1: The n = 3 scaffold instance list (`.05`) / s2: `.76`, `.78`, `.80`, `.85`, `.96
EFF.GENIND.80	EFF.HEX3.28	stmt-dep	H	OPEN	xref	from:exact,to:stmt	default	EFF-GENIND.md | 4. XREF verification ledger (consolidated, deduplicated) | 36 | `HEX3_PROOF_2026-08-08.md:S5.1` | 9 | s1: The n = 3 closed forms tied by GT-N3TIE (`.20`, `.45`) / s2: `.76`, `.78`, `.8
EFF.GENIND.80	EFF.HEX3.31	stmt-dep	H	OPEN	xref	from:exact,to:stmt	default	EFF-GENIND.md | 4. XREF verification ledger (consolidated, deduplicated) | 38 | `HEX3_PROOF_2026-08-08.md:THEOREM HEX3.B` | 8 | s1: The n = 3 rate — the species (A2-RATE) generalizes (`.45`, `.46`) / 
EFF.GENIND.80	EFF.HEX3.37	stmt-dep	H	OPEN	xref	from:exact,to:stmt	default	EFF-GENIND.md | 4. XREF verification ledger (consolidated, deduplicated) | 33 | `HEX3_PROOF_2026-08-08.md:HEX3-BOX-1` | 11 | s2: `.76`, `.78`, `.80`, `.85`, `.96`, `.103`, `.136` | s2 | —
EFF.GENIND.80	EFF.HEX3.38	stmt-dep	H	OPEN	xref	from:exact,to:stmt	default	EFF-GENIND.md | 4. XREF verification ledger (consolidated, deduplicated) | 34 | `HEX3_PROOF_2026-08-08.md:HEX3-BOX-2` | 4 | s1: The ledger-compression pricing precedent (`.10`, `.26`, `.42`) / s2: `.7
EFF.GENIND.80	EFF.HMENU3.08	stmt-dep	H	OPEN	reverse-xref	from:stmt,to:gov	default	EFF-HMENU3.md | 5.2 Reverse-XREF rows — who consumes HMENU3 (rule 8) | RX-1 | `GENIND_PROOF_2026-08-08.md` | `HMENU3` 19 / `HM3.` 12 | the n = 3 base-case menu and densities, as induction base data | 
EFF.GENIND.80	EXT:W10_PROOF_2026-08-08.md	stmt-dep	H	OPEN	xref	from:exact,to:ext	statement-hit	EFF-GENIND-s2of3.md | 3.1 Verified import/XREF designations | 59 | `W10_PROOF_2026-08-08.md:W10-BOX-3` | 1 | `.06`
EFF.GENIND.81	EFF.W12.s1of2.09	stmt-dep	H	OPEN	xref	from:exact,to:stmt	default	EFF-GENIND.md | 4. XREF verification ledger (consolidated, deduplicated) | 62 | `W12_PROOF_2026-08-08.md:THEOREM W-12.A` | 8 | s1: Order-1 decided-shape law at every degree — the induction's leaves (`
EFF.GENIND.81	EFF.W12.s1of2.10	stmt-dep	H	OPEN	xref	from:exact,to:stmt	default	EFF-GENIND.md | 4. XREF verification ledger (consolidated, deduplicated) | 64 | `W12_PROOF_2026-08-08.md:W-12.B` | 19 | s2: `.81`, `.83`, `.85`, `.89`, `.93`, `.94`, `.123`, `.136`, `.138` | s2 | —
EFF.GENIND.81	EFF.W12.s1of2.12	stmt-dep	H	OPEN	xref	from:exact,to:stmt	default	EFF-GENIND.md | 4. XREF verification ledger (consolidated, deduplicated) | 63 | `W12_PROOF_2026-08-08.md:THEOREM W-12.D` | 5 | s1: The reduction fired at Step 5 (`.60`); the whole uniformity consequen
EFF.GENIND.81	EFF.W12.s1of2.27	stmt-dep	H	OPEN	xref	from:exact,to:stmt	default	EFF-GENIND.md | 4. XREF verification ledger (consolidated, deduplicated) | 58 | `W12_PROOF_2026-08-08.md:S2.3` | 35 (upper bound)!=35 | s1: Certificate transport at simple leaves (`.44`, `.56`) / s2: 
EFF.GENIND.81	EFF.W12.s1of2.29	stmt-dep	H	OPEN	xref	from:exact,to:stmt	default	EFF-GENIND.md | 4. XREF verification ledger (consolidated, deduplicated) | 59 | `W12_PROOF_2026-08-08.md:S2.4` | 10 | s2: `.81`, `.83`, `.85`, `.89`, `.93`, `.94`, `.123`, `.136`, `.138` | s2 | —
EFF.GENIND.81	EFF.W12.s1of2.31	stmt-dep	H	OPEN	xref	from:exact,to:stmt	default	EFF-GENIND.md | 4. XREF verification ledger (consolidated, deduplicated) | 60 | `W12_PROOF_2026-08-08.md:S2.5` | 9 | s1: The QRT-G2 opening law, PROVED at the w12 seal (`.11`, `.47`, `.48`, `.68`) / s
EFF.GENIND.81	EFF.W12.s1of2.32	stmt-dep	H	OPEN	xref	from:exact,to:stmt	default	EFF-GENIND.md | 4. XREF verification ledger (consolidated, deduplicated) | 66 | `W12_PROOF_2026-08-08.md:W12-L0` | 32 | s1: History-resolved n = 2 menus; P(2) base; GENIND-5's stage laws (`.05`, `.15`
EFF.GENIND.81	EFF.W12.s1of2.34	stmt-dep	H	OPEN	xref	from:exact,to:stmt	default	EFF-GENIND.md | 4. XREF verification ledger (consolidated, deduplicated) | 67 | `W12_PROOF_2026-08-08.md:W12-L1` | 30 | s1: (a) the level-0 product re-entry; (b) letters move by a unit, hulls do not (
EFF.GENIND.81	EFF.W12.s1of2.42	stmt-dep	H	OPEN	xref	from:exact,to:stmt	default	EFF-GENIND.md | 4. XREF verification ledger (consolidated, deduplicated) | 61 | `W12_PROOF_2026-08-08.md:S3.4` | 11 | s1: The δ-substitution instance; boundary-family routing (`.30`, `.57`) / s2: `.81
EFF.GENIND.81	EFF.W12.s1of2.49	stmt-dep	H	OPEN	xref	from:exact,to:stmt	statement-hit	EFF-GENIND.md | 4. XREF verification ledger (consolidated, deduplicated) | 65 | `W12_PROOF_2026-08-08.md:W12-BOX-1` | 10 | s2: `.81`, `.83`, `.85`, `.89`, `.93`, `.94`, `.123`, `.136`, `.138` / s3: Th
EFF.GENIND.82	EFF.GRTJC.54	stmt-dep	H	OPEN	xref	from:exact,to:stmt	default	EFF-GENIND.md | 4. XREF verification ledger (consolidated, deduplicated) | 25 | `GRTJC_PROOF_2026-08-08.md:W-6` | 18 | s1: Carry-corpus member (`.05`) / s2: `.82`, `.88` | s1+s2 | **DEDUP**
EFF.GENIND.82	EFF.GRTJC.62	stmt-dep	H	OPEN	xref	from:exact,to:stmt	statement-hit	EFF-GENIND.md | 4. XREF verification ledger (consolidated, deduplicated) | 24 | `GRTJC_PROOF_2026-08-08.md:JC-LOAD` | 31 | s1: No-cancellation across ℤ/E degrees (`.05`, `.67`, `.71`, `.72`) / s2: `.8
EFF.GENIND.82	EFF.GRTJC.84	stmt-dep	H	OPEN	xref	from:exact,to:stmt	default	EFF-GENIND.md | 4. XREF verification ledger (consolidated, deduplicated) | 26 | `GRTJC_PROOF_2026-08-08.md:W-8` | 35 | s1: No-cancellation warrant (`.05`, `.67`, `.72`) / s2: `.82`, `.88` | s1+s2 | **
EFF.GENIND.82	EFF.GRTJC.89	stmt-dep	H	OPEN	xref	from:exact,to:stmt	statement-hit	EFF-GENIND.md | 4. XREF verification ledger (consolidated, deduplicated) | 27 | `GRTJC_PROOF_2026-08-08.md:W-9` | 13 | s1: The ℤ/E carry grading (`.05`, `.67`, `.68`, `.71`, `.74`) / s2: `.82`, `.88` 
EFF.GENIND.82	EFF.GRTJC.91	stmt-dep	H	OPEN	xref	from:exact,to:stmt	default	EFF-GENIND.md | 4. XREF verification ledger (consolidated, deduplicated) | 23 | `GRTJC_PROOF_2026-08-08.md:JC-F1` | 18 | s1: The finding paired with COROLLARY W-9 (`.67`) / s2: `.82`, `.88` / s3: Same
EFF.GENIND.82	EFF.JD0.06	stmt-dep	H	OPEN	xref	from:exact,to:gov	default	EFF-GENIND-s2of3.md | 3.1 Verified import/XREF designations | 33–34 | `JD0_PROOF_2026-08-08.md:` `LEMMA J-D0` (4) · `J-D0` (25) | as listed | `.08`, `.13`
EFF.GENIND.82	EFF.JD0.33	stmt-dep	H	OPEN	xref	from:exact,to:stmt	statement-hit	EFF-GENIND.md | 4. XREF verification ledger (consolidated, deduplicated) | 48 | `JD0_PROOF_2026-08-08.md:J-D0` | 25 | s1: Same, in the note's short form (`.70`) / s2: `.82`, `.87` / s3: Letter-blindne
EFF.GENIND.83	EFF.W12.s1of2.09	stmt-dep	H	OPEN	xref	from:exact,to:stmt	statement-hit	EFF-GENIND.md | 4. XREF verification ledger (consolidated, deduplicated) | 62 | `W12_PROOF_2026-08-08.md:THEOREM W-12.A` | 8 | s1: Order-1 decided-shape law at every degree — the induction's leaves (`
EFF.GENIND.83	EFF.W12.s1of2.10	stmt-dep	H	OPEN	xref	from:exact,to:stmt	default	EFF-GENIND.md | 4. XREF verification ledger (consolidated, deduplicated) | 64 | `W12_PROOF_2026-08-08.md:W-12.B` | 19 | s2: `.81`, `.83`, `.85`, `.89`, `.93`, `.94`, `.123`, `.136`, `.138` | s2 | —
EFF.GENIND.83	EFF.W12.s1of2.12	stmt-dep	H	OPEN	xref	from:exact,to:stmt	statement-hit	EFF-GENIND.md | 4. XREF verification ledger (consolidated, deduplicated) | 63 | `W12_PROOF_2026-08-08.md:THEOREM W-12.D` | 5 | s1: The reduction fired at Step 5 (`.60`); the whole uniformity consequen
EFF.GENIND.83	EFF.W12.s1of2.27	stmt-dep	H	OPEN	xref	from:exact,to:stmt	default	EFF-GENIND.md | 4. XREF verification ledger (consolidated, deduplicated) | 58 | `W12_PROOF_2026-08-08.md:S2.3` | 35 (upper bound)!=35 | s1: Certificate transport at simple leaves (`.44`, `.56`) / s2: 
EFF.GENIND.83	EFF.W12.s1of2.29	stmt-dep	H	OPEN	xref	from:exact,to:stmt	statement-hit	EFF-GENIND.md | 4. XREF verification ledger (consolidated, deduplicated) | 59 | `W12_PROOF_2026-08-08.md:S2.4` | 10 | s2: `.81`, `.83`, `.85`, `.89`, `.93`, `.94`, `.123`, `.136`, `.138` | s2 | —
EFF.GENIND.83	EFF.W12.s1of2.31	stmt-dep	H	OPEN	xref	from:exact,to:stmt	statement-hit	EFF-GENIND.md | 4. XREF verification ledger (consolidated, deduplicated) | 60 | `W12_PROOF_2026-08-08.md:S2.5` | 9 | s1: The QRT-G2 opening law, PROVED at the w12 seal (`.11`, `.47`, `.48`, `.68`) / s
EFF.GENIND.83	EFF.W12.s1of2.32	stmt-dep	H	OPEN	xref	from:exact,to:stmt	statement-hit	EFF-GENIND.md | 4. XREF verification ledger (consolidated, deduplicated) | 66 | `W12_PROOF_2026-08-08.md:W12-L0` | 32 | s1: History-resolved n = 2 menus; P(2) base; GENIND-5's stage laws (`.05`, `.15`
EFF.GENIND.83	EFF.W12.s1of2.34	stmt-dep	H	OPEN	xref	from:exact,to:stmt	default	EFF-GENIND.md | 4. XREF verification ledger (consolidated, deduplicated) | 67 | `W12_PROOF_2026-08-08.md:W12-L1` | 30 | s1: (a) the level-0 product re-entry; (b) letters move by a unit, hulls do not (
EFF.GENIND.83	EFF.W12.s1of2.42	stmt-dep	H	OPEN	xref	from:exact,to:stmt	default	EFF-GENIND.md | 4. XREF verification ledger (consolidated, deduplicated) | 61 | `W12_PROOF_2026-08-08.md:S3.4` | 11 | s1: The δ-substitution instance; boundary-family routing (`.30`, `.57`) / s2: `.81
EFF.GENIND.83	EFF.W12.s1of2.49	stmt-dep	H	OPEN	xref	from:exact,to:stmt	default	EFF-GENIND.md | 4. XREF verification ledger (consolidated, deduplicated) | 65 | `W12_PROOF_2026-08-08.md:W12-BOX-1` | 10 | s2: `.81`, `.83`, `.85`, `.89`, `.93`, `.94`, `.123`, `.136`, `.138` / s3: Th
EFF.GENIND.84	EFF.W11.39	stmt-dep	H	OPEN	xref	from:exact,to:stmt	statement-hit	EFF-GENIND.md | 4. XREF verification ledger (consolidated, deduplicated) | 54 | `W11_PROOF_2026-08-08.md:THEOREM W-11` | 3 | s1: P(2) base (`.15`) / s2: `.84`, `.94`, `.136` / s3: The supply consumed 
EFF.GENIND.85	EFF.HEX3.08	stmt-dep	H	OPEN	xref	from:exact,to:stmt	statement-hit	EFF-GENIND.md | 4. XREF verification ledger (consolidated, deduplicated) | 37 | `HEX3_PROOF_2026-08-08.md:THEOREM HEX3.A` | 11 | s1: The n = 3 exact law (consumed by ANNEX R R1's rate leg; named in ra
EFF.GENIND.85	EFF.HEX3.13	stmt-dep	H	OPEN	xref	from:exact,to:stmt	statement-hit	EFF-GENIND.md | 4. XREF verification ledger (consolidated, deduplicated) | 29 | `HEX3_PROOF_2026-08-08.md:H-1` | 5 | s1: Depth-0 partition; the n = 3 instance of GENIND-1(i) (`.05`, `.20`) / s2: `.76`
EFF.GENIND.85	EFF.HEX3.16	stmt-dep	H	OPEN	xref	from:exact,to:stmt	default	EFF-GENIND.md | 4. XREF verification ledger (consolidated, deduplicated) | 30 | `HEX3_PROOF_2026-08-08.md:H-2` | 11 | s1: α-transport (i)(ii)(iii); the n = 3 instance of GENIND-1(ii)/GENIND-2(a) (`.05
EFF.GENIND.85	EFF.HEX3.19	stmt-dep	H	OPEN	xref	from:exact,to:stmt	default	EFF-GENIND.md | 4. XREF verification ledger (consolidated, deduplicated) | 31 | `HEX3_PROOF_2026-08-08.md:H-3` | 5 | s1: The three β routes (`.05`, `.24`) / s2: `.76`, `.78`, `.80`, `.85`, `.96`, `.10
EFF.GENIND.85	EFF.HEX3.20	stmt-dep	H	OPEN	xref	from:exact,to:stmt	default	EFF-GENIND.md | 4. XREF verification ledger (consolidated, deduplicated) | 35 | `HEX3_PROOF_2026-08-08.md:R(M)` | 21 | s1: The n = 2 drain law consumed by the β drain composition (`.25`, `.45`) / s2: 
EFF.GENIND.85	EFF.HEX3.26	stmt-dep	H	OPEN	xref	from:exact,to:stmt	statement-hit	EFF-GENIND.md | 4. XREF verification ledger (consolidated, deduplicated) | 32 | `HEX3_PROOF_2026-08-08.md:H-4` | 2 | s1: The n = 3 scaffold instance list (`.05`) / s2: `.76`, `.78`, `.80`, `.85`, `.96
EFF.GENIND.85	EFF.HEX3.28	stmt-dep	H	OPEN	xref	from:exact,to:stmt	default	EFF-GENIND.md | 4. XREF verification ledger (consolidated, deduplicated) | 36 | `HEX3_PROOF_2026-08-08.md:S5.1` | 9 | s1: The n = 3 closed forms tied by GT-N3TIE (`.20`, `.45`) / s2: `.76`, `.78`, `.8
EFF.GENIND.85	EFF.HEX3.31	stmt-dep	H	OPEN	xref	from:exact,to:stmt	default	EFF-GENIND.md | 4. XREF verification ledger (consolidated, deduplicated) | 38 | `HEX3_PROOF_2026-08-08.md:THEOREM HEX3.B` | 8 | s1: The n = 3 rate — the species (A2-RATE) generalizes (`.45`, `.46`) / 
EFF.GENIND.85	EFF.HEX3.37	stmt-dep	H	OPEN	xref	from:exact,to:stmt	statement-hit	EFF-GENIND.md | 4. XREF verification ledger (consolidated, deduplicated) | 33 | `HEX3_PROOF_2026-08-08.md:HEX3-BOX-1` | 11 | s2: `.76`, `.78`, `.80`, `.85`, `.96`, `.103`, `.136` | s2 | —
EFF.GENIND.85	EFF.HEX3.38	stmt-dep	H	OPEN	xref	from:exact,to:stmt	default	EFF-GENIND.md | 4. XREF verification ledger (consolidated, deduplicated) | 34 | `HEX3_PROOF_2026-08-08.md:HEX3-BOX-2` | 4 | s1: The ledger-compression pricing precedent (`.10`, `.26`, `.42`) / s2: `.7
EFF.GENIND.85	EFF.W12.s1of2.09	stmt-dep	H	OPEN	xref	from:exact,to:stmt	default	EFF-GENIND.md | 4. XREF verification ledger (consolidated, deduplicated) | 62 | `W12_PROOF_2026-08-08.md:THEOREM W-12.A` | 8 | s1: Order-1 decided-shape law at every degree — the induction's leaves (`
EFF.GENIND.85	EFF.W12.s1of2.10	stmt-dep	H	OPEN	xref	from:exact,to:stmt	statement-hit	EFF-GENIND.md | 4. XREF verification ledger (consolidated, deduplicated) | 64 | `W12_PROOF_2026-08-08.md:W-12.B` | 19 | s2: `.81`, `.83`, `.85`, `.89`, `.93`, `.94`, `.123`, `.136`, `.138` | s2 | —
EFF.GENIND.85	EFF.W12.s1of2.12	stmt-dep	H	OPEN	xref	from:exact,to:stmt	default	EFF-GENIND.md | 4. XREF verification ledger (consolidated, deduplicated) | 63 | `W12_PROOF_2026-08-08.md:THEOREM W-12.D` | 5 | s1: The reduction fired at Step 5 (`.60`); the whole uniformity consequen
EFF.GENIND.85	EFF.W12.s1of2.27	stmt-dep	H	OPEN	xref	from:exact,to:stmt	default	EFF-GENIND.md | 4. XREF verification ledger (consolidated, deduplicated) | 58 | `W12_PROOF_2026-08-08.md:S2.3` | 35 (upper bound)!=35 | s1: Certificate transport at simple leaves (`.44`, `.56`) / s2: 
EFF.GENIND.85	EFF.W12.s1of2.29	stmt-dep	H	OPEN	xref	from:exact,to:stmt	default	EFF-GENIND.md | 4. XREF verification ledger (consolidated, deduplicated) | 59 | `W12_PROOF_2026-08-08.md:S2.4` | 10 | s2: `.81`, `.83`, `.85`, `.89`, `.93`, `.94`, `.123`, `.136`, `.138` | s2 | —
EFF.GENIND.85	EFF.W12.s1of2.31	stmt-dep	H	OPEN	xref	from:exact,to:stmt	default	EFF-GENIND.md | 4. XREF verification ledger (consolidated, deduplicated) | 60 | `W12_PROOF_2026-08-08.md:S2.5` | 9 | s1: The QRT-G2 opening law, PROVED at the w12 seal (`.11`, `.47`, `.48`, `.68`) / s
EFF.GENIND.85	EFF.W12.s1of2.32	stmt-dep	H	OPEN	xref	from:exact,to:stmt	default	EFF-GENIND.md | 4. XREF verification ledger (consolidated, deduplicated) | 66 | `W12_PROOF_2026-08-08.md:W12-L0` | 32 | s1: History-resolved n = 2 menus; P(2) base; GENIND-5's stage laws (`.05`, `.15`
EFF.GENIND.85	EFF.W12.s1of2.34	stmt-dep	H	OPEN	xref	from:exact,to:stmt	default	EFF-GENIND.md | 4. XREF verification ledger (consolidated, deduplicated) | 67 | `W12_PROOF_2026-08-08.md:W12-L1` | 30 | s1: (a) the level-0 product re-entry; (b) letters move by a unit, hulls do not (
EFF.GENIND.85	EFF.W12.s1of2.42	stmt-dep	H	OPEN	xref	from:exact,to:stmt	default	EFF-GENIND.md | 4. XREF verification ledger (consolidated, deduplicated) | 61 | `W12_PROOF_2026-08-08.md:S3.4` | 11 | s1: The δ-substitution instance; boundary-family routing (`.30`, `.57`) / s2: `.81
EFF.GENIND.85	EFF.W12.s1of2.49	stmt-dep	H	OPEN	xref	from:exact,to:stmt	default	EFF-GENIND.md | 4. XREF verification ledger (consolidated, deduplicated) | 65 | `W12_PROOF_2026-08-08.md:W12-BOX-1` | 10 | s2: `.81`, `.83`, `.85`, `.89`, `.93`, `.94`, `.123`, `.136`, `.138` / s3: Th
EFF.GENIND.86	EFF.HMENU3.08	stmt-dep	H	OPEN	xref	from:exact,to:stmt	statement-hit	EFF-GENIND.md | 4. XREF verification ledger (consolidated, deduplicated) | 44 | `HMENU3_PROOF_2026-08-08.md:HM3.A` | 18 | s1: History-resolved menu form; the raw-key dictionary (`.05`, `.13`, `.24`) /
EFF.GENIND.86	EFF.HMENU3.11	stmt-dep	H	OPEN	xref	from:exact,to:stmt	default	EFF-GENIND.md | 4. XREF verification ledger (consolidated, deduplicated) | 45 | `HMENU3_PROOF_2026-08-08.md:HM3.B` | 19 | s1: The n = 3 (A1) B-families (`.30`) / s2: `.86`, `.136`, `.138` | s1+s2 | **
EFF.GENIND.86	EFF.HMENU3.14	stmt-dep	H	OPEN	xref	from:exact,to:stmt	statement-hit	EFF-GENIND.md | 4. XREF verification ledger (consolidated, deduplicated) | 46 | `HMENU3_PROOF_2026-08-08.md:HM3.C` | 15 | s1: The (A0) argument at general n; the S5.3 exact-complement sharpening (`.44
EFF.GENIND.86	EFF.HMENU3.17	stmt-dep	H	OPEN	xref	from:exact,to:stmt	default	EFF-GENIND.md | 4. XREF verification ledger (consolidated, deduplicated) | 47 | `HMENU3_PROOF_2026-08-08.md:HM3.D` | 13 | s2: `.86`, `.136`, `.138` | s2 | —
EFF.GENIND.86	EFF.HMENU3.19	stmt-dep	H	OPEN	xref	from:exact,to:stmt	statement-hit	EFF-GENIND.md | 4. XREF verification ledger (consolidated, deduplicated) | 39 | `HMENU3_PROOF_2026-08-08.md:HM3-1` | 4 | s1: Two-species classification template (`.04`, `.05`, `.19`, `.20`) / s2: `.86
EFF.GENIND.86	EFF.HMENU3.22	stmt-dep	H	OPEN	xref	from:exact,to:stmt	default	EFF-GENIND.md | 4. XREF verification ledger (consolidated, deduplicated) | 40 | `HMENU3_PROOF_2026-08-08.md:HM3-2` | 5 | s1: Drain-verdict → KEY resolution upgrade (`.05`, `.21`) / s2: `.86`, `.136`, 
EFF.GENIND.86	EFF.HMENU3.23	stmt-dep	H	OPEN	xref	from:exact,to:stmt	default	EFF-GENIND.md | 4. XREF verification ledger (consolidated, deduplicated) | 41 | `HMENU3_PROOF_2026-08-08.md:HM3-3` | 3 | s1: The n = 3 β-transport instance (`.05`) / s2: `.86`, `.136`, `.138` | s1+s2 
EFF.GENIND.86	EFF.HMENU3.25	stmt-dep	H	OPEN	xref	from:exact,to:stmt	default	EFF-GENIND.md | 4. XREF verification ledger (consolidated, deduplicated) | 42 | `HMENU3_PROOF_2026-08-08.md:HM3-4` | 11 | s1: The n = 3 bracket (q−1)q^{4μ−1} (`.05`, `.09`, `.22`, `.23`) / s2: `.86`, 
EFF.GENIND.87	EFF.JD0.06	stmt-dep	H	OPEN	xref	from:exact,to:gov	default	EFF-GENIND-s2of3.md | 3.1 Verified import/XREF designations | 33–34 | `JD0_PROOF_2026-08-08.md:` `LEMMA J-D0` (4) · `J-D0` (25) | as listed | `.08`, `.13`
EFF.GENIND.87	EFF.JD0.33	stmt-dep	H	OPEN	xref	from:exact,to:stmt	statement-hit	EFF-GENIND.md | 4. XREF verification ledger (consolidated, deduplicated) | 48 | `JD0_PROOF_2026-08-08.md:J-D0` | 25 | s1: Same, in the note's short form (`.70`) / s2: `.82`, `.87` / s3: Letter-blindne
EFF.GENIND.88	EFF.GRTJC.54	stmt-dep	H	OPEN	xref	from:exact,to:stmt	statement-hit	EFF-GENIND.md | 4. XREF verification ledger (consolidated, deduplicated) | 25 | `GRTJC_PROOF_2026-08-08.md:W-6` | 18 | s1: Carry-corpus member (`.05`) / s2: `.82`, `.88` | s1+s2 | **DEDUP**
EFF.GENIND.88	EFF.GRTJC.62	stmt-dep	H	OPEN	xref	from:exact,to:stmt	statement-hit	EFF-GENIND.md | 4. XREF verification ledger (consolidated, deduplicated) | 24 | `GRTJC_PROOF_2026-08-08.md:JC-LOAD` | 31 | s1: No-cancellation across ℤ/E degrees (`.05`, `.67`, `.71`, `.72`) / s2: `.8
EFF.GENIND.88	EFF.GRTJC.84	stmt-dep	H	OPEN	xref	from:exact,to:stmt	default	EFF-GENIND.md | 4. XREF verification ledger (consolidated, deduplicated) | 26 | `GRTJC_PROOF_2026-08-08.md:W-8` | 35 | s1: No-cancellation warrant (`.05`, `.67`, `.72`) / s2: `.82`, `.88` | s1+s2 | **
EFF.GENIND.88	EFF.GRTJC.89	stmt-dep	H	OPEN	xref	from:exact,to:stmt	statement-hit	EFF-GENIND.md | 4. XREF verification ledger (consolidated, deduplicated) | 27 | `GRTJC_PROOF_2026-08-08.md:W-9` | 13 | s1: The ℤ/E carry grading (`.05`, `.67`, `.68`, `.71`, `.74`) / s2: `.82`, `.88` 
EFF.GENIND.88	EFF.GRTJC.91	stmt-dep	H	OPEN	xref	from:exact,to:stmt	statement-hit	EFF-GENIND.md | 4. XREF verification ledger (consolidated, deduplicated) | 23 | `GRTJC_PROOF_2026-08-08.md:JC-F1` | 18 | s1: The finding paired with COROLLARY W-9 (`.67`) / s2: `.82`, `.88` / s3: Same
EFF.GENIND.89	EFF.W12.s1of2.09	stmt-dep	H	OPEN	xref	from:exact,to:stmt	default	EFF-GENIND.md | 4. XREF verification ledger (consolidated, deduplicated) | 62 | `W12_PROOF_2026-08-08.md:THEOREM W-12.A` | 8 | s1: Order-1 decided-shape law at every degree — the induction's leaves (`
EFF.GENIND.89	EFF.W12.s1of2.10	stmt-dep	H	OPEN	xref	from:exact,to:stmt	default	EFF-GENIND.md | 4. XREF verification ledger (consolidated, deduplicated) | 64 | `W12_PROOF_2026-08-08.md:W-12.B` | 19 | s2: `.81`, `.83`, `.85`, `.89`, `.93`, `.94`, `.123`, `.136`, `.138` | s2 | —
EFF.GENIND.89	EFF.W12.s1of2.12	stmt-dep	H	OPEN	xref	from:exact,to:stmt	default	EFF-GENIND.md | 4. XREF verification ledger (consolidated, deduplicated) | 63 | `W12_PROOF_2026-08-08.md:THEOREM W-12.D` | 5 | s1: The reduction fired at Step 5 (`.60`); the whole uniformity consequen
EFF.GENIND.89	EFF.W12.s1of2.27	stmt-dep	H	OPEN	xref	from:exact,to:stmt	default	EFF-GENIND.md | 4. XREF verification ledger (consolidated, deduplicated) | 58 | `W12_PROOF_2026-08-08.md:S2.3` | 35 (upper bound)!=35 | s1: Certificate transport at simple leaves (`.44`, `.56`) / s2: 
EFF.GENIND.89	EFF.W12.s1of2.29	stmt-dep	H	OPEN	xref	from:exact,to:stmt	default	EFF-GENIND.md | 4. XREF verification ledger (consolidated, deduplicated) | 59 | `W12_PROOF_2026-08-08.md:S2.4` | 10 | s2: `.81`, `.83`, `.85`, `.89`, `.93`, `.94`, `.123`, `.136`, `.138` | s2 | —
EFF.GENIND.89	EFF.W12.s1of2.31	stmt-dep	H	OPEN	xref	from:exact,to:stmt	default	EFF-GENIND.md | 4. XREF verification ledger (consolidated, deduplicated) | 60 | `W12_PROOF_2026-08-08.md:S2.5` | 9 | s1: The QRT-G2 opening law, PROVED at the w12 seal (`.11`, `.47`, `.48`, `.68`) / s
EFF.GENIND.89	EFF.W12.s1of2.32	stmt-dep	H	OPEN	xref	from:exact,to:stmt	default	EFF-GENIND.md | 4. XREF verification ledger (consolidated, deduplicated) | 66 | `W12_PROOF_2026-08-08.md:W12-L0` | 32 | s1: History-resolved n = 2 menus; P(2) base; GENIND-5's stage laws (`.05`, `.15`
EFF.GENIND.89	EFF.W12.s1of2.34	stmt-dep	H	OPEN	xref	from:exact,to:stmt	default	EFF-GENIND.md | 4. XREF verification ledger (consolidated, deduplicated) | 67 | `W12_PROOF_2026-08-08.md:W12-L1` | 30 | s1: (a) the level-0 product re-entry; (b) letters move by a unit, hulls do not (
EFF.GENIND.89	EFF.W12.s1of2.42	stmt-dep	H	OPEN	xref	from:exact,to:stmt	default	EFF-GENIND.md | 4. XREF verification ledger (consolidated, deduplicated) | 61 | `W12_PROOF_2026-08-08.md:S3.4` | 11 | s1: The δ-substitution instance; boundary-family routing (`.30`, `.57`) / s2: `.81
EFF.GENIND.89	EFF.W12.s1of2.49	stmt-dep	H	OPEN	xref	from:exact,to:stmt	default	EFF-GENIND.md | 4. XREF verification ledger (consolidated, deduplicated) | 65 | `W12_PROOF_2026-08-08.md:W12-BOX-1` | 10 | s2: `.81`, `.83`, `.85`, `.89`, `.93`, `.94`, `.123`, `.136`, `.138` / s3: Th
EFF.GENIND.90	EFF.GENH4.07	stmt-dep	H	OPEN	xref	from:exact,to:stmt	default	EFF-GENIND.md | 4. XREF verification ledger (consolidated, deduplicated) | 8 | `GENH4_PROOF_2026-08-08.md:Q22-L1` | 7 | s1: GENH4.A's scout-side name (`.59`, `.66`) / s2: `.90`, `.92`, `.108`, `.136`,
EFF.GENIND.90	EFF.GENH4.10	stmt-dep	H	OPEN	xref	from:exact,to:stmt	statement-hit	EFF-GENIND.md | 4. XREF verification ledger (consolidated, deduplicated) | 4 | `GENH4_PROOF_2026-08-08.md:GENH4-BOX-7` | 1 | s2: `.90`, `.92`, `.108`, `.136`, `.138`, `.139` | s2 | —
EFF.GENIND.90	EFF.GENH4.11	stmt-dep	H	OPEN	xref	from:exact,to:stmt	default	EFF-GENIND.md | 4. XREF verification ledger (consolidated, deduplicated) | 6 | `GENH4_PROOF_2026-08-08.md:GENH4.C` | 11 | s2: `.90`, `.92`, `.108`, `.136`, `.138`, `.139` | s2 | —
EFF.GENIND.90	EFF.GENH4.15	stmt-dep	H	OPEN	xref	from:exact,to:stmt	default	EFF-GENIND.md | 4. XREF verification ledger (consolidated, deduplicated) | 2 | `GENH4_PROOF_2026-08-08.md:GENH4-1F` | 10 | s1: Menu-half companion (`.59`, `.66`) / s2: `.90`, `.92`, `.108`, `.136`, `.
EFF.GENIND.90	EFF.GENH4.84	stmt-dep	H	OPEN	xref	from:exact,to:stmt	default	EFF-GENIND.md | 4. XREF verification ledger (consolidated, deduplicated) | 1 | `GENH4_PROOF_2026-08-08.md:ANNEX-LEMMA GENH4-7` | 11 | s2: `.90`, `.92`, `.108`, `.136`, `.138`, `.139` | s2 | —
EFF.GENIND.90	EXT:QSCOUT22_2026-08-08.md	stmt-dep	H	OPEN	xref	from:exact,to:ext	default	EFF-GENIND.md | 4. XREF verification ledger (consolidated, deduplicated) | 50 | `QSCOUT22_2026-08-08.md:GENRE E` | 2 | s1: The (2,2)-E scout table; prediction target (`.03`, `.48`, `.68`, `.73`) / s2:
EFF.GENIND.91	EFF.GENHN.07	stmt-dep	H	OPEN	xref	from:exact,to:gov	default	EFF-GENIND-s2of3.md | 3.1 Verified import/XREF designations | 41–48 | `GENHN_PROOF_2026-08-08.md:` `GENHN.A(i)` (11) · `GENHN.A(iv)` (3) · `GENHN.A(v)` (6) · `LEMMA GENHN-3` (3) · `S6.2` (6) · `S11.F`
EFF.GENIND.91	EFF.GENHN.11	stmt-dep	H	OPEN	xref	from:exact,to:stmt	statement-hit	EFF-GENIND.md | 4. XREF verification ledger (consolidated, deduplicated) | 14 | `GENHN_PROOF_2026-08-08.md:GENHN.A(iv)` | 3 | s1: The stage node floor κ ≥ S_b + 1 (`.35`) / s2: `.91`, `.92`, `.106`, `
EFF.GENIND.91	EFF.GENHN.29	stmt-dep	H	OPEN	xref	from:exact,to:stmt	statement-hit	EFF-GENIND.md | 4. XREF verification ledger (consolidated, deduplicated) | 17 | `GENHN_PROOF_2026-08-08.md:LEMMA GENHN-3` | 3 | s1: Ragged-band confinement (`.57`, `.63`) / s2: `.91`, `.92`, `.106`, `
EFF.GENIND.91	EFF.GENHN.36	stmt-dep	H	OPEN	xref	from:exact,to:stmt	statement-hit	EFF-GENIND.md | 4. XREF verification ledger (consolidated, deduplicated) | 20 | `GENHN_PROOF_2026-08-08.md:S6.2` | 6 | s1: The ghost × letter reconciliation (`.64`) / s2: `.91`, `.92`, `.106`, `.136`,
EFF.GENIND.91	EFF.GENHN.37	stmt-dep	H	OPEN	xref	from:exact,to:stmt	statement-hit	EFF-GENIND.md | 4. XREF verification ledger (consolidated, deduplicated) | 21 | `GENHN_PROOF_2026-08-08.md:S6.3` | 3 | s1: The general-genre exactness shape (`.57`, `.59`) / s2: `.91`, `.92`, `.106`, 
EFF.GENIND.91	EFF.GENHN.68	stmt-dep	H	OPEN	xref	from:exact,to:stmt	statement-hit	EFF-GENIND.md | 4. XREF verification ledger (consolidated, deduplicated) | 19 | `GENHN_PROOF_2026-08-08.md:S11.F` | 10 | s1: The per-coefficient certified-window computation (`.34`) / s2: `.91`, `.92`
EFF.GENIND.91	EFF.GENHN.86	stmt-dep	H	OPEN	xref	from:exact,to:stmt	default	EFF-GENIND.md | 4. XREF verification ledger (consolidated, deduplicated) | 16 | `GENHN_PROOF_2026-08-08.md:GENHN.C` | 19 | s1: Named in the W-12 r4 FIRING CHECK geography (`.15`) / s2: `.91`, `.92`, `
EFF.GENIND.91	EFF.GENHN.90	stmt-dep	H	OPEN	xref	from:exact,to:stmt	default	EFF-GENIND.md | 4. XREF verification ledger (consolidated, deduplicated) | 15 | `GENHN_PROOF_2026-08-08.md:GENHN.A(v)` | 6 | s1: The ragged-window-corrected stage read (`.37`, `.63`) / s2: `.91`, `.92
EFF.GENIND.92	EFF.GENH4.07	stmt-dep	H	OPEN	xref	from:exact,to:stmt	statement-hit	EFF-GENIND.md | 4. XREF verification ledger (consolidated, deduplicated) | 8 | `GENH4_PROOF_2026-08-08.md:Q22-L1` | 7 | s1: GENH4.A's scout-side name (`.59`, `.66`) / s2: `.90`, `.92`, `.108`, `.136`,
EFF.GENIND.92	EFF.GENH4.10	stmt-dep	H	OPEN	xref	from:exact,to:stmt	statement-hit	EFF-GENIND.md | 4. XREF verification ledger (consolidated, deduplicated) | 9 | `GENH4_PROOF_2026-08-08.md:Q22-L3` | 3 | s1: GENH4.B's scout-side name (`.59`, `.66`) / s2: `.90`, `.92`, `.108`, `.136`,
EFF.GENIND.92	EFF.GENH4.11	stmt-dep	H	OPEN	xref	from:exact,to:stmt	default	EFF-GENIND.md | 4. XREF verification ledger (consolidated, deduplicated) | 6 | `GENH4_PROOF_2026-08-08.md:GENH4.C` | 11 | s2: `.90`, `.92`, `.108`, `.136`, `.138`, `.139` | s2 | —
EFF.GENIND.92	EFF.GENH4.15	stmt-dep	H	OPEN	xref	from:exact,to:stmt	statement-hit	EFF-GENIND.md | 4. XREF verification ledger (consolidated, deduplicated) | 2 | `GENH4_PROOF_2026-08-08.md:GENH4-1F` | 10 | s1: Menu-half companion (`.59`, `.66`) / s2: `.90`, `.92`, `.108`, `.136`, `.
EFF.GENIND.92	EFF.GENH4.84	stmt-dep	H	OPEN	xref	from:exact,to:stmt	statement-hit	EFF-GENIND.md | 4. XREF verification ledger (consolidated, deduplicated) | 1 | `GENH4_PROOF_2026-08-08.md:ANNEX-LEMMA GENH4-7` | 11 | s2: `.90`, `.92`, `.108`, `.136`, `.138`, `.139` | s2 | —
EFF.GENIND.92	EFF.GENHN.07	stmt-dep	H	OPEN	xref	from:exact,to:gov	default	EFF-GENIND-s2of3.md | 3.1 Verified import/XREF designations | 41–48 | `GENHN_PROOF_2026-08-08.md:` `GENHN.A(i)` (11) · `GENHN.A(iv)` (3) · `GENHN.A(v)` (6) · `LEMMA GENHN-3` (3) · `S6.2` (6) · `S11.F`
EFF.GENIND.92	EFF.GENHN.11	stmt-dep	H	OPEN	xref	from:exact,to:stmt	statement-hit	EFF-GENIND.md | 4. XREF verification ledger (consolidated, deduplicated) | 14 | `GENHN_PROOF_2026-08-08.md:GENHN.A(iv)` | 3 | s1: The stage node floor κ ≥ S_b + 1 (`.35`) / s2: `.91`, `.92`, `.106`, `
EFF.GENIND.92	EFF.GENHN.29	stmt-dep	H	OPEN	xref	from:exact,to:stmt	statement-hit	EFF-GENIND.md | 4. XREF verification ledger (consolidated, deduplicated) | 17 | `GENHN_PROOF_2026-08-08.md:LEMMA GENHN-3` | 3 | s1: Ragged-band confinement (`.57`, `.63`) / s2: `.91`, `.92`, `.106`, `
EFF.GENIND.92	EFF.GENHN.36	stmt-dep	H	OPEN	xref	from:exact,to:stmt	statement-hit	EFF-GENIND.md | 4. XREF verification ledger (consolidated, deduplicated) | 13 | `GENHN_PROOF_2026-08-08.md:GENHN.A(i)` | 11 | s2: `.91`, `.92`, `.106`, `.136`, `.138`, `.144` / s3: Screened in the sev
EFF.GENIND.92	EFF.GENHN.37	stmt-dep	H	OPEN	xref	from:exact,to:stmt	default	EFF-GENIND.md | 4. XREF verification ledger (consolidated, deduplicated) | 21 | `GENHN_PROOF_2026-08-08.md:S6.3` | 3 | s1: The general-genre exactness shape (`.57`, `.59`) / s2: `.91`, `.92`, `.106`, 
EFF.GENIND.92	EFF.GENHN.68	stmt-dep	H	OPEN	xref	from:exact,to:stmt	default	EFF-GENIND.md | 4. XREF verification ledger (consolidated, deduplicated) | 19 | `GENHN_PROOF_2026-08-08.md:S11.F` | 10 | s1: The per-coefficient certified-window computation (`.34`) / s2: `.91`, `.92`
EFF.GENIND.92	EFF.GENHN.86	stmt-dep	H	OPEN	xref	from:exact,to:stmt	default	EFF-GENIND.md | 4. XREF verification ledger (consolidated, deduplicated) | 16 | `GENHN_PROOF_2026-08-08.md:GENHN.C` | 19 | s1: Named in the W-12 r4 FIRING CHECK geography (`.15`) / s2: `.91`, `.92`, `
EFF.GENIND.92	EFF.GENHN.90	stmt-dep	H	OPEN	xref	from:exact,to:stmt	default	EFF-GENIND.md | 4. XREF verification ledger (consolidated, deduplicated) | 15 | `GENHN_PROOF_2026-08-08.md:GENHN.A(v)` | 6 | s1: The ragged-window-corrected stage read (`.37`, `.63`) / s2: `.91`, `.92
EFF.GENIND.93	EFF.W12.s1of2.09	stmt-dep	H	OPEN	xref	from:exact,to:stmt	default	EFF-GENIND.md | 4. XREF verification ledger (consolidated, deduplicated) | 62 | `W12_PROOF_2026-08-08.md:THEOREM W-12.A` | 8 | s1: Order-1 decided-shape law at every degree — the induction's leaves (`
EFF.GENIND.93	EFF.W12.s1of2.10	stmt-dep	H	OPEN	xref	from:exact,to:stmt	default	EFF-GENIND.md | 4. XREF verification ledger (consolidated, deduplicated) | 64 | `W12_PROOF_2026-08-08.md:W-12.B` | 19 | s2: `.81`, `.83`, `.85`, `.89`, `.93`, `.94`, `.123`, `.136`, `.138` | s2 | —
EFF.GENIND.93	EFF.W12.s1of2.12	stmt-dep	H	OPEN	xref	from:exact,to:stmt	default	EFF-GENIND.md | 4. XREF verification ledger (consolidated, deduplicated) | 63 | `W12_PROOF_2026-08-08.md:THEOREM W-12.D` | 5 | s1: The reduction fired at Step 5 (`.60`); the whole uniformity consequen
EFF.GENIND.93	EFF.W12.s1of2.27	stmt-dep	H	OPEN	xref	from:exact,to:stmt	default	EFF-GENIND.md | 4. XREF verification ledger (consolidated, deduplicated) | 58 | `W12_PROOF_2026-08-08.md:S2.3` | 35 (upper bound)!=35 | s1: Certificate transport at simple leaves (`.44`, `.56`) / s2: 
EFF.GENIND.93	EFF.W12.s1of2.29	stmt-dep	H	OPEN	xref	from:exact,to:stmt	default	EFF-GENIND.md | 4. XREF verification ledger (consolidated, deduplicated) | 59 | `W12_PROOF_2026-08-08.md:S2.4` | 10 | s2: `.81`, `.83`, `.85`, `.89`, `.93`, `.94`, `.123`, `.136`, `.138` | s2 | —
EFF.GENIND.93	EFF.W12.s1of2.31	stmt-dep	H	OPEN	xref	from:exact,to:stmt	default	EFF-GENIND.md | 4. XREF verification ledger (consolidated, deduplicated) | 60 | `W12_PROOF_2026-08-08.md:S2.5` | 9 | s1: The QRT-G2 opening law, PROVED at the w12 seal (`.11`, `.47`, `.48`, `.68`) / s
EFF.GENIND.93	EFF.W12.s1of2.32	stmt-dep	H	OPEN	xref	from:exact,to:stmt	default	EFF-GENIND.md | 4. XREF verification ledger (consolidated, deduplicated) | 66 | `W12_PROOF_2026-08-08.md:W12-L0` | 32 | s1: History-resolved n = 2 menus; P(2) base; GENIND-5's stage laws (`.05`, `.15`
EFF.GENIND.93	EFF.W12.s1of2.34	stmt-dep	H	OPEN	xref	from:exact,to:stmt	default	EFF-GENIND.md | 4. XREF verification ledger (consolidated, deduplicated) | 67 | `W12_PROOF_2026-08-08.md:W12-L1` | 30 | s1: (a) the level-0 product re-entry; (b) letters move by a unit, hulls do not (
EFF.GENIND.93	EFF.W12.s1of2.42	stmt-dep	H	OPEN	xref	from:exact,to:stmt	default	EFF-GENIND.md | 4. XREF verification ledger (consolidated, deduplicated) | 61 | `W12_PROOF_2026-08-08.md:S3.4` | 11 | s1: The δ-substitution instance; boundary-family routing (`.30`, `.57`) / s2: `.81
EFF.GENIND.93	EFF.W12.s1of2.49	stmt-dep	H	OPEN	xref	from:exact,to:stmt	default	EFF-GENIND.md | 4. XREF verification ledger (consolidated, deduplicated) | 65 | `W12_PROOF_2026-08-08.md:W12-BOX-1` | 10 | s2: `.81`, `.83`, `.85`, `.89`, `.93`, `.94`, `.123`, `.136`, `.138` / s3: Th
EFF.GENIND.94	EFF.W11.39	stmt-dep	H	OPEN	xref	from:exact,to:stmt	statement-hit	EFF-GENIND.md | 4. XREF verification ledger (consolidated, deduplicated) | 54 | `W11_PROOF_2026-08-08.md:THEOREM W-11` | 3 | s1: P(2) base (`.15`) / s2: `.84`, `.94`, `.136` / s3: The supply consumed 
EFF.GENIND.94	EFF.W12.s1of2.09	stmt-dep	H	OPEN	xref	from:exact,to:stmt	statement-hit	EFF-GENIND.md | 4. XREF verification ledger (consolidated, deduplicated) | 62 | `W12_PROOF_2026-08-08.md:THEOREM W-12.A` | 8 | s1: Order-1 decided-shape law at every degree — the induction's leaves (`
EFF.GENIND.94	EFF.W12.s1of2.10	stmt-dep	H	OPEN	xref	from:exact,to:stmt	default	EFF-GENIND.md | 4. XREF verification ledger (consolidated, deduplicated) | 64 | `W12_PROOF_2026-08-08.md:W-12.B` | 19 | s2: `.81`, `.83`, `.85`, `.89`, `.93`, `.94`, `.123`, `.136`, `.138` | s2 | —
EFF.GENIND.94	EFF.W12.s1of2.12	stmt-dep	H	OPEN	xref	from:exact,to:stmt	statement-hit	EFF-GENIND.md | 4. XREF verification ledger (consolidated, deduplicated) | 63 | `W12_PROOF_2026-08-08.md:THEOREM W-12.D` | 5 | s1: The reduction fired at Step 5 (`.60`); the whole uniformity consequen
EFF.GENIND.94	EFF.W12.s1of2.27	stmt-dep	H	OPEN	xref	from:exact,to:stmt	default	EFF-GENIND.md | 4. XREF verification ledger (consolidated, deduplicated) | 58 | `W12_PROOF_2026-08-08.md:S2.3` | 35 (upper bound)!=35 | s1: Certificate transport at simple leaves (`.44`, `.56`) / s2: 
EFF.GENIND.94	EFF.W12.s1of2.29	stmt-dep	H	OPEN	xref	from:exact,to:stmt	default	EFF-GENIND.md | 4. XREF verification ledger (consolidated, deduplicated) | 59 | `W12_PROOF_2026-08-08.md:S2.4` | 10 | s2: `.81`, `.83`, `.85`, `.89`, `.93`, `.94`, `.123`, `.136`, `.138` | s2 | —
EFF.GENIND.94	EFF.W12.s1of2.31	stmt-dep	H	OPEN	xref	from:exact,to:stmt	default	EFF-GENIND.md | 4. XREF verification ledger (consolidated, deduplicated) | 60 | `W12_PROOF_2026-08-08.md:S2.5` | 9 | s1: The QRT-G2 opening law, PROVED at the w12 seal (`.11`, `.47`, `.48`, `.68`) / s
EFF.GENIND.94	EFF.W12.s1of2.32	stmt-dep	H	OPEN	xref	from:exact,to:stmt	default	EFF-GENIND.md | 4. XREF verification ledger (consolidated, deduplicated) | 66 | `W12_PROOF_2026-08-08.md:W12-L0` | 32 | s1: History-resolved n = 2 menus; P(2) base; GENIND-5's stage laws (`.05`, `.15`
EFF.GENIND.94	EFF.W12.s1of2.34	stmt-dep	H	OPEN	xref	from:exact,to:stmt	default	EFF-GENIND.md | 4. XREF verification ledger (consolidated, deduplicated) | 67 | `W12_PROOF_2026-08-08.md:W12-L1` | 30 | s1: (a) the level-0 product re-entry; (b) letters move by a unit, hulls do not (
EFF.GENIND.94	EFF.W12.s1of2.42	stmt-dep	H	OPEN	xref	from:exact,to:stmt	default	EFF-GENIND.md | 4. XREF verification ledger (consolidated, deduplicated) | 61 | `W12_PROOF_2026-08-08.md:S3.4` | 11 | s1: The δ-substitution instance; boundary-family routing (`.30`, `.57`) / s2: `.81
EFF.GENIND.94	EFF.W12.s1of2.49	stmt-dep	H	OPEN	xref	from:exact,to:stmt	default	EFF-GENIND.md | 4. XREF verification ledger (consolidated, deduplicated) | 65 | `W12_PROOF_2026-08-08.md:W12-BOX-1` | 10 | s2: `.81`, `.83`, `.85`, `.89`, `.93`, `.94`, `.123`, `.136`, `.138` / s3: Th
EFF.GENIND.96	EFF.HEX3.08	stmt-dep	H	OPEN	xref	from:exact,to:stmt	default	EFF-GENIND.md | 4. XREF verification ledger (consolidated, deduplicated) | 37 | `HEX3_PROOF_2026-08-08.md:THEOREM HEX3.A` | 11 | s1: The n = 3 exact law (consumed by ANNEX R R1's rate leg; named in ra
EFF.GENIND.96	EFF.HEX3.13	stmt-dep	H	OPEN	xref	from:exact,to:stmt	default	EFF-GENIND.md | 4. XREF verification ledger (consolidated, deduplicated) | 29 | `HEX3_PROOF_2026-08-08.md:H-1` | 5 | s1: Depth-0 partition; the n = 3 instance of GENIND-1(i) (`.05`, `.20`) / s2: `.76`
EFF.GENIND.96	EFF.HEX3.16	stmt-dep	H	OPEN	xref	from:exact,to:stmt	default	EFF-GENIND.md | 4. XREF verification ledger (consolidated, deduplicated) | 30 | `HEX3_PROOF_2026-08-08.md:H-2` | 11 | s1: α-transport (i)(ii)(iii); the n = 3 instance of GENIND-1(ii)/GENIND-2(a) (`.05
EFF.GENIND.96	EFF.HEX3.19	stmt-dep	H	OPEN	xref	from:exact,to:stmt	default	EFF-GENIND.md | 4. XREF verification ledger (consolidated, deduplicated) | 31 | `HEX3_PROOF_2026-08-08.md:H-3` | 5 | s1: The three β routes (`.05`, `.24`) / s2: `.76`, `.78`, `.80`, `.85`, `.96`, `.10
EFF.GENIND.96	EFF.HEX3.20	stmt-dep	H	OPEN	xref	from:exact,to:stmt	statement-hit	EFF-GENIND.md | 4. XREF verification ledger (consolidated, deduplicated) | 35 | `HEX3_PROOF_2026-08-08.md:R(M)` | 21 | s1: The n = 2 drain law consumed by the β drain composition (`.25`, `.45`) / s2: 
EFF.GENIND.96	EFF.HEX3.26	stmt-dep	H	OPEN	xref	from:exact,to:stmt	default	EFF-GENIND.md | 4. XREF verification ledger (consolidated, deduplicated) | 32 | `HEX3_PROOF_2026-08-08.md:H-4` | 2 | s1: The n = 3 scaffold instance list (`.05`) / s2: `.76`, `.78`, `.80`, `.85`, `.96
EFF.GENIND.96	EFF.HEX3.28	stmt-dep	H	OPEN	xref	from:exact,to:stmt	default	EFF-GENIND.md | 4. XREF verification ledger (consolidated, deduplicated) | 36 | `HEX3_PROOF_2026-08-08.md:S5.1` | 9 | s1: The n = 3 closed forms tied by GT-N3TIE (`.20`, `.45`) / s2: `.76`, `.78`, `.8
EFF.GENIND.96	EFF.HEX3.31	stmt-dep	H	OPEN	xref	from:exact,to:stmt	default	EFF-GENIND.md | 4. XREF verification ledger (consolidated, deduplicated) | 38 | `HEX3_PROOF_2026-08-08.md:THEOREM HEX3.B` | 8 | s1: The n = 3 rate — the species (A2-RATE) generalizes (`.45`, `.46`) / 
EFF.GENIND.96	EFF.HEX3.37	stmt-dep	H	OPEN	xref	from:exact,to:stmt	default	EFF-GENIND.md | 4. XREF verification ledger (consolidated, deduplicated) | 33 | `HEX3_PROOF_2026-08-08.md:HEX3-BOX-1` | 11 | s2: `.76`, `.78`, `.80`, `.85`, `.96`, `.103`, `.136` | s2 | —
EFF.GENIND.96	EFF.HEX3.38	stmt-dep	H	OPEN	xref	from:exact,to:stmt	default	EFF-GENIND.md | 4. XREF verification ledger (consolidated, deduplicated) | 34 | `HEX3_PROOF_2026-08-08.md:HEX3-BOX-2` | 4 | s1: The ledger-compression pricing precedent (`.10`, `.26`, `.42`) / s2: `.7
EFF.GENTOW1.01	EFF.GENHN.54	stmt-dep	C	OPEN	xref	from:exact,to:stmt	statement-hit	EFF-GENTOW1.md | 3.1 Designation XREFs | X01 | `GENHN_PROOF_2026-08-08.md` | `GENHN-TOW-1` | **19** | — | the box this note attacks (`.01`, `.46`)
EFF.GENTOW1.06	EFF.GENHN.07	stmt-dep	C	OPEN	xref	from:exact,to:gov	default	EFF-GENTOW1.md | 3.3 Verified NEGATIVE edges | N2 | `grep -cF '59c1966' GENHN_PROOF_2026-08-08.md` | **0** | GENHN's own erratum is not self-identified by that commit hash inside GENHN — the citation 
EFF.GENTOW1.15	EFF.GENTOW5.s1of2.06	stmt-dep	C	OPEN	xref	from:gov,to:gov	default	EFF-GENTOW1.md | 3.1 Designation XREFs | X02a | same | `# GENTOW-5: the composed graded frame at general mu2 (GENTOW-BOX-1)` | 1 | 1 | the retiring note's own title names the box
EFF.GENTOW1.46	EFF.GENHN.54	stmt-dep	C	OPEN	xref	from:exact,to:stmt	statement-hit	EFF-GENTOW1.md | 3.1 Designation XREFs | X01 | `GENHN_PROOF_2026-08-08.md` | `GENHN-TOW-1` | **19** | — | the box this note attacks (`.01`, `.46`)
EFF.GENTOW1.47	EFF.GENTOW5.s1of2.06	stmt-dep	C	OPEN	xref	from:exact,to:gov	default	EFF-GENTOW1.md | 3.1 Designation XREFs | X02 | `GENTOW5_PROOF_2026-08-09.md` | ` | (1) | GENTOW-BOX-1 disposition | RETIRED into GENTOW5-A's pin stack (S1.5) | ` | 1 | 112 | the BOX-1 retirement targe
EFF.GENTOW1.49	EFF.GENHN.07	stmt-dep	C	OPEN	xref	from:exact,to:gov	default	EFF-GENTOW1.md | 3.3 Verified NEGATIVE edges | N2 | `grep -cF '59c1966' GENHN_PROOF_2026-08-08.md` | **0** | GENHN's own erratum is not self-identified by that commit hash inside GENHN — the citation 
EFF.GENTOW1.50	EFF.GENHN.07	stmt-dep	C	OPEN	xref	from:exact,to:gov	default	EFF-GENTOW1.md | 3.3 Verified NEGATIVE edges | N1 | `grep -cF 'GENTOW' GENHN_PROOF_2026-08-08.md` | **0** | the consumption path (`.50`) is verifiably NOT EXECUTED; GENHN carries no reference to this 
EFF.GENTOW1.60	EFF.GENTOW5.s1of2.06	stmt-dep	C	OPEN	xref	from:exact,to:gov	default	EFF-GENTOW1.md | 3.1 Designation XREFs | X03 | `verification/openmath/hetowr1_supp.py` | ` def i(self, k): return k % self.e1` | 1 | **102** | the PE3 cure's source citation (`.60`)
EFF.GENTOW3.18	EFF.GENHN.54	stmt-dep	C	OPEN	xref	from:gov,to:stmt	default	EFF-GENTOW3.md | 3.1 Designation XREFs | X01 | `GENHN_PROOF_2026-08-08.md` | `GENHN-TOW-1` | **19** | the box; item (3) is this note's charge
EFF.GENTOW3.18	EFF.GENTOW1.15	stmt-dep	C	OPEN	xref	from:gov,to:gov	default	EFF-GENTOW3.md | 3.1 Designation XREFs | X05 | `GENTOW1_PROOF_2026-08-09.md` | exists; supplies LEMMA GENTOW-1/5 and the imported families | — | the note's principal proof-side import
EFF.GENTOW3.42	EFF.GENHN.07	stmt-dep	C	OPEN	xref	from:exact,to:gov	default	EFF-GENTOW3.md | 3.3 Verified NEGATIVE edges | N1 | `grep -cF 'GENTOW' GENHN_PROOF_2026-08-08.md` | **0** | the item-(3) discharge AND the (iv)-sentence upgrade are both UNLANDED (`.42`)
EFF.GENTOW3.52	EFF.GENTOW6.12	stmt-dep	C	OPEN	xref	from:exact,to:gov	default	EFF-GENTOW3.md | 3.1 Designation XREFs | X02 | `GENTOW6_PROOF_2026-08-09.md` | exists; named by the r2 consumer walk as “the one downstream consumer of (iv)-adjacent content” | — | consumer-walk targe
EFF.GENTOW4.04	EFF.HETOW.22	stmt-dep	C	OPEN	xref	from:exact,to:gov	default	EFF-GENTOW4.md | 3.1 Designation XREFs | X05 | `HETOW_RECON_2026-08-09.md`, `HE6R1_RECON_2026-08-08.md`, `HE7_PROOF_2026-08-08.md`, `HE6_PROOF_2026-08-08.md`, `GENTOW1_PROOF_2026-08-09.md` | all exist
EFF.GENTOW4.18	EFF.GENHN.54	stmt-dep	C	OPEN	xref	from:gov,to:stmt	default	EFF-GENTOW4.md | 3.1 Designation XREFs | X01 | `GENHN_PROOF_2026-08-08.md` | `GENHN-TOW-1` | **19** | the box; item (4) is this note's charge
EFF.GENTOW4.40	EFF.GENHN.07	stmt-dep	C	OPEN	xref	from:exact,to:gov	default	EFF-GENTOW4.md | 3.3 Verified NEGATIVE edges | N1 | `grep -cF 'GENTOW' GENHN_PROOF_2026-08-08.md` | **0** | item (4)'s box discharge AND the GENHN.B (CS-3) cite are both UNLANDED (`.40`)
EFF.GENTOW5.s1of2.06	EFF.GENHN.11	stmt-dep	C	OPEN	xref	from:gov,to:stmt	default	EFF-GENTOW5-s1of2.md | 3.1 Verified import/XREF designations | 38 | `GENHN_PROOF_2026-08-08.md:LEMMA GENHN-4` | 3 | Level-1 assembly display; layer-2 substitute in the rider
EFF.GENTOW5.s1of2.06	EFF.GENHN.23	stmt-dep	C	OPEN	xref	from:gov,to:stmt	default	EFF-GENTOW5-s1of2.md | 3.1 Verified import/XREF designations | 46 | `GENHN_PROOF_2026-08-08.md:GENHN-1` | 11 | The bare `[r1]` node-floor erratum's home
EFF.GENTOW5.s1of2.06	EFF.GENHN.27	stmt-dep	C	OPEN	xref	from:gov,to:stmt	default	EFF-GENTOW5-s1of2.md | 3.1 Verified import/XREF designations | 37 | `GENHN_PROOF_2026-08-08.md:GENHN-2` | 28 | The i = 1 base of (SLOT)
EFF.GENTOW5.s1of2.06	EFF.GENHN.33	stmt-dep	C	OPEN	xref	from:gov,to:stmt	default	EFF-GENTOW5-s1of2.md | 3.1 Verified import/XREF designations | 43 | `GENHN_PROOF_2026-08-08.md:COROLLARY W-9` | 3 | The twisted-algebra pin explicitly NOT needed
EFF.GENTOW5.s1of2.06	EFF.GENHN.42	stmt-dep	C	OPEN	xref	from:gov,to:stmt	default	EFF-GENTOW5-s1of2.md | 3.1 Verified import/XREF designations | 39 | `GENHN_PROOF_2026-08-08.md:LEMMA GENHN-T(b)` | 11 | The accepted depth-2 tower datum (i)/(ii)/(iii)
EFF.GENTOW5.s1of2.06	EFF.GENHN.43	stmt-dep	C	OPEN	xref	from:gov,to:stmt	default	EFF-GENTOW5-s1of2.md | 3.1 Verified import/XREF designations | 36 | `GENHN_PROOF_2026-08-08.md:GENHN-2′` | 3 | Exact slot minimum, one digit per height (i = 2 base)
EFF.GENTOW5.s1of2.06	EFF.GENHN.50	stmt-dep	C	OPEN	xref	from:gov,to:stmt	default	EFF-GENTOW5-s1of2.md | 3.1 Verified import/XREF designations | 40 | `GENHN_PROOF_2026-08-08.md:GENHN-BOX-2` | 5 | Retirement condition matched by the level-1 rider; consumption candidate
EFF.GENTOW5.s1of2.06	EFF.GENHN.55	stmt-dep	C	OPEN	xref	from:gov,to:stmt	default	EFF-GENTOW5-s1of2.md | 3.1 Verified import/XREF designations | 45 | `GENHN_PROOF_2026-08-08.md:T22` | 9 | The (T22)-transport for the second wrap letter
EFF.GENTOW5.s1of2.06	EFF.GENTOW1.04	stmt-dep	C	OPEN	xref	from:gov,to:stmt	default	EFF-GENTOW5-s1of2.md | 3.1 Verified import/XREF designations | 3 | `GENTOW1_PROOF_2026-08-09.md:LEMMA GENTOW-5` | 6 | Named in SOURCES CONSUMED
EFF.GENTOW5.s1of2.06	EFF.GENTOW1.11	stmt-dep	C	OPEN	xref	from:gov,to:stmt	default	EFF-GENTOW5-s2of2.md | 3.1 Verified import/XREF designations | 11 | `GENTOW1_PROOF_2026-08-09.md:S2` | 16 | The GENTOW-1 template re-read at source for the (c) re-index
EFF.GENTOW5.s1of2.06	EFF.GENTOW1.15	stmt-dep	C	OPEN	xref	from:gov,to:stmt	default	EFF-GENTOW5-s1of2.md | 3.1 Verified import/XREF designations | 1 | `GENTOW1_PROOF_2026-08-09.md:LEMMA GENTOW-1` | 7 | Budgets template re-based at clause (c)
EFF.GENTOW5.s1of2.06	EFF.GENTOW1.19	stmt-dep	C	OPEN	xref	from:gov,to:stmt	default	EFF-GENTOW5-s1of2.md | 3.1 Verified import/XREF designations | 5 | `GENTOW1_PROOF_2026-08-09.md:Step 0` | 11 | Carry pricing consumed at GENTOW5-A Step B
EFF.GENTOW5.s1of2.06	EFF.GENTOW1.24	stmt-dep	C	OPEN	xref	from:gov,to:stmt	default	EFF-GENTOW5-s1of2.md | 3.1 Verified import/XREF designations | 7 | `GENTOW1_PROOF_2026-08-09.md:Step 5` | 3 | The S4 computation re-run for the second wrap letter
EFF.GENTOW5.s1of2.06	EFF.GENTOW1.27	stmt-dep	C	OPEN	xref	from:gov,to:stmt	default	EFF-GENTOW5-s1of2.md | 3.1 Verified import/XREF designations | 8 | `GENTOW1_PROOF_2026-08-09.md:S3` | 14 | Level-2 normalizers; layers 2/3 at general mu2
EFF.GENTOW5.s1of2.06	EFF.GENTOW1.28	stmt-dep	C	OPEN	xref	from:gov,to:stmt	default	EFF-GENTOW5-s1of2.md | 3.1 Verified import/XREF designations | 2 | `GENTOW1_PROOF_2026-08-09.md:LEMMA GENTOW-2` | 7 | The event setting; layers 2/3 imported, layer 1 is the box
EFF.GENTOW5.s1of2.06	EFF.GENTOW1.47	stmt-dep	C	OPEN	xref	from:gov,to:stmt	default	EFF-GENTOW5-s1of2.md | 3.1 Verified import/XREF designations | 9 | `GENTOW1_PROOF_2026-08-09.md:GENTOW-BOX-1` | 5 | The box this note retires; a consumption candidate
EFF.GENTOW5.s1of2.06	EFF.GENTOW1.48	stmt-dep	C	OPEN	xref	from:gov,to:stmt	default	EFF-GENTOW5-s1of2.md | 3.1 Verified import/XREF designations | 10 | `GENTOW1_PROOF_2026-08-09.md:GENTOW-BOX-2` | 2 | Coverage discipline for constructed frames
EFF.GENTOW5.s1of2.06	EFF.GENTOW1.57	stmt-dep	C	OPEN	xref	from:gov,to:stmt	default	EFF-GENTOW5-s1of2.md | 3.1 Verified import/XREF designations | 6 | `GENTOW1_PROOF_2026-08-09.md:S2 Step 0` | 2 | The i = 2 instance matched by the GENTOW5-D restatement
EFF.GENTOW5.s1of2.06	EFF.HE6.25	stmt-dep	C	OPEN	xref	from:gov,to:stmt	default	EFF-GENTOW5-s1of2.md | 3.1 Verified import/XREF designations | 56 | `HE6_PROOF_2026-08-08.md:LEMMA HE6-1` | 15 | The transport identity in GENTOW5-C's i = 1 base
EFF.GENTOW5.s1of2.06	EFF.HE7.08	stmt-dep	C	OPEN	xref	from:gov,to:stmt	default	EFF-GENTOW5-s1of2.md | 3.1 Verified import/XREF designations | 55 | `HE7_PROOF_2026-08-08.md:HE7-T-BADTWIST` | 7 | The false stronger claim the S2.3 remark fences off
EFF.GENTOW5.s1of2.06	EFF.HE7.107	stmt-dep	C	OPEN	xref	from:gov,to:stmt	default	EFF-GENTOW5-s1of2.md | 3.1 Verified import/XREF designations | 49 | `HE7_PROOF_2026-08-08.md:ANNEX-DEF HE7-2′` | 6 | The normalizer recursion re-based tower-side
EFF.GENTOW5.s1of2.06	EFF.HE7.108	stmt-dep	C	OPEN	xref	from:gov,to:stmt	default	EFF-GENTOW5-s1of2.md | 3.1 Verified import/XREF designations | 50 | `HE7_PROOF_2026-08-08.md:ANNEX-LEMMA R1-a` | 6 | Clause (iii) = the cocycle letter statement
EFF.GENTOW5.s1of2.06	EFF.HE7.110	stmt-dep	C	OPEN	xref	from:gov,to:stmt	default	EFF-GENTOW5-s1of2.md | 3.1 Verified import/XREF designations | 51 | `HE7_PROOF_2026-08-08.md:ANNEX-THEOREM R1-b` | 4 | (SLOT_i) precedent proof
EFF.GENTOW5.s1of2.06	EFF.HE7.111	stmt-dep	C	OPEN	xref	from:gov,to:stmt	default	EFF-GENTOW5-s1of2.md | 3.1 Verified import/XREF designations | 52 | `HE7_PROOF_2026-08-08.md:ANNEX-THEOREM R1-c` | 3 | (LIFT_i) precedent proof + the bound recursion
EFF.GENTOW5.s1of2.06	EFF.HE7.114	stmt-dep	C	OPEN	xref	from:gov,to:stmt	default	EFF-GENTOW5-s1of2.md | 3.1 Verified import/XREF designations | 53 | `HE7_PROOF_2026-08-08.md:R1.2` | 7 | Monomial identity; item 3 (coherence) and item 7 (twist-blindness)
EFF.GENTOW5.s1of2.06	EFF.HE7.15	stmt-dep	C	OPEN	xref	from:gov,to:stmt	default	EFF-GENTOW5-s1of2.md | 3.1 Verified import/XREF designations | 54 | `HE7_PROOF_2026-08-08.md:R1.3` | 5 | The level-3 machine leg named in the pin stack
EFF.GENTOW5.s1of2.06	EFF.JD0.33	stmt-dep	C	OPEN	xref	from:gov,to:stmt	default	EFF-GENTOW5-s1of2.md | 3.1 Verified import/XREF designations | 57 | `JD0_PROOF_2026-08-08.md:J-D0` | 25 | Counts twist-blind / letters re-coordinatize
EFF.GENTOW5.s1of2.06	EXT:CODEX_TOWERRAT2_2026-08-10.md	stmt-dep	C	OPEN	xref	from:gov,to:ext	default	EFF-GENTOW5-s2of2.md | 3.1 Verified import/XREF designations | 14 | `CODEX_TOWERRAT2_2026-08-10.md:A-F1` | 3 | RUN A's CRITICAL finding
EFF.GENTOW5.s1of2.06	EXT:GENTOW2_PROOF_2026-08-09.md	stmt-dep	C	OPEN	xref	from:gov,to:ext	default	EFF-GENTOW5-s1of2.md | 3.1 Verified import/XREF designations | 12 | `GENTOW2_PROOF_2026-08-09.md:THEOREM GENTOW2-A` | 8 | Admissibility quantifier; clause (d)'s i = 2 node data
EFF.GENTOW5.s1of2.06	EXT:GENTOW2_passPE5_report.md	stmt-dep	C	OPEN	xref	from:gov,to:ext	default	EFF-GENTOW5-s2of2.md | 3.1 Verified import/XREF designations | 17 | `GENTOW2_passPE5_report.md:verifiably admissible` | 1 | Admissibility of `ψ₃^{(w)}` for every `w ∈ K₂^×`
EFF.GENTOW5.s1of2.06	EXT:GENTOW2_passPE6_report.md	stmt-dep	C	OPEN	xref	from:gov,to:ext	default	EFF-GENTOW5-s2of2.md | 3.1 Verified import/XREF designations | 18 | `GENTOW2_passPE6_report.md:w-avatar` | 6 | The first measurements of `w` (≠ 1 at every measured prime)
EFF.GENTOW5.s2of2.33	EFF.T3.14	stmt-dep	C	OPEN	reverse-xref	from:stmt,to:gov	default	EFF-T3.md | Reverse-XREFs: GENTOW5 consumers of G5-COND | RX31 | `GENTOW5_PROOF_2026-08-09.md:(a)@n` | 2 | \(\mathcal W_{\le n}\to(a)@n\)
EFF.GENTOW6.12	EFF.GENTOW4.04	stmt-dep	C	OPEN	xref	from:gov,to:stmt	default	EFF-GENTOW6.md | 3.1 Designation XREFs | X08 | `GENTOW4_PROOF_2026-08-09.md`, `GENTOW3_PROOF_2026-08-09.md`, `GENTOW1_PROOF_2026-08-09.md`, `GENTOW2_PROOF_2026-08-09.md`, `HE7_PROOF`, `HE6_PROOF`, `HE
EFF.GENTOW6.12	EFF.GENTOW4.18	stmt-dep	C	OPEN	xref	from:gov,to:gov	default	EFF-GENTOW6.md | 3.3 Verified NEGATIVE edge | N1 | `grep -cF 'GENTOW-6' GENTOW4_PROOF_2026-08-09.md` | **0** | GENTOW4's BOX-1 text is unamended; the closure lives only here (OPEN-CALL 1)
EFF.GENTOW6.12	EFF.GENTOW4.33	stmt-dep	C	OPEN	xref	from:gov,to:stmt	default	EFF-GENTOW6.md | 3.1 Designation XREFs | X08 | `GENTOW4_PROOF_2026-08-09.md`, `GENTOW3_PROOF_2026-08-09.md`, `GENTOW1_PROOF_2026-08-09.md`, `GENTOW2_PROOF_2026-08-09.md`, `HE7_PROOF`, `HE6_PROOF`, `HE
EFF.GENTOW6.12	EFF.GENTOW4.40	stmt-dep	C	OPEN	xref	from:gov,to:stmt	default	EFF-GENTOW6.md | 3.1 Designation XREFs | X08 | `GENTOW4_PROOF_2026-08-09.md`, `GENTOW3_PROOF_2026-08-09.md`, `GENTOW1_PROOF_2026-08-09.md`, `GENTOW2_PROOF_2026-08-09.md`, `HE7_PROOF`, `HE6_PROOF`, `HE
EFF.GENTOW6.12	EFF.GENTOW6.04	stmt-dep	C	OPEN	xref	from:gov,to:stmt	default	EFF-GENTOW6.md | 3.1 Designation XREFs | X07 | `docs/references/fgmn_residual_ideals_1305.0775v3_layout.txt` | the FGMN local print | — | the S1 cite's external source
EFF.GENTOW6.12	HYP.70	stmt-dep	C	OPEN	ledger-index	from:gov,to:ledger	default	EFF-GENTOW6.md | 3.1 Designation XREFs | X04 | same | `HYP.70 \`GENTOW6-BOX-4\` residue` | 1 | WHERE L1249–1255 ✓; **class reclassified to `theorem-strength-residue`, state DISCHARGED**
EFF.GRTJA.01	EXT:GRB_ORDER2_2026-08-05.md	stmt-dep	F	OPEN	xref	from:exact,to:ext	statement-hit	EFF-GRTJA.md | 4.1 Designations and files | X6 | `verification/openmath/grt_ja_checks.py` | the sealed runner | EXISTS ✓ | `.01`, `.19`
EFF.GRTJA.04	EFF.GRTJB.169	stmt-dep	F	OPEN	reverse-xref	from:gov,to:exact	default	EFF-GRTJB-s3of3.md | 3.2 Reverse consumer edges | The sol certifier (gpt-5.6-sol high) | — | `.29`–`.33` | **INBOUND**: two REAL findings against this note's displayed mathematics, adjudicated and fol
EFF.GRTJA.04	EFF.GRTJB.17	stmt-dep	F	OPEN	reverse-xref	from:stmt,to:exact	default	EFF-GRTJB-s1of3.md | 3.2 Reverse consumer edges: mathematical supply versus append protocol | RMENGINE ([RMG]) | `S0.1` (12), `(RM-m)` (11), `L-LINE` (23) | `.17`, `.40`, `.61` | S0.1's `P_l` consumed
EFF.GRTJA.04	EFF.GRTJB.173	stmt-dep	F	OPEN	reverse-xref	from:gov,to:exact	default	EFF-GRTJB-s3of3.md | 3.2 Reverse consumer edges | The sol certifier (gpt-5.6-sol high) | — | `.29`–`.33` | **INBOUND**: two REAL findings against this note's displayed mathematics, adjudicated and fol
EFF.GRTJA.04	EFF.GRTJB.19	stmt-dep	F	OPEN	reverse-xref	from:gov,to:exact	default	EFF-GRTJB-s1of3.md | 3.2 Reverse consumer edges: mathematical supply versus append protocol | LEDGERLAMBDA (LED-Λ) | `LED-Λ(A1)` (5), `λ_E` (10) | `.19`, `.33`, `.61` | Cited ONCE at ATTEMPT grade; th
EFF.GRTJA.04	EFF.GRTJB.20	stmt-dep	F	OPEN	reverse-xref	from:gov,to:exact	default	EFF-GRTJB-s1of3.md | 3.2 Reverse consumer edges: mathematical supply versus append protocol | ITERLAWN ([ILN]†) | `REALIZE` (17), `WELL-DEF` (32) | `.40`, `.20` (row 12) | Consumed as accepted | **Not
EFF.GRTJA.04	EFF.GRTJB.33	stmt-dep	F	OPEN	reverse-xref	from:gov,to:exact	default	EFF-GRTJB-s1of3.md | 3.2 Reverse consumer edges: mathematical supply versus append protocol | LEDGERLAMBDA (LED-Λ) | `LED-Λ(A1)` (5), `λ_E` (10) | `.19`, `.33`, `.61` | Cited ONCE at ATTEMPT grade; th
EFF.GRTJA.04	EFF.GRTJB.36	stmt-dep	F	OPEN	reverse-xref	from:gov,to:exact	default	EFF-GRTJB-s1of3.md | 3.2 Reverse consumer edges: mathematical supply versus append protocol | Downstream: J-C block (W-6..W-9) | — | `.36`, `.37` | §5's germ remark is “the semantic germ the J-C carri
EFF.GRTJA.04	EFF.GRTJB.37	stmt-dep	F	OPEN	reverse-xref	from:gov,to:exact	default	EFF-GRTJB-s1of3.md | 3.2 Reverse consumer edges: mathematical supply versus append protocol | Downstream: J-C block (W-6..W-9) | — | `.36`, `.37` | §5's germ remark is “the semantic germ the J-C carri
EFF.GRTJA.04	EFF.GRTJB.39	stmt-dep	F	OPEN	reverse-xref	from:gov,to:exact	default	EFF-GRTJB-s1of3.md | 3.2 Reverse consumer edges: mathematical supply versus append protocol | GMN print | `docs/references/HigherNewton.tex` | `.39` | Consumed as literature through the SEALED probe t
EFF.GRTJA.04	EFF.GRTJB.40	stmt-dep	F	OPEN	reverse-xref	from:stmt,to:exact	default	EFF-GRTJB-s1of3.md | 3.2 Reverse consumer edges: mathematical supply versus append protocol | RMENGINE ([RMG]) | `S0.1` (12), `(RM-m)` (11), `L-LINE` (23) | `.17`, `.40`, `.61` | S0.1's `P_l` consumed
EFF.GRTJA.04	EFF.GRTW2.04	stmt-dep	F	OPEN	xref	from:exact,to:gov	default	EFF-GRTJA.md | 4.1 Designations and files | X1 | `GRTW2_PROOF_2026-08-08.md` | W-2 clauses 1/2/3, W2-L0/L2/L3, W2-C3, W2-BOX-1, W2-OPEN-2 | EXISTS ✓ | `.04`, `.06`, `.08`, `.11`, `.14`, `.16`, `.21`, 
EFF.GRTJA.06	EFF.GRTW2.04	stmt-dep	F	OPEN	xref	from:exact,to:gov	default	EFF-GRTJA.md | 4.1 Designations and files | X1 | `GRTW2_PROOF_2026-08-08.md` | W-2 clauses 1/2/3, W2-L0/L2/L3, W2-C3, W2-BOX-1, W2-OPEN-2 | EXISTS ✓ | `.04`, `.06`, `.08`, `.11`, `.14`, `.16`, `.21`, 
EFF.GRTJA.07	EFF.GRTJB.14	stmt-dep	F	OPEN	reverse-xref	from:stmt,to:exact	default	EFF-GRTJB-s1of3.md | 3.2 Reverse consumer edges: mathematical supply versus append protocol | GRTJA | `JA-GRID` (11) | `.14`, `.45`, `.52`, `.67` | The `[JA-r1]` proviso is CARRIED; discharged by GRTJ
EFF.GRTJA.07	EFF.GRTJB.45	stmt-dep	F	OPEN	reverse-xref	from:stmt,to:exact	default	EFF-GRTJB-s1of3.md | 3.2 Reverse consumer edges: mathematical supply versus append protocol | GRTJA | `JA-GRID` (11) | `.14`, `.45`, `.52`, `.67` | The `[JA-r1]` proviso is CARRIED; discharged by GRTJ
EFF.GRTJA.07	EFF.GRTJB.52	stmt-dep	F	OPEN	reverse-xref	from:stmt,to:exact	default	EFF-GRTJB-s1of3.md | 3.2 Reverse consumer edges: mathematical supply versus append protocol | GRTJA | `JA-GRID` (11) | `.14`, `.45`, `.52`, `.67` | The `[JA-r1]` proviso is CARRIED; discharged by GRTJ
EFF.GRTJA.07	EFF.GRTJB.67	stmt-dep	F	OPEN	reverse-xref	from:stmt,to:exact	default	EFF-GRTJB-s1of3.md | 3.2 Reverse consumer edges: mathematical supply versus append protocol | GRTJA | `JA-GRID` (11) | `.14`, `.45`, `.52`, `.67` | The `[JA-r1]` proviso is CARRIED; discharged by GRTJ
EFF.GRTJA.08	EFF.GRTW2.04	stmt-dep	F	OPEN	xref	from:exact,to:gov	default	EFF-GRTJA.md | 4.1 Designations and files | X1 | `GRTW2_PROOF_2026-08-08.md` | W-2 clauses 1/2/3, W2-L0/L2/L3, W2-C3, W2-BOX-1, W2-OPEN-2 | EXISTS ✓ | `.04`, `.06`, `.08`, `.11`, `.14`, `.16`, `.21`, 
EFF.GRTJA.11	EFF.GRTW2.04	stmt-dep	F	OPEN	xref	from:exact,to:gov	default	EFF-GRTJA.md | 4.1 Designations and files | X1 | `GRTW2_PROOF_2026-08-08.md` | W-2 clauses 1/2/3, W2-L0/L2/L3, W2-C3, W2-BOX-1, W2-OPEN-2 | EXISTS ✓ | `.04`, `.06`, `.08`, `.11`, `.14`, `.16`, `.21`, 
EFF.GRTJA.12	EXT:GRB_ORDER2_2026-08-05.md	stmt-dep	F	OPEN	xref	from:exact,to:ext	statement-hit	EFF-GRTJA.md | 4.1 Designations and files | X5 | `verification/openmath/grb_order2_check.py` | the N-1 harness | EXISTS ✓ | `.12`
EFF.GRTJA.14	EFF.GRTW2.04	stmt-dep	F	OPEN	xref	from:exact,to:gov	default	EFF-GRTJA.md | 4.1 Designations and files | X1 | `GRTW2_PROOF_2026-08-08.md` | W-2 clauses 1/2/3, W2-L0/L2/L3, W2-C3, W2-BOX-1, W2-OPEN-2 | EXISTS ✓ | `.04`, `.06`, `.08`, `.11`, `.14`, `.16`, `.21`, 
EFF.GRTJA.16	EFF.GRTJB.166	stmt-dep	F	OPEN	reverse-xref	from:stmt,to:exact	default	EFF-GRTJB-s3of3.md | 3.2 Reverse consumer edges | GRTJA | `(R-coll)` (7) | `.26` | **INBOUND**: E-1 propagates a label correction FROM GRTJA's PE2 | Received, not sent
EFF.GRTJA.16	EFF.GRTW2.04	stmt-dep	F	OPEN	xref	from:exact,to:gov	default	EFF-GRTJA.md | 4.1 Designations and files | X1 | `GRTW2_PROOF_2026-08-08.md` | W-2 clauses 1/2/3, W2-L0/L2/L3, W2-C3, W2-BOX-1, W2-OPEN-2 | EXISTS ✓ | `.04`, `.06`, `.08`, `.11`, `.14`, `.16`, `.21`, 
EFF.GRTJA.19	EXT:GRB_ORDER2_2026-08-05.md	stmt-dep	F	OPEN	xref	from:exact,to:ext	default	EFF-GRTJA.md | 4.1 Designations and files | X6 | `verification/openmath/grt_ja_checks.py` | the sealed runner | EXISTS ✓ | `.01`, `.19`
EFF.GRTJA.20	EXT:GRB_ORDER2_2026-08-05.md	stmt-dep	F	OPEN	xref	from:exact,to:ext	default	EFF-GRTJA.md | 4.1 Designations and files | X7 | `verification/openmath/grt_ja_checks_output.txt` / `…_results.json` | the sealed artifacts | both EXIST ✓ | `.19`, `.20`
EFF.GRTJA.21	EFF.GRTJB.16	stmt-dep	F	OPEN	reverse-xref	from:stmt,to:exact	default	EFF-GRTJB-s1of3.md | 3.2 Reverse consumer edges: mathematical supply versus append protocol | GRTW2 (W-2) | `W2-C1` (22), `W2-C3` (22) | `.16`, `.33` | Consumed at the source's own grade; nothing upgr
EFF.GRTJA.21	EFF.GRTJB.167	stmt-dep	F	OPEN	reverse-xref	from:stmt,to:exact	default	EFF-GRTJB-s3of3.md | 3.2 Reverse consumer edges | GRTW2 | `W2-C3` (22) | `.27`, `.28` | **INBOUND**: E-2 propagates a grade re-split FROM GRTW2's r1; `.28` records the supplier's acceptance | Received
EFF.GRTJA.21	EFF.GRTJB.168	stmt-dep	F	OPEN	reverse-xref	from:stmt,to:exact	default	EFF-GRTJB-s3of3.md | 3.2 Reverse consumer edges | GRTW2 | `W2-C3` (22) | `.27`, `.28` | **INBOUND**: E-2 propagates a grade re-split FROM GRTW2's r1; `.28` records the supplier's acceptance | Received
EFF.GRTJA.21	EFF.GRTJB.33	stmt-dep	F	OPEN	reverse-xref	from:stmt,to:exact	default	EFF-GRTJB-s1of3.md | 3.2 Reverse consumer edges: mathematical supply versus append protocol | GRTW2 (W-2) | `W2-C1` (22), `W2-C3` (22) | `.16`, `.33` | Consumed at the source's own grade; nothing upgr
EFF.GRTJA.21	EFF.GRTW2.04	stmt-dep	F	OPEN	xref	from:exact,to:gov	default	EFF-GRTJA.md | 4.1 Designations and files | X1 | `GRTW2_PROOF_2026-08-08.md` | W-2 clauses 1/2/3, W2-L0/L2/L3, W2-C3, W2-BOX-1, W2-OPEN-2 | EXISTS ✓ | `.04`, `.06`, `.08`, `.11`, `.14`, `.16`, `.21`, 
EFF.GRTJA.23	EFF.GRTJA.04	stmt-dep	F	OPEN	xref	from:exact,to:gov	default	EFF-GRTJA.md | 4.1 Designations and files | X8 | `GRTJA_passPE1_report.md` … `GRTJA_passPE6_report.md` | the hostile reports | EXIST ✓ | `.23`
EFF.GRTJA.27	EFF.GRTW2.04	stmt-dep	F	OPEN	xref	from:exact,to:gov	default	EFF-GRTJA.md | 4.1 Designations and files | X1 | `GRTW2_PROOF_2026-08-08.md` | W-2 clauses 1/2/3, W2-L0/L2/L3, W2-C3, W2-BOX-1, W2-OPEN-2 | EXISTS ✓ | `.04`, `.06`, `.08`, `.11`, `.14`, `.16`, `.21`, 
EFF.GRTJA.29	EFF.GRTW2.04	stmt-dep	F	OPEN	xref	from:exact,to:gov	default	EFF-GRTJA.md | 4.1 Designations and files | X1 | `GRTW2_PROOF_2026-08-08.md` | W-2 clauses 1/2/3, W2-L0/L2/L3, W2-C3, W2-BOX-1, W2-OPEN-2 | EXISTS ✓ | `.04`, `.06`, `.08`, `.11`, `.14`, `.16`, `.21`, 
EFF.GRTJA.36	EFF.GRTJA.30	proof-dep	F	OPEN	xref	from:exact,to:stmt	derivation-hit	EFF-GRTJA.md | 4.1 Designations and files | X10 | `runs/cert2/E2_grtja_output.log` | the E2 adjudication | EXISTS ✓ | `.30`–`.36`
EFF.GRTJB.119	EXT:RMENGINE_2026-08-08.md	stmt-dep	F	OPEN	xref	from:exact,to:ext	statement-hit	EFF-GRTJB-s2of3.md | 3.1 Verified import/XREF designations | 24 | `RMENGINE_2026-08-08.md:(RM-m)` | 11 | the box §5 recites; quoted in full at `.39`
EFF.GRTJB.31	EFF.GRTJA.04	stmt-dep	F	OPEN	xref	from:gov,to:stmt	default	EFF-GRTJB-s1of3.md | 3.1 Verified import/XREF designations | 4 | `GRTJA_PROOF_2026-08-08.md:JA-PIN` | 15 | Clause 7's weight recursion γ_{q+1} = e_q·w_qΦ_q + h_q (used in JB-VTX(a))
EFF.GRTJB.31	EFF.GRTJA.07	stmt-dep	F	OPEN	xref	from:gov,to:stmt	statement-hit	EFF-GRTJB-s1of3.md | 3.1 Verified import/XREF designations | 2 | `GRTJA_PROOF_2026-08-08.md:JA-GRID` | 11 | (a) the grid law carrying the `u ≥ 0` proviso; (c) the carry clause JB-EPS consumes, proviso
EFF.GRTJB.31	EFF.GRTJA.08	stmt-dep	F	OPEN	xref	from:gov,to:stmt	statement-hit	EFF-GRTJB-s1of3.md | 3.1 Verified import/XREF designations | 3 | `GRTJA_PROOF_2026-08-08.md:JA-RES` | 20 | The PER-SLOT character-gauge law; row 5's source, re-fenced to `P≤q` at r3/F-4
EFF.GRTJB.31	EFF.GRTJA.09	stmt-dep	F	OPEN	xref	from:gov,to:stmt	statement-hit	EFF-GRTJB-s1of3.md | 3.1 Verified import/XREF designations | 7 | `GRTJA_PROOF_2026-08-08.md:(VD-m)` | 10 | The evaluated dictionary; column (c)
EFF.GRTJB.31	EFF.GRTJA.10	stmt-dep	F	OPEN	xref	from:gov,to:stmt	statement-hit	EFF-GRTJB-s1of3.md | 3.1 Verified import/XREF designations | 10 | `GRTJA_PROOF_2026-08-08.md:JA-BOX-2` | 7 | The per-digit proviso box at m ≥ 3
EFF.GRTJB.31	EFF.GRTJA.12	stmt-dep	F	OPEN	xref	from:gov,to:stmt	default	EFF-GRTJB-s1of3.md | 3.1 Verified import/XREF designations | 5 | `GRTJA_PROOF_2026-08-08.md:JA-EPS` | 13 | The field form ε = z^{−t} closing LEMMA JB-EPS
EFF.GRTJB.31	EFF.GRTJA.13	stmt-dep	F	OPEN	xref	from:gov,to:stmt	default	EFF-GRTJB-s1of3.md | 3.1 Verified import/XREF designations | 1 | `GRTJA_PROOF_2026-08-08.md:JA-VAL` | 7 | The digit-weight tie; the theorem whose level-indexed perimeter drives rows 3, 8–13, 17, 18 an
EFF.GRTJB.31	EFF.GRTJA.16	stmt-dep	F	OPEN	xref	from:gov,to:stmt	default	EFF-GRTJB-s1of3.md | 3.1 Verified import/XREF designations | 8 | `GRTJA_PROOF_2026-08-08.md:(R-coll)` | 7 | The m ≥ 3 sufficient condition; **E-1 re-reads this label at the root-inclusive form**
EFF.GRTJB.31	EFF.GRTJA.17	stmt-dep	F	OPEN	xref	from:gov,to:stmt	default	EFF-GRTJB-s1of3.md | 3.1 Verified import/XREF designations | 11 | `GRTJA_PROOF_2026-08-08.md:JA-BOX-3` | 3 | The pinned-(P-ell) orbit; the only representative content JB-BOX-2 actually carries (r5/F-5
EFF.GRTJB.31	EFF.GRTJA.18	stmt-dep	F	OPEN	xref	from:gov,to:stmt	default	EFF-GRTJB-s1of3.md | 3.1 Verified import/XREF designations | 12 | `GRTJA_PROOF_2026-08-08.md:JA-BOX-4` | 4 | The F_p[[t]] no-PARI-oracle caveat inherited at matrix row 27
EFF.GRTJB.31	EFF.GRTJA.19	stmt-dep	F	OPEN	xref	from:gov,to:stmt	default	EFF-GRTJB-s1of3.md | 3.1 Verified import/XREF designations | 9 | `GRTJA_PROOF_2026-08-08.md:JA-BOX-1` | 8 | The five J-A boxes ridden verbatim by JB-BOX-2
EFF.GRTJB.31	EFF.GRTJA.21	stmt-dep	F	OPEN	xref	from:gov,to:stmt	statement-hit	EFF-GRTJB-s1of3.md | 3.1 Verified import/XREF designations | 14 | `GRTJA_PROOF_2026-08-08.md:shared-key perimeter` | 5 | The phrase whose LEVEL-INDEXING is the arc's recurring defect
EFF.GRTJB.31	EFF.GRTJB.137	stmt-dep	F	OPEN	xref	from:gov,to:stmt	default	EFF-GRTJB-s2of3.md | 3.1 Verified import/XREF designations | 68 | `GRTJB_PROOF_2026-08-08.md:JuncForge` | 2 | note-local reference to the corpus parity-wall lesson (no external designation claimed)
EFF.GRTJB.31	EFF.GRTJC.44	stmt-dep	F	OPEN	xref	from:gov,to:stmt	statement-hit	EFF-GRTJB-s2of3.md | 3.1 Verified import/XREF designations | 66 | `GRTJC_PROOF_2026-08-08.md:JB-BOX-2` | 3 | **REVERSE edge** — GRTJC's `(IN-4)` inherits this box's geography verbatim
EFF.GRTJB.31	EFF.GRTJC.79	stmt-dep	F	OPEN	xref	from:gov,to:stmt	default	EFF-GRTJB-s2of3.md | 3.1 Verified import/XREF designations | 67 | `GRTJC_PROOF_2026-08-08.md:JB-BOX-4` | 2 | **REVERSE edge** — the `g_m = 1` fence for the Ĉ_m instance
EFF.GRTJB.31	EFF.GRTW2.12	stmt-dep	F	OPEN	xref	from:gov,to:stmt	statement-hit	EFF-GRTJB-s2of3.md | 3.1 Verified import/XREF designations | 22 | `GRTW2_PROOF_2026-08-08.md:TH-BASE` | 8 | gives the byte clause at `q = 1` always
EFF.GRTJB.31	EFF.GRTW2.14	stmt-dep	F	OPEN	xref	from:gov,to:stmt	default	EFF-GRTJB-s1of3.md | 3.1 Verified import/XREF designations | 20 | `GRTW2_PROOF_2026-08-08.md:W2-L3` | 5 | (VD-1) = W2-L3 — the ONLY unconditional level of the dictionary
EFF.GRTJB.31	EFF.GRTW2.16	stmt-dep	F	OPEN	xref	from:gov,to:stmt	default	EFF-GRTJB-s1of3.md | 3.1 Verified import/XREF designations | 18 | `GRTW2_PROOF_2026-08-08.md:W2-L0` | 5 | Consumed at matrix row 4
EFF.GRTJB.31	EFF.GRTW2.17	stmt-dep	F	OPEN	xref	from:gov,to:stmt	default	EFF-GRTJB-s1of3.md | 3.1 Verified import/XREF designations | 23 | `GRTW2_PROOF_2026-08-08.md:(C-coll)` | 27 | The byte law's split, matrix row 2
EFF.GRTJB.31	EFF.GRTW2.24	stmt-dep	F	OPEN	xref	from:gov,to:stmt	default	EFF-GRTJB-s1of3.md | 3.1 Verified import/XREF designations | 16 | `GRTW2_PROOF_2026-08-08.md:W2-C1a` | 10 | The window object at matrix row 13
EFF.GRTJB.31	EFF.GRTW2.25	stmt-dep	F	OPEN	xref	from:gov,to:stmt	statement-hit	EFF-GRTJB-s1of3.md | 3.1 Verified import/XREF designations | 15 | `GRTW2_PROOF_2026-08-08.md:W2-C1` | 22 | Clause-1 admissibility of the representative φ_{q+1} := Φ_q^har; column (d)
EFF.GRTJB.31	EFF.GRTW2.29	stmt-dep	F	OPEN	xref	from:gov,to:stmt	default	EFF-GRTJB-s1of3.md | 3.1 Verified import/XREF designations | 17 | `GRTW2_PROOF_2026-08-08.md:W2-C3` | 22 | Chamber transport; **E-2 re-reads its grade at the supplier's 38/44 + 6/44 split**
EFF.GRTJB.31	EFF.GRTW2.35	stmt-dep	F	OPEN	xref	from:gov,to:stmt	default	EFF-GRTJB-s1of3.md | 3.1 Verified import/XREF designations | 21 | `GRTW2_PROOF_2026-08-08.md:W2-OPEN-1` | 10 | Declared consumed NOWHERE (a NON-IMPORT)
EFF.GRTJB.31	EFF.GRTW2.37	stmt-dep	F	OPEN	xref	from:gov,to:stmt	default	EFF-GRTJB-s1of3.md | 3.1 Verified import/XREF designations | 19 | `GRTW2_PROOF_2026-08-08.md:W2-L2` | 8 | Named in the consumption list
EFF.GRTJB.31	EFF.GRTW2.55	stmt-dep	F	OPEN	xref	from:gov,to:stmt	default	EFF-GRTJB-s1of3.md | 3.1 Verified import/XREF designations | 22 | `GRTW2_PROOF_2026-08-08.md:W2-OPEN-2` | 60 | The box W2-C3's measured-above region rides, per E-2
EFF.GRTJB.31	EXT:GD23_phaseB_attempt.md	stmt-dep	F	OPEN	xref	from:gov,to:ext	default	EFF-GRTJB-s2of3.md | 3.1 Verified import/XREF designations | 57 | `GD23_phaseB_attempt.md:GD-2` | 7 | the frame normalization; the displayed clause JB-VTX(b) makes explicit
EFF.GRTJB.31	EXT:ITERLAWN_PROOF_2026-08-08.md	stmt-dep	F	OPEN	xref	from:gov,to:ext	default	EFF-GRTJB-s1of3.md | 3.1 Verified import/XREF designations | 42 | `ITERLAWN_PROOF_2026-08-08.md:S0.1` | 13 | The class pin
EFF.GRTJB.31	EXT:LEDGERLAMBDA_2026-08-08.md	stmt-dep	F	OPEN	xref	from:gov,to:ext	default	EFF-GRTJB-s1of3.md | 3.1 Verified import/XREF designations | 47 | `LEDGERLAMBDA_2026-08-08.md:LED-Λ(A1)` | 5 | The λ_E face cited ONCE as the polygon bookkeeping
EFF.GRTJB.31	EXT:O1thr_phaseB_verifybrief_rev3.md	stmt-dep	F	OPEN	xref	from:gov,to:ext	default	EFF-GRTJB-s2of3.md | 3.1 Verified import/XREF designations | 59 | `O1thr_phaseB_verifybrief_rev3.md:T-F` | 10 | the family that measured the shear tie
EFF.GRTJB.31	EXT:RMENGINE_2026-08-08.md	stmt-dep	F	OPEN	xref	from:gov,to:ext	default	EFF-GRTJB-s1of3.md | 3.1 Verified import/XREF designations | 24 | `RMENGINE_2026-08-08.md:(RM-m)` | 11 | The box §5 recites verbatim; column (e)
EFF.GRTJB.92	EFF.GRTJA.08	stmt-dep	F	OPEN	xref	from:exact,to:stmt	statement-hit	EFF-GRTJB-s2of3.md | 3.1 Verified import/XREF designations | 3 | `GRTJA_PROOF_2026-08-08.md:JA-RES` | 20 | the PER-SLOT law; `.12`'s (RES) row, re-fenced to `P≤q`
EFF.GRTJC.54	EFF.GRTJB.136	stmt-dep	F	OPEN	xref	from:gov,to:stmt	default	EFF-GRTJC-s1of3.md | 3.1 Verified import/XREF designations | 20 | `GRTJB_PROOF_2026-08-08.md:JB-BOX-2` | 45 | **the inherited J-B geography — `(IN-4)`'s load-bearing clause**
EFF.GRTJC.54	EFF.GRTJB.138	stmt-dep	F	OPEN	xref	from:gov,to:stmt	default	EFF-GRTJC-s1of3.md | 3.1 Verified import/XREF designations | 23 | `GRTJB_PROOF_2026-08-08.md:JB-BOX-4` | 2 | the `g_m = 1` fence for the `Ĉ_m` instance
EFF.GRTJC.54	EFF.GRTJB.34	stmt-dep	F	OPEN	xref	from:gov,to:stmt	default	EFF-GRTJC-s1of3.md | 3.1 Verified import/XREF designations | 21 | `GRTJB_PROOF_2026-08-08.md:JB-CREAD` | 36 | the germ's supplier theorem
EFF.GRTJC.54	EFF.GRTJB.35	stmt-dep	F	OPEN	xref	from:gov,to:stmt	default	EFF-GRTJC-s1of3.md | 3.1 Verified import/XREF designations | 22 | `GRTJB_PROOF_2026-08-08.md:JB-EPS` | 30 | the unconditional ε-collapse
EFF.GRTJC.54	EFF.GRTW2.25	stmt-dep	F	OPEN	xref	from:gov,to:stmt	default	EFF-GRTJC-s1of3.md | 3.1 Verified import/XREF designations | 24 | `GRTW2_PROOF_2026-08-08.md:W2-C1` | 22 | W-2's admissibility, inherited through `(IN-4)`
EFF.GRTJC.54	EXT:DULEMMA_PROOF_2026-08-08.md	stmt-dep	F	OPEN	xref	from:gov,to:ext	default	EFF-GRTJC-s3of3.md | 3.1 Verified import/XREF designations | 14 | `docs/references/fgmn_residual_ideals_1305.0775v3.pdf` | file EXISTS, **md5 EXACT** | **Annex #3's pinned printed source**
EFF.GRTJC.54	EXT:GRB_ORDER2_2026-08-05.md	stmt-dep	F	OPEN	xref	from:gov,to:ext	default	EFF-GRTJC-s1of3.md | 3.1 Verified import/XREF designations | 10 | `GRB_ORDER2_2026-08-05.md:D-REAL` | 44 | `(IN-2)`'s last-read layer
EFF.GRTJC.54	EXT:ITERLAWN_PROOF_2026-08-08.md	stmt-dep	F	OPEN	xref	from:gov,to:ext	default	EFF-GRTJC-s1of3.md | 3.1 Verified import/XREF designations | 1 | `ITERLAWN_PROOF_2026-08-08.md:ITER-LAW-n` | 11 | `(IN-1)` = [ILN]†, the accepted closed form for `c_T`
EFF.GRTJC.62	EFF.HE3.16	stmt-dep	F	OPEN	reverse-xref	from:stmt,to:gov	default	EFF-HE3.md | Sample re-verification (10 of 46, grep-rerun at merge time against the working tree — MUST include both reverse-edge designations per the merge charge) | `GRTJC_PROOF_2026-08-08.md:JC-LOA
EFF.GRTJC.79	EFF.GRTJB.34	stmt-dep	F	OPEN	xref	from:exact,to:stmt	statement-hit	EFF-GRTJC-s2of3.md | 3.1 Verified import/XREF designations | 12 | `GRTJB_PROOF_2026-08-08.md:JB-CREAD` | 36 | **the germ's supplier theorem — the J-B interface at `.26`**
EFF.GRTJC.79	EFF.GRTJB.35	stmt-dep	F	OPEN	xref	from:exact,to:stmt	statement-hit	EFF-GRTJC-s2of3.md | 3.1 Verified import/XREF designations | 13 | `GRTJB_PROOF_2026-08-08.md:JB-EPS` | 30 | cited at `.26`; **and the authority r1/G7 withdrew at `.33`**
EFF.GRTJC.86	EFF.GRTJB.35	stmt-dep	F	OPEN	xref	from:exact,to:stmt	statement-hit	EFF-GRTJC-s2of3.md | 3.1 Verified import/XREF designations | 13 | `GRTJB_PROOF_2026-08-08.md:JB-EPS` | 30 | cited at `.26`; **and the authority r1/G7 withdrew at `.33`**
EFF.GRTJC.96	EXT:GRW2_TIE_DESIGN_2026-08-08.md	stmt-dep	F	OPEN	xref	from:exact,to:ext	default	EFF-GRTJC-s2of3.md | 3.1 Verified import/XREF designations | 19 | `docs/references/fgmn_residual_ideals_1305.0775v3_layout.txt` | file EXISTS | **Cor 2.7 @525, Thm 4.2 @1028, the rank-one clause @1030
EFF.GRTW2.03	EFF.GRTW2.04	stmt-dep	F	OPEN	xref	from:exact,to:gov	default	EFF-GRTW2.md | 4. XREF verification ledger (consolidated, deduplicated) | 15 | `GRTW2_passPE1_report.md` | PRESENT | The first hostile pass (`.03`, `.41`) | s1 | —
EFF.GRTW2.04	EFF.GRTJB.31	stmt-dep	F	OPEN	xref	from:gov,to:gov	default	EFF-GRTW2.md | Sample re-verification (10 of 21, grep/exists-rerun at merge time against the working | `lean/notes/openmath/GRTJB_PROOF_2026-08-08.md` (DEDUP) | PRESENT | PRESENT | OK
EFF.GRTW2.04	EFF.GRTJC.27	stmt-dep	F	OPEN	xref	from:gov,to:stmt	default	EFF-GRTW2.md | Sample re-verification (10 of 21, grep/exists-rerun at merge time against the working | `GRTJC_PROOF_2026-08-08.md:TR-3′-GEN` | 8 | 8 | OK
EFF.GRTW2.04	EFF.GRTW2.54	stmt-dep	F	OPEN	xref	from:gov,to:stmt	default	EFF-GRTW2.md | Sample re-verification (10 of 21, grep/exists-rerun at merge time against the working | `runs/cert/C5_grtw2_output.log` | PRESENT | PRESENT | OK
EFF.GRTW2.04	EFF.GRTW2.60	stmt-dep	F	OPEN	xref	from:gov,to:stmt	default	EFF-GRTW2.md | Sample re-verification (10 of 21, grep/exists-rerun at merge time against the working | `runs/cert2/E5_grtw2_output.log` | PRESENT | PRESENT | OK
EFF.GRTW2.04	EFF.SIGMALAW.05	stmt-dep	F	OPEN	xref	from:gov,to:gov	default	EFF-GRTW2.md | Sample re-verification (10 of 21, grep/exists-rerun at merge time against the working | `lean/notes/openmath/SIGMALAW_PROOF_2026-08-08.md` (DEDUP) | PRESENT | PRESENT | OK
EFF.GRTW2.04	EFF.WELDMASTER.03	stmt-dep	F	OPEN	xref	from:gov,to:gov	default	EFF-GRTW2.md | Sample re-verification (10 of 21, grep/exists-rerun at merge time against the working | `lean/notes/openmath/WELDMASTER_2026-08-08.md` (DEDUP) | PRESENT | PRESENT | OK
EFF.GRTW2.04	HYP.139	stmt-dep	F	OPEN	ledger-index	from:gov,to:ledger	default	EFF-GRTW2.md | 4. XREF verification ledger (consolidated, deduplicated) | 21 | `spec/HYPOTHESIS_LEDGER.md:HYP.139` | (same as row 2) | — | — | already counted at row 2
EFF.GRTW2.06	EXT:GRT_WELD_BLUEPRINT_2026-08-08.md	stmt-dep	F	OPEN	xref	from:exact,to:ext	statement-hit	EFF-GRTW2.md | 4. XREF verification ledger (consolidated, deduplicated) | 7 | `docs/references/HigherNewton.tex` | PRESENT | The GMN print; anchors tex 1028, 1166–1258, 1257–1283, 1285, ~1291, 1288, 1
EFF.GRTW2.07	EFF.WELDMASTER.03	stmt-dep	F	OPEN	xref	from:exact,to:gov	statement-hit	EFF-GRTW2.md | 4. XREF verification ledger (consolidated, deduplicated) | 13 | `verification/openmath/grt_w2_checks.py` + `grt_w2_checks_output.txt` + `grt_w2_checks_results.json` | 3/3 PRESENT | The 
EFF.GRTW2.20	EFF.LIFTCORNER.72	stmt-dep	F	OPEN	reverse-xref	from:stmt,to:exact	default	EFF-LIFTCORNER-s1of2.md | 3.3 Reverse XREFs — consumers of this note | X13 | `GRTW2_PROOF_2026-08-08.md` — `the accepted LIFTCORNER's shift-descent` | 1 | 1351 | the supplier's acceptance record names
EFF.GRTW2.24	EFF.GRTJB.31	stmt-dep	F	OPEN	xref	from:exact,to:gov	default	EFF-GRTW2.md | 4. XREF verification ledger (consolidated, deduplicated) | 9 | `lean/notes/openmath/GRTJB_PROOF_2026-08-08.md` | PRESENT | [JB], route (2) of the adjudication; §0M row 15 the fold targe
EFF.GRTW2.32	EFF.WELDMASTER.03	stmt-dep	F	OPEN	xref	from:exact,to:gov	default	EFF-GRTW2.md | 4. XREF verification ledger (consolidated, deduplicated) | 13 | `verification/openmath/grt_w2_checks.py` + `grt_w2_checks_output.txt` + `grt_w2_checks_results.json` | 3/3 PRESENT | The 
EFF.GRTW2.33	EFF.SIGMALAW.05	stmt-dep	F	OPEN	xref	from:exact,to:gov	default	EFF-GRTW2.md | 4. XREF verification ledger (consolidated, deduplicated) | 11 | `lean/notes/openmath/SIGMALAW_PROOF_2026-08-08.md` | PRESENT | The Σ-LAW supplier that PROVED (OPEN-2a) forward (`.33`) /
EFF.GRTW2.34	EFF.GRTJB.31	stmt-dep	F	OPEN	xref	from:exact,to:gov	default	EFF-GRTW2.md | 4. XREF verification ledger (consolidated, deduplicated) | 9 | `lean/notes/openmath/GRTJB_PROOF_2026-08-08.md` | PRESENT | [JB], route (2) of the adjudication; §0M row 15 the fold targe
EFF.GRTW2.34	EFF.GRTJC.27	stmt-dep	F	OPEN	xref	from:exact,to:stmt	statement-hit	EFF-GRTW2.md | 4. XREF verification ledger (consolidated, deduplicated) | 1 | `GRTJC_PROOF_2026-08-08.md:TR-3′-GEN` | **8** | The corpus's two-operator dictionary, OPEN at general order — route (1) of
EFF.GRTW2.35	EFF.LIFTCORNER.62	stmt-dep	F	OPEN	reverse-xref	from:stmt,to:exact	default	EFF-LIFTCORNER-s1of2.md | 3.3 Reverse XREFs — consumers of this note | X11 | same — `W2-OPEN-1` | 10 | 127 | the designation `.62` says two things are owed against; the ledger row at line 982 records 
EFF.GRTW2.37	EFF.WELDMASTER.03	stmt-dep	F	OPEN	xref	from:exact,to:gov	default	EFF-GRTW2.md | 4. XREF verification ledger (consolidated, deduplicated) | 13 | `verification/openmath/grt_w2_checks.py` + `grt_w2_checks_output.txt` + `grt_w2_checks_results.json` | 3/3 PRESENT | The 
EFF.GRTW2.38	EFF.LIFTCORNER.62	stmt-dep	F	OPEN	reverse-xref	from:stmt,to:exact	default	EFF-LIFTCORNER-s1of2.md | 3.3 Reverse XREFs — consumers of this note | X11 | same — `W2-OPEN-1` | 10 | 127 | the designation `.62` says two things are owed against; the ledger row at line 982 records 
EFF.GRTW2.39	EFF.GRTJC.27	stmt-dep	F	OPEN	xref	from:exact,to:stmt	statement-hit	EFF-GRTW2.md | 4. XREF verification ledger (consolidated, deduplicated) | 1 | `GRTJC_PROOF_2026-08-08.md:TR-3′-GEN` | **8** | The corpus's two-operator dictionary, OPEN at general order — route (1) of
EFF.GRTW2.39	HYP.139	stmt-dep	F	OPEN	ledger-index	from:exact,to:ledger	statement-hit	EFF-GRTW2.md | 4. XREF verification ledger (consolidated, deduplicated) | 2 | `spec/HYPOTHESIS_LEDGER.md:HYP.139` | **20** | The ledger row for the W-1 transport (census I-4), class MATH, ATTEMPT (`.3
EFF.GRTW2.41	EFF.GRTJB.31	stmt-dep	F	OPEN	xref	from:exact,to:gov	default	EFF-GRTW2.md | 4. XREF verification ledger (consolidated, deduplicated) | 9 | `lean/notes/openmath/GRTJB_PROOF_2026-08-08.md` | PRESENT | [JB], route (2) of the adjudication; §0M row 15 the fold targe
EFF.GRTW2.41	EFF.GRTW2.04	stmt-dep	F	OPEN	xref	from:exact,to:gov	default	EFF-GRTW2.md | 4. XREF verification ledger (consolidated, deduplicated) | 15 | `GRTW2_passPE1_report.md` | PRESENT | The first hostile pass (`.03`, `.41`) | s1 | —
EFF.GRTW2.41	EFF.WELDMASTER.03	stmt-dep	F	OPEN	xref	from:exact,to:gov	default	EFF-GRTW2.md | 4. XREF verification ledger (consolidated, deduplicated) | 12 | `lean/notes/openmath/WELDMASTER_2026-08-08.md` | PRESENT | (M4)'s W2-C3 face, the fold target (`.41`) / the executed fold
EFF.GRTW2.42	EFF.GRTW2.04	stmt-dep	F	OPEN	xref	from:exact,to:gov	default	EFF-GRTW2.md | 4. XREF verification ledger (consolidated, deduplicated) | 16 | `GRTW2_passPE2_report.md` | PRESENT | The second hostile pass (`.03`, `.42`) | s1 | —
EFF.GRTW2.43	EFF.GRTW2.04	stmt-dep	F	OPEN	xref	from:exact,to:gov	default	EFF-GRTW2.md | 4. XREF verification ledger (consolidated, deduplicated) | 17 | `GRTW2_passPE3_report.md` | PRESENT | The third hostile pass (`.03`, `.43`) | s1 | —
EFF.GRTW2.44	EFF.GRTW2.04	stmt-dep	F	OPEN	xref	from:exact,to:gov	default	EFF-GRTW2.md | 4. XREF verification ledger (consolidated, deduplicated) | 18 | `GRTW2_passPE4_report.md` | PRESENT | The fourth hostile pass (`.03`, `.44`) | s1 (bundled row 17) + s2 (own row) | **par
EFF.GRTW2.44	EFF.GRTW2.07	stmt-dep	F	OPEN	xref	from:exact,to:stmt	default	EFF-GRTW2-s2of2.md | 3.1 Verified imports and pins | 6 | `verification/openmath/grt_w2_checks.py` + 2 artifacts | 3/3 PRESENT | the frozen runner, verified a fourth time (`.01`)
EFF.GRTW2.44	EFF.WELDMASTER.03	stmt-dep	F	OPEN	xref	from:exact,to:gov	default	EFF-GRTW2.md | 4. XREF verification ledger (consolidated, deduplicated) | 13 | `verification/openmath/grt_w2_checks.py` + `grt_w2_checks_output.txt` + `grt_w2_checks_results.json` | 3/3 PRESENT | The 
EFF.GRTW2.48	EFF.GRTJB.31	stmt-dep	F	OPEN	xref	from:exact,to:gov	default	EFF-GRTW2.md | 4. XREF verification ledger (consolidated, deduplicated) | 9 | `lean/notes/openmath/GRTJB_PROOF_2026-08-08.md` | PRESENT | [JB], route (2) of the adjudication; §0M row 15 the fold targe
EFF.GRTW2.48	EFF.WELDMASTER.03	stmt-dep	F	OPEN	xref	from:exact,to:gov	default	EFF-GRTW2.md | 4. XREF verification ledger (consolidated, deduplicated) | 12 | `lean/notes/openmath/WELDMASTER_2026-08-08.md` | PRESENT | (M4)'s W2-C3 face, the fold target (`.41`) / the executed fold
EFF.GRTW2.50	EFF.SIGMALAW.05	stmt-dep	F	OPEN	xref	from:exact,to:gov	default	EFF-GRTW2.md | 4. XREF verification ledger (consolidated, deduplicated) | 11 | `lean/notes/openmath/SIGMALAW_PROOF_2026-08-08.md` | PRESENT | The Σ-LAW supplier that PROVED (OPEN-2a) forward (`.33`) /
EFF.GRTW2.53	EFF.SIGMALAW.05	stmt-dep	F	OPEN	xref	from:exact,to:gov	default	EFF-GRTW2.md | 4. XREF verification ledger (consolidated, deduplicated) | 11 | `lean/notes/openmath/SIGMALAW_PROOF_2026-08-08.md` | PRESENT | The Σ-LAW supplier that PROVED (OPEN-2a) forward (`.33`) /
EFF.GRTW2.54	EFF.GRTW2.60	stmt-dep	F	OPEN	xref	from:exact,to:stmt	statement-hit	EFF-GRTW2.md | 4. XREF verification ledger (consolidated, deduplicated) | 20 | `runs/cert2/E5_grtw2_output.log` | PRESENT | The certification adjudication (`.54`, `.60`) | s2 | —
EFF.HE3.04	EFF.GENHN.11	stmt-dep	B	OPEN	xref	from:exact,to:stmt	statement-hit	EFF-HE3.md | 4. XREF verification ledger (consolidated, deduplicated) | 5 | `GENHN_PROOF_2026-08-08.md:LEMMA GENHN-4` | 3 | Declared NOT consumed — the fence at `.04` / declared NOT consumed at `.39` 
EFF.HE3.06	EFF.HE7.65	stmt-dep	B	OPEN	xref	from:exact,to:stmt	statement-hit	EFF-HE3.md | 4. XREF verification ledger (consolidated, deduplicated) | 39 | `HE7_PROOF_2026-08-08.md:HE3-BOX-6` | **1 (CORRECTED — shard 2 recorded 12; see note above and source defect 16)** | **Reve
EFF.HE3.06	EFF.T2.25	stmt-dep	B	OPEN	xref	from:exact,to:stmt	statement-hit	EFF-HE3.md | 5.1 Consumer-direction ledger (mathematical supply versus append/consumption protocol, kept strictly distinct per the header's predicate split) | **T2 (accepted, 2/2)** | **`HE3-A-PROOF` 
EFF.HE3.06	EFF.T2.61	stmt-dep	B	OPEN	xref	from:exact,to:stmt	statement-hit	EFF-HE3.md | 5.1 Consumer-direction ledger (mathematical supply versus append/consumption protocol, kept strictly distinct per the header's predicate split) | **T2 (accepted, 2/2)** | **`HE3-A-PROOF` 
EFF.HE3.09	HYP.81	stmt-dep	B	OPEN	ledger-index	from:exact,to:ledger	default	EFF-HE3.md | 5.1 Consumer-direction ledger (mathematical supply versus append/consumption protocol, kept strictly distinct per the header's predicate split) | `spec/HYPOTHESIS_LEDGER.md` | `HYP.81` (1
EFF.HE3.10	EFF.GENHN.22	stmt-dep	B	OPEN	xref	from:exact,to:stmt	statement-hit	EFF-HE3.md | 4. XREF verification ledger (consolidated, deduplicated) | 15 | `GENHN_PROOF_2026-08-08.md:ERRATUM E3` | 4 | The same carrier correction one level up (`.10`) | s1 | —
EFF.HE3.11	EFF.GENHN.24	stmt-dep	B	OPEN	xref	from:exact,to:stmt	statement-hit	EFF-HE3.md | 4. XREF verification ledger (consolidated, deduplicated) | 14 | `GENHN_PROOF_2026-08-08.md:ERRATUM 2026-08-08` | 1 | GENHN's `[r1]` node erratum, consumed at `.11`(iii) / the GENHN corner
EFF.HE3.16	EFF.GENHN.07	stmt-dep	B	OPEN	xref	from:gov,to:stmt	default	EFF-HE3-s1of2.md | 3.1 Verified import/XREF designations | 1 | `GENHN_PROOF_2026-08-08.md:THEOREM GENHN.CLASS` | 7 | The genre datum, consumed as the definition layer
EFF.HE3.16	EFF.GENHN.18	stmt-dep	B	OPEN	xref	from:gov,to:stmt	default	EFF-HE3.md | 4. XREF verification ledger (consolidated, deduplicated) | 12 | `GENHN_PROOF_2026-08-08.md:THEOREM GENHN.B` | 7 | The clause list HE3.C discharges into | s1 | —
EFF.HE3.16	EFF.GENHN.23	stmt-dep	B	OPEN	xref	from:gov,to:stmt	default	EFF-HE3-s1of2.md | 3.1 Verified import/XREF designations | 2 | `GENHN_PROOF_2026-08-08.md:LEMMA GENHN-1` | 4 | The Φ′-development and (pre-correction) the node
EFF.HE3.16	EFF.GENHN.24	stmt-dep	B	OPEN	xref	from:gov,to:stmt	default	EFF-HE3-s2of2.md | 3.1 Verified import/XREF designations | 10 | `GENHN_PROOF_2026-08-08.md:ERRATUM 2026-08-08` | 1 | The GENHN corner M-1's conservativity rests on
EFF.HE3.16	EFF.GENHN.27	stmt-dep	B	OPEN	xref	from:gov,to:stmt	default	EFF-HE3.md | 4. XREF verification ledger (consolidated, deduplicated) | 3 | `GENHN_PROOF_2026-08-08.md:LEMMA GENHN-2` | 2 | THE SLOT LEMMA — at roots θ only; the ξ-form is HE6-0″ | s1 | —
EFF.HE3.16	EFF.GENHN.29	stmt-dep	B	OPEN	xref	from:gov,to:stmt	default	EFF-HE3.md | 4. XREF verification ledger (consolidated, deduplicated) | 4 | `GENHN_PROOF_2026-08-08.md:LEMMA GENHN-3` | 3 | The window ledger; `GENHN-3(a)` (row 13) is the lift-stability clause | s1 |
EFF.HE3.16	EFF.GENHN.38	stmt-dep	B	OPEN	xref	from:gov,to:stmt	default	EFF-HE3-s1of2.md | 3.1 Verified import/XREF designations | 13 | `GENHN_PROOF_2026-08-08.md:GENHN-3(a)` | 11 | Lift-stability iff dv < e₁N
EFF.HE3.16	EFF.GENHN.50	stmt-dep	B	OPEN	xref	from:gov,to:stmt	default	EFF-HE3-s1of2.md | 3.1 Verified import/XREF designations | 10 | `GENHN_PROOF_2026-08-08.md:GENHN-BOX-2` | 5 | The W-9 weld face **declared NOT inherited**
EFF.HE3.16	EFF.GENHN.52	stmt-dep	B	OPEN	xref	from:gov,to:stmt	default	EFF-HE3-s1of2.md | 3.1 Verified import/XREF designations | 9 | `GENHN_PROOF_2026-08-08.md:GENHN-BOX-4` | 3 | The same perimeter as a box; HE3-BOX-2 inherits it
EFF.HE3.16	EFF.GENHN.68	stmt-dep	B	OPEN	xref	from:gov,to:stmt	default	EFF-HE3.md | 4. XREF verification ledger (consolidated, deduplicated) | 8 | `GENHN_PROOF_2026-08-08.md:S11.F` | 10 | The extraction-certified perimeter, the machine-side gate / its derivation | s1+s2 
EFF.HE3.16	EFF.GENHN.90	stmt-dep	B	OPEN	xref	from:gov,to:stmt	default	EFF-HE3.md | 4. XREF verification ledger (consolidated, deduplicated) | 7 | `GENHN_PROOF_2026-08-08.md:GENHN.A(v)` | 6 | The (μ,K)-cluster read DEFINITION 2 instantiates | s1 | —
EFF.HE3.16	EFF.GENIND.163	stmt-dep	B	OPEN	xref	from:gov,to:stmt	statement-hit	EFF-HE3.md | 4. XREF verification ledger (consolidated, deduplicated) | 19 | `GENIND_PROOF_2026-08-08.md:GENIND.A(IV)` | 5 | The descent engine — abscissa length ≥ 4 ⟹ μ ≥ 4 | s1 | —
EFF.HE3.16	EFF.GENIND.17	stmt-dep	B	OPEN	xref	from:gov,to:stmt	default	EFF-HE3.md | 4. XREF verification ledger (consolidated, deduplicated) | 18 | `GENIND_PROOF_2026-08-08.md:GENIND.A(I)` | 3 | The species partition | s1 | —
EFF.HE3.16	EFF.GENIND.24	stmt-dep	B	OPEN	xref	from:gov,to:stmt	default	EFF-HE3-s1of2.md | 3.1 Verified import/XREF designations | 20 | `GENIND_PROOF_2026-08-08.md:LEMMA GENIND-3` | 6 | Sibling fibration for embedded genres; also consumed by R8-2
EFF.HE3.16	EFF.GENIND.54	stmt-dep	B	OPEN	xref	from:gov,to:stmt	default	EFF-HE3.md | 4. XREF verification ledger (consolidated, deduplicated) | 21 | `GENIND_PROOF_2026-08-08.md:GENIND-H(n)` | 7 | The package HE3.C reports on | s1 | —
EFF.HE3.16	EFF.GRTJC.62	stmt-dep	B	OPEN	xref	from:gov,to:stmt	default	EFF-HE3.md | 4. XREF verification ledger (consolidated, deduplicated) | 34 | `GRTJC_PROOF_2026-08-08.md:JC-LOAD` | 31 | Declared NOT consumed (both shards, independently) | s1+s2 | **DEDUP**
EFF.HE3.16	EFF.HE6.05	stmt-dep	B	OPEN	xref	from:gov,to:stmt	statement-hit	EFF-HE3.md | 4. XREF verification ledger (consolidated, deduplicated) | 32 | `HE6_PROOF_2026-08-08.md:HE3-1` | 1 | **Reverse edge: the resultant identity** | s1 | —
EFF.HE3.16	EFF.HE6.13	stmt-dep	B	OPEN	xref	from:gov,to:stmt	default	EFF-HE3.md | 4. XREF verification ledger (consolidated, deduplicated) | 23 | `HE6_PROOF_2026-08-08.md:LEMMA HE6-1L` | 4 | The mechanism HE3-1L back-propagates | s1 | —
EFF.HE3.16	EFF.HE6.15	stmt-dep	B	OPEN	xref	from:gov,to:stmt	default	EFF-HE3-s1of2.md | 3.1 Verified import/XREF designations | 22 | `HE6_PROOF_2026-08-08.md:HE6-0″` | 7 | **The single most load-bearing citation** — the ξ-form slot lemma
EFF.HE3.16	EFF.HE6.17	stmt-dep	B	OPEN	xref	from:gov,to:stmt	statement-hit	EFF-HE3.md | 4. XREF verification ledger (consolidated, deduplicated) | 28 | `HE6_PROOF_2026-08-08.md:HE3-0` | 9 | **Reverse edge: HE6 consumes HE3-0** | s1 | —
EFF.HE3.16	EFF.HE6.24	stmt-dep	B	OPEN	xref	from:gov,to:stmt	default	EFF-HE3.md | 4. XREF verification ledger (consolidated, deduplicated) | 26 | `HE6_PROOF_2026-08-08.md:HE6-0′` | 5 | The ℓ ≥ 2 residue repair form | s1 | —
EFF.HE3.16	EFF.HE6.29	stmt-dep	B	OPEN	xref	from:gov,to:stmt	default	EFF-HE3.md | 4. XREF verification ledger (consolidated, deduplicated) | 27 | `HE6_PROOF_2026-08-08.md:HE6-2″` | 2 | HE6's own re-proof of HE3-0(iii)'s ℓ ≥ 2 read (not consumed) | s1 | —
EFF.HE3.16	EFF.HE6.30	stmt-dep	B	OPEN	xref	from:gov,to:stmt	default	EFF-HE3.md | 4. XREF verification ledger (consolidated, deduplicated) | 24 | `HE6_PROOF_2026-08-08.md:LEMMA HE6-3` | 12 | The (SEP)-free slope counts; independent cover for N1 / HE6's frozen battery, 
EFF.HE3.16	EFF.HE6.31	stmt-dep	B	OPEN	xref	from:gov,to:stmt	default	EFF-HE3.md | 4. XREF verification ledger (consolidated, deduplicated) | 25 | `HE6_PROOF_2026-08-08.md:LEMMA HE6-5` | 5 | The template for HE3-6 | s1 | —
EFF.HE3.16	EFF.HE6.33	stmt-dep	B	OPEN	xref	from:gov,to:stmt	default	EFF-HE3.md | 4. XREF verification ledger (consolidated, deduplicated) | 30 | `HE6_PROOF_2026-08-08.md:HE3-2(b)` | 1 | **Reverse edge: the above-λ clause pin** | s1 | —
EFF.HE3.16	EFF.HE7.03	stmt-dep	B	OPEN	xref	from:gov,to:stmt	statement-hit	EFF-HE3.md | 4. XREF verification ledger (consolidated, deduplicated) | 33 | `HE7_PROOF_2026-08-08.md:HE3-3` | 2 | **Reverse edge: the (★) convex duality** | s1 | —
EFF.HE3.16	EFF.HE7.65	stmt-dep	B	OPEN	xref	from:gov,to:stmt	statement-hit	EFF-HE3-s2of2.md | 3.1 Verified import/XREF designations | 14 | `HE7_PROOF_2026-08-08.md:HE3-BOX-6` | 12 | **Reverse edge: HE7 consumes the box** — omitted from HE3's consumer trace
EFF.HE3.16	EFF.SIGMALAW.07	stmt-dep	B	OPEN	xref	from:gov,to:stmt	default	EFF-HE3.md | 4. XREF verification ledger (consolidated, deduplicated) | 35 | `SIGMALAW_PROOF_2026-08-08.md:(EC-q)` | 26 | Declared NOT consumed | s1 | —
EFF.HE3.16	EFF.T2.25	stmt-dep	B	OPEN	xref	from:gov,to:stmt	default	EFF-HE3.md | 4. XREF verification ledger (consolidated, deduplicated) | 45 | `T2_SIGMA_LADDER_MASTER_2026-08-12.md:HE6-FAMILY` | 61 | Ditto | s2 | —
EFF.HE3.16	EFF.T2.49	stmt-dep	B	OPEN	xref	from:gov,to:stmt	default	EFF-HE3.md | 4. XREF verification ledger (consolidated, deduplicated) | 44 | `T2_SIGMA_LADDER_MASTER_2026-08-12.md:HE6-SLOT-SEAM` | 56 | A co-certifier of the same retirement | s2 | —
EFF.HE3.16	EFF.T2.63	stmt-dep	B	OPEN	xref	from:gov,to:stmt	default	EFF-HE3.md | 4. XREF verification ledger (consolidated, deduplicated) | 46 | `T2_SIGMA_LADDER_MASTER_2026-08-12.md:HE6-PROOF` | 66 | Ditto | s2 | —
EFF.HE3.16	EFF.W11.03	stmt-dep	B	OPEN	xref	from:gov,to:stmt	default	EFF-HE3.md | 4. XREF verification ledger (consolidated, deduplicated) | 42 | `W11_PROOF_2026-08-08.md:W-11` | 18 | The supplier stack row (not consumed) | s2 | —
EFF.HE3.16	EFF.W12.s1of2.12	stmt-dep	B	OPEN	xref	from:gov,to:stmt	default	EFF-HE3.md | 4. XREF verification ledger (consolidated, deduplicated) | 41 | `W12_PROOF_2026-08-08.md:W-12.D` | 19 | The supplier stack row | s2 | —
EFF.HE3.16	EFF.W12.s2of2.01	stmt-dep	B	OPEN	xref	from:gov,to:stmt	default	EFF-HE3-s2of2.md | 3.1 Verified import/XREF designations | 15 | `W12_PROOF_2026-08-08.md:w12_checks` | 8 | The pinned σ-oracle question HE-SIG reuses
EFF.HE3.16	EXT:CODEX_HE3PE1_2026-08-08.md	stmt-dep	B	OPEN	xref	from:gov,to:ext	statement-hit	EFF-HE3.md | 4. XREF verification ledger (consolidated, deduplicated) | 37 | `CODEX_HE3PE1_2026-08-08.md:HE3` | 15 | The uncounted Codex pass; source of the (SEP) counterexample / the uncounted compos
EFF.HE3.16	EXT:DULEMMA_PROOF_2026-08-08.md	stmt-dep	B	OPEN	xref	from:gov,to:ext	default	EFF-HE3.md | 4. XREF verification ledger (consolidated, deduplicated) | 36 | `DULEMMA_PROOF_2026-08-08.md:DULEMMA` | 1 | Declared NOT consumed | s1 | —
EFF.HE3.16	HYP.81	stmt-dep	B	OPEN	ledger-index	from:gov,to:ledger	default	EFF-HE3.md | 4. XREF verification ledger (consolidated, deduplicated) | 38 | `spec/HYPOTHESIS_LEDGER.md:HYP.81` | 10 | The ledger row for `[GENHN-HE(μ≥3)]` | s1 | —
EFF.HE3.34	EFF.GENHN.42	stmt-dep	B	OPEN	xref	from:exact,to:stmt	statement-hit	EFF-HE3.md | 4. XREF verification ledger (consolidated, deduplicated) | 11 | `GENHN_PROOF_2026-08-08.md:LEMMA GENHN-T(b)` | 11 | Cited at `.34`'s stage-CS step — the lemma GENHN later REFUTED (source 
EFF.HE3.34	EFF.T2.25	stmt-dep	B	OPEN	xref	from:exact,to:stmt	default	EFF-HE3.md | 4. XREF verification ledger (consolidated, deduplicated) | 43 | `T2_SIGMA_LADDER_MASTER_2026-08-12.md:HE3-A-PROOF` | 65 | **Reverse edge: T2's `(MP1′)` retirement rests on HE3's stage-α p
EFF.HE3.34	EFF.T2.61	stmt-dep	B	OPEN	xref	from:exact,to:stmt	default	EFF-HE3.md | 5.1 Consumer-direction ledger (mathematical supply versus append/consumption protocol, kept strictly distinct per the header's predicate split) | **T2 (accepted, 2/2)** | **`HE3-A-PROOF` 
EFF.HE3.36	EFF.GENHN.07	stmt-dep	B	OPEN	xref	from:exact,to:stmt	statement-hit	EFF-HE3.md | 4. XREF verification ledger (consolidated, deduplicated) | 6 | `GENHN_PROOF_2026-08-08.md:THEOREM GENHN.C` | 11 | Consumed as a CROSS-CHECK only, re-derived at `.36` / the μ = 2 dictionar
EFF.HE3.37	EFF.GENHN.38	stmt-dep	B	OPEN	xref	from:exact,to:stmt	statement-hit	EFF-HE3.md | 4. XREF verification ledger (consolidated, deduplicated) | 13 | `GENHN_PROOF_2026-08-08.md:GENHN-3(a)` | 11 | Lift-stability iff dv < e₁N / consumed by HE3-5 (`.37`) and R8-1 (`.67`) | s1
EFF.HE3.39	EFF.GENHN.11	stmt-dep	B	OPEN	xref	from:exact,to:stmt	statement-hit	EFF-HE3.md | 4. XREF verification ledger (consolidated, deduplicated) | 5 | `GENHN_PROOF_2026-08-08.md:LEMMA GENHN-4` | 3 | Declared NOT consumed — the fence at `.04` / declared NOT consumed at `.39` 
EFF.HE3.39	EFF.GENHN.50	stmt-dep	B	OPEN	xref	from:exact,to:stmt	statement-hit	EFF-HE3.md | 4. XREF verification ledger (consolidated, deduplicated) | 10 | `GENHN_PROOF_2026-08-08.md:GENHN-BOX-2` | 5 | The W-9 weld face declared NOT inherited / absent from HE3's σ chain (`.39`) 
EFF.HE3.40	EFF.GENHN.52	stmt-dep	B	OPEN	xref	from:exact,to:stmt	statement-hit	EFF-HE3.md | 4. XREF verification ledger (consolidated, deduplicated) | 9 | `GENHN_PROOF_2026-08-08.md:GENHN-BOX-4` | 3 | The same perimeter as a box; HE3-BOX-2 (`.40`) inherits it | s1+s2 | **DEDUP**
EFF.HE3.41	EFF.GENHN.07	stmt-dep	B	OPEN	xref	from:exact,to:stmt	default	EFF-HE3.md | 4. XREF verification ledger (consolidated, deduplicated) | 1 | `GENHN_PROOF_2026-08-08.md:THEOREM GENHN.CLASS` | 7 | The genre datum, consumed as the definition layer / the genre notation
EFF.HE3.46	EFF.GENHN.23	stmt-dep	B	OPEN	xref	from:exact,to:stmt	statement-hit	EFF-HE3.md | 4. XREF verification ledger (consolidated, deduplicated) | 2 | `GENHN_PROOF_2026-08-08.md:LEMMA GENHN-1` | 4 | The Φ′-development and (pre-correction) the node / the digit bijection legit
EFF.HE3.48	EFF.T2.31	stmt-dep	B	OPEN	xref	from:exact,to:gov	statement-hit	EFF-HE3.md | 5.1 Consumer-direction ledger (mathematical supply versus append/consumption protocol, kept strictly distinct per the header's predicate split) | W-12 | `w12_checks` (8) | `.48` | HE-SIG 
EFF.HE3.52	EFF.GENHN.07	stmt-dep	B	OPEN	xref	from:exact,to:stmt	default	EFF-HE3.md | 4. XREF verification ledger (consolidated, deduplicated) | 6 | `GENHN_PROOF_2026-08-08.md:THEOREM GENHN.C` | 11 | Consumed as a CROSS-CHECK only, re-derived at `.36` / the μ = 2 dictionar
EFF.HE3.52	EFF.W12.s2of2.01	stmt-dep	B	OPEN	xref	from:exact,to:stmt	default	EFF-HE3.md | 4. XREF verification ledger (consolidated, deduplicated) | 40 | `W12_PROOF_2026-08-08.md:w12_checks` | 8 | The pinned σ-oracle question HE-SIG (`.52`) reuses | s2 | —
EFF.HE3.65	EFF.GENHN.24	stmt-dep	B	OPEN	xref	from:exact,to:stmt	statement-hit	EFF-HE3.md | 4. XREF verification ledger (consolidated, deduplicated) | 14 | `GENHN_PROOF_2026-08-08.md:ERRATUM 2026-08-08` | 1 | GENHN's `[r1]` node erratum, consumed at `.11`(iii) / the GENHN corner
EFF.HE3.67	EFF.GENHN.38	stmt-dep	B	OPEN	xref	from:exact,to:stmt	statement-hit	EFF-HE3.md | 4. XREF verification ledger (consolidated, deduplicated) | 13 | `GENHN_PROOF_2026-08-08.md:GENHN-3(a)` | 11 | Lift-stability iff dv < e₁N / consumed by HE3-5 (`.37`) and R8-1 (`.67`) | s1
EFF.HE3.68	EFF.GENIND.24	stmt-dep	B	OPEN	xref	from:exact,to:stmt	statement-hit	EFF-HE3.md | 4. XREF verification ledger (consolidated, deduplicated) | 20 | `GENIND_PROOF_2026-08-08.md:LEMMA GENIND-3` | 6 | Sibling fibration for embedded genres; also consumed by R8-2 (`.68`) / th
EFF.HE3.71	EFF.HE6.15	stmt-dep	B	OPEN	xref	from:exact,to:stmt	statement-hit	EFF-HE3.md | 4. XREF verification ledger (consolidated, deduplicated) | 22 | `HE6_PROOF_2026-08-08.md:HE6-0″` | 7 | The single most load-bearing citation — the ξ-form slot lemma / the ξ-form lemma R8-
EFF.HE6.04	EFF.GENHN.07	stmt-dep	B	OPEN	xref	from:exact,to:gov	default	EFF-HE6.md | 5.1 What HE6 consumes (forward edges) | GENHN | LEMMA GENHN-1 (stage ring, node) | @ HEAD | `.04` | frame
EFF.HE6.04	EFF.GENHN.23	stmt-dep	B	OPEN	xref	from:exact,to:stmt	statement-hit	EFF-HE6.md | 4.2 Supplier designations | X1 | `GENHN_PROOF_2026-08-08.md` | `LEMMA GENHN-1` | 4 | `.04`
EFF.HE6.04	EFF.GENHN.27	stmt-dep	B	OPEN	xref	from:exact,to:stmt	statement-hit	EFF-HE6.md | 4.2 Supplier designations | X2 | `GENHN_PROOF_2026-08-08.md` | `LEMMA GENHN-2` | 2 | `.04`, `.15`, `.25`
EFF.HE6.04	EFF.GENHN.29	stmt-dep	B	OPEN	xref	from:exact,to:stmt	statement-hit	EFF-HE6.md | 4.2 Supplier designations | X3 | `GENHN_PROOF_2026-08-08.md` | `GENHN-3` | 21 | `.04`
EFF.HE6.05	EFF.GENHN.07	stmt-dep	B	OPEN	xref	from:exact,to:gov	default	EFF-HE6.md | 5.1 What HE6 consumes (forward edges) | HE3 | DEFINITION 1/2, LEMMA HE3-0, LEMMA HE3-1, the THEOREM HE3.A assembly, COROLLARY HE3.B | `7a95449` | `.05`, `.10`, `.16`, `.32` | YES
EFF.HE6.05	EFF.HE3.13	stmt-dep	B	OPEN	xref	from:exact,to:stmt	statement-hit	EFF-HE6.md | 4.2 Supplier designations | X9 | `HE3_PROOF_2026-08-08.md` | `DEFINITION 1` | 13 | `.05`, `.10`
EFF.HE6.05	EFF.HE3.15	stmt-dep	B	OPEN	xref	from:exact,to:stmt	statement-hit	EFF-HE6.md | 4.2 Supplier designations | X10 | `HE3_PROOF_2026-08-08.md` | `DEFINITION 2` | 3 | `.05`
EFF.HE6.05	EFF.HE3.17	stmt-dep	B	OPEN	xref	from:exact,to:stmt	statement-hit	EFF-HE6.md | 4.2 Supplier designations | X8 | `HE3_PROOF_2026-08-08.md` | `COROLLARY HE3.B` | 8 | `.05`, `.19`
EFF.HE6.05	EFF.HE3.22	stmt-dep	B	OPEN	xref	from:exact,to:stmt	statement-hit	EFF-HE6.md | 4.2 Supplier designations | X6 | `HE3_PROOF_2026-08-08.md` | `LEMMA HE3-1` | 32 | `.05`
EFF.HE6.05	EFF.HE3.25	stmt-dep	B	OPEN	xref	from:exact,to:stmt	statement-hit	EFF-HE6.md | 4.2 Supplier designations | X5 | `HE3_PROOF_2026-08-08.md` | `LEMMA HE3-0` | 7 | `.05`, `.16`, `.23`, `.29`
EFF.HE6.05	EFF.HE3.34	stmt-dep	B	OPEN	xref	from:exact,to:stmt	statement-hit	EFF-HE6.md | 4.2 Supplier designations | X7 | `HE3_PROOF_2026-08-08.md` | `THEOREM HE3.A` | 17 | `.05`, `.18`, `.19`, `.31`, `.32`
EFF.HE6.06	EFF.HE3.29	stmt-dep	B	OPEN	xref	from:exact,to:stmt	statement-hit	EFF-HE6.md | 4.2 Supplier designations | X12 | `HE3_PROOF_2026-08-08.md` | `HE3-3` | 15 | `.06`, `.17`, `.20`, `.30`, `.33`, `.35`
EFF.HE6.07	EFF.GENHN.33	stmt-dep	B	OPEN	xref	from:exact,to:stmt	statement-hit	EFF-HE6.md | 4.2 Supplier designations | X4 | `GENHN_PROOF_2026-08-08.md` | `GENHN-4` | 6 | `.07` (non-import)
EFF.HE6.07	EFF.HE3.44	stmt-dep	B	OPEN	xref	from:exact,to:stmt	statement-hit	EFF-HE6.md | 4.2 Supplier designations | X11 | `HE3_PROOF_2026-08-08.md` | `HE3-BOX-6` | 12 | `.07`, `.18`, `.20`, `.30`, `.35`
EFF.HE6.10	EFF.GENHN.07	stmt-dep	B	OPEN	xref	from:exact,to:gov	default	EFF-HE6.md | 5.1 What HE6 consumes (forward edges) | HE3 | DEFINITION 1/2, LEMMA HE3-0, LEMMA HE3-1, the THEOREM HE3.A assembly, COROLLARY HE3.B | `7a95449` | `.05`, `.10`, `.16`, `.32` | YES
EFF.HE6.10	EFF.HE3.13	stmt-dep	B	OPEN	xref	from:exact,to:stmt	statement-hit	EFF-HE6.md | 4.2 Supplier designations | X9 | `HE3_PROOF_2026-08-08.md` | `DEFINITION 1` | 13 | `.05`, `.10`
EFF.HE6.12	EFF.HE7.19	proof-dep	B	OPEN	xref	from:exact,to:stmt	derivation-hit	EFF-HE6.md | 4.2 Supplier designations | X15 | `HE7_PROOF_2026-08-08.md` | `LEMMA HE7-L1` | 12 | `.12`, `.13`, `.39`
EFF.HE6.13	EFF.GENHN.07	stmt-dep	B	OPEN	xref	from:exact,to:gov	default	EFF-HE6.md | 5.1 What HE6 consumes (forward edges) | HE7 | §S4.1's exact-set argument | — | `.13` (the proof of HE6-1L is HE7's) | YES
EFF.HE6.13	EFF.HE7.09	stmt-dep	B	OPEN	xref	from:exact,to:stmt	statement-hit	EFF-HE6.md | 4.2 Supplier designations | X16 | `HE7_PROOF_2026-08-08.md` | `HE6` | 209 | `.13`, `.38`, `.39`
EFF.HE6.13	EFF.HE7.132	proof-dep	B	OPEN	xref	from:exact,to:stmt	derivation-hit	EFF-HE6.md | 4.2 Supplier designations | X17 | `HE7_PROOF_2026-08-08.md` | the landing heading `Dated correction (2026-08-09, from HE6 PE2 F-1)` | **1** | `.13` — the verified cross-note landing
EFF.HE6.13	EFF.HE7.19	stmt-dep	B	OPEN	xref	from:exact,to:stmt	statement-hit	EFF-HE6.md | 4.2 Supplier designations | X15 | `HE7_PROOF_2026-08-08.md` | `LEMMA HE7-L1` | 12 | `.12`, `.13`, `.39`
EFF.HE6.15	EFF.GENHN.07	stmt-dep	B	OPEN	xref	from:exact,to:gov	default	EFF-HE6.md | 5.1 What HE6 consumes (forward edges) | GENHN | LEMMA GENHN-2 (the slot lemma) | @ HEAD | `.15` **only** (then everything through it) | YES — “the one load-bearing import”
EFF.HE6.15	EFF.GENHN.27	proof-dep	B	OPEN	xref	from:exact,to:stmt	derivation-hit	EFF-HE6.md | 4.2 Supplier designations | X2 | `GENHN_PROOF_2026-08-08.md` | `LEMMA GENHN-2` | 2 | `.04`, `.15`, `.25`
EFF.HE6.15	EFF.HE3.16	stmt-dep	B	OPEN	reverse-xref	from:stmt,to:gov	default	EFF-HE3.md | Sample re-verification (10 of 46, grep-rerun at merge time against the working tree — MUST include both reverse-edge designations per the merge charge) | `HE6_PROOF_2026-08-08.md:HE6-0″` 
EFF.HE6.16	EFF.GENHN.07	stmt-dep	B	OPEN	xref	from:exact,to:gov	default	EFF-HE6.md | 5.1 What HE6 consumes (forward edges) | HE3 | DEFINITION 1/2, LEMMA HE3-0, LEMMA HE3-1, the THEOREM HE3.A assembly, COROLLARY HE3.B | `7a95449` | `.05`, `.10`, `.16`, `.32` | YES
EFF.HE6.16	EFF.HE3.25	stmt-dep	B	OPEN	xref	from:exact,to:stmt	statement-hit	EFF-HE6.md | 4.2 Supplier designations | X5 | `HE3_PROOF_2026-08-08.md` | `LEMMA HE3-0` | 7 | `.05`, `.16`, `.23`, `.29`
EFF.HE6.17	EFF.HE3.29	stmt-dep	B	OPEN	xref	from:exact,to:stmt	statement-hit	EFF-HE6.md | 4.2 Supplier designations | X12 | `HE3_PROOF_2026-08-08.md` | `HE3-3` | 15 | `.06`, `.17`, `.20`, `.30`, `.33`, `.35`
EFF.HE6.17	EFF.HE3.32	stmt-dep	B	OPEN	xref	from:exact,to:stmt	statement-hit	EFF-HE6.md | 4.2 Supplier designations | X13 | `HE3_PROOF_2026-08-08.md` | `LEMMA HE3-4` | 15 | `.17`, `.32`, `.34`
EFF.HE6.18	EFF.HE3.34	stmt-dep	B	OPEN	xref	from:exact,to:stmt	statement-hit	EFF-HE6.md | 4.2 Supplier designations | X7 | `HE3_PROOF_2026-08-08.md` | `THEOREM HE3.A` | 17 | `.05`, `.18`, `.19`, `.31`, `.32`
EFF.HE6.18	EFF.HE3.44	stmt-dep	B	OPEN	xref	from:exact,to:stmt	statement-hit	EFF-HE6.md | 4.2 Supplier designations | X11 | `HE3_PROOF_2026-08-08.md` | `HE3-BOX-6` | 12 | `.07`, `.18`, `.20`, `.30`, `.35`
EFF.HE6.19	EFF.HE3.17	stmt-dep	B	OPEN	xref	from:exact,to:stmt	statement-hit	EFF-HE6.md | 4.2 Supplier designations | X8 | `HE3_PROOF_2026-08-08.md` | `COROLLARY HE3.B` | 8 | `.05`, `.19`
EFF.HE6.19	EFF.HE3.34	stmt-dep	B	OPEN	xref	from:exact,to:stmt	statement-hit	EFF-HE6.md | 4.2 Supplier designations | X7 | `HE3_PROOF_2026-08-08.md` | `THEOREM HE3.A` | 17 | `.05`, `.18`, `.19`, `.31`, `.32`
EFF.HE6.19	EFF.HE6R1.29	stmt-dep	B	OPEN	xref	from:exact,to:stmt	statement-hit	EFF-HE6.md | 4.2 Supplier designations | X21 | `HE6R1_RECON_2026-08-08.md` | `HE6R1-T-CRACK` | 2 | `.19`, `.36`
EFF.HE6.20	EFF.HE3.29	stmt-dep	B	OPEN	xref	from:exact,to:stmt	statement-hit	EFF-HE6.md | 4.2 Supplier designations | X12 | `HE3_PROOF_2026-08-08.md` | `HE3-3` | 15 | `.06`, `.17`, `.20`, `.30`, `.33`, `.35`
EFF.HE6.20	EFF.HE3.44	stmt-dep	B	OPEN	xref	from:exact,to:stmt	statement-hit	EFF-HE6.md | 4.2 Supplier designations | X11 | `HE3_PROOF_2026-08-08.md` | `HE3-BOX-6` | 12 | `.07`, `.18`, `.20`, `.30`, `.35`
EFF.HE6.23	EFF.HE3.25	stmt-dep	B	OPEN	xref	from:exact,to:stmt	statement-hit	EFF-HE6.md | 4.2 Supplier designations | X5 | `HE3_PROOF_2026-08-08.md` | `LEMMA HE3-0` | 7 | `.05`, `.16`, `.23`, `.29`
EFF.HE6.24	EFF.GENHN.07	stmt-dep	B	OPEN	xref	from:exact,to:gov	default	EFF-HE6.md | 5.1 What HE6 consumes (forward edges) | classical | resultant symmetry; the ultrametric inequality; uniqueness of `v`; convex duality (★) | — | `.30`, `.24`, `.31`, `.25` | YES
EFF.HE6.25	EFF.GENHN.07	stmt-dep	B	OPEN	xref	from:exact,to:gov	default	EFF-HE6.md | 5.1 What HE6 consumes (forward edges) | classical | resultant symmetry; the ultrametric inequality; uniqueness of `v`; convex duality (★) | — | `.30`, `.24`, `.31`, `.25` | YES
EFF.HE6.25	EFF.GENHN.27	stmt-dep	B	OPEN	xref	from:exact,to:stmt	statement-hit	EFF-HE6.md | 4.2 Supplier designations | X2 | `GENHN_PROOF_2026-08-08.md` | `LEMMA GENHN-2` | 2 | `.04`, `.15`, `.25`
EFF.HE6.29	EFF.HE3.25	stmt-dep	B	OPEN	xref	from:exact,to:stmt	statement-hit	EFF-HE6.md | 4.2 Supplier designations | X5 | `HE3_PROOF_2026-08-08.md` | `LEMMA HE3-0` | 7 | `.05`, `.16`, `.23`, `.29`
EFF.HE6.30	EFF.GENHN.07	stmt-dep	B	OPEN	xref	from:exact,to:gov	default	EFF-HE6.md | 5.1 What HE6 consumes (forward edges) | classical | resultant symmetry; the ultrametric inequality; uniqueness of `v`; convex duality (★) | — | `.30`, `.24`, `.31`, `.25` | YES
EFF.HE6.30	EFF.HE3.16	stmt-dep	B	OPEN	reverse-xref	from:stmt,to:gov	default	EFF-HE3.md | Sample re-verification (10 of 46, grep-rerun at merge time against the working tree — MUST include both reverse-edge designations per the merge charge) | `HE6_PROOF_2026-08-08.md:LEMMA HE
EFF.HE6.30	EFF.HE3.29	stmt-dep	B	OPEN	xref	from:exact,to:stmt	statement-hit	EFF-HE6.md | 4.2 Supplier designations | X12 | `HE3_PROOF_2026-08-08.md` | `HE3-3` | 15 | `.06`, `.17`, `.20`, `.30`, `.33`, `.35`
EFF.HE6.30	EFF.HE3.44	stmt-dep	B	OPEN	xref	from:exact,to:stmt	statement-hit	EFF-HE6.md | 4.2 Supplier designations | X11 | `HE3_PROOF_2026-08-08.md` | `HE3-BOX-6` | 12 | `.07`, `.18`, `.20`, `.30`, `.35`
EFF.HE6.31	EFF.GENHN.07	stmt-dep	B	OPEN	xref	from:exact,to:gov	default	EFF-HE6.md | 5.1 What HE6 consumes (forward edges) | classical | resultant symmetry; the ultrametric inequality; uniqueness of `v`; convex duality (★) | — | `.30`, `.24`, `.31`, `.25` | YES
EFF.HE6.31	EFF.HE3.34	stmt-dep	B	OPEN	xref	from:exact,to:stmt	statement-hit	EFF-HE6.md | 4.2 Supplier designations | X7 | `HE3_PROOF_2026-08-08.md` | `THEOREM HE3.A` | 17 | `.05`, `.18`, `.19`, `.31`, `.32`
EFF.HE6.32	EFF.GENHN.07	stmt-dep	B	OPEN	xref	from:exact,to:gov	default	EFF-HE6.md | 5.1 What HE6 consumes (forward edges) | HE3 | DEFINITION 1/2, LEMMA HE3-0, LEMMA HE3-1, the THEOREM HE3.A assembly, COROLLARY HE3.B | `7a95449` | `.05`, `.10`, `.16`, `.32` | YES
EFF.HE6.32	EFF.HE3.32	stmt-dep	B	OPEN	xref	from:exact,to:stmt	statement-hit	EFF-HE6.md | 4.2 Supplier designations | X13 | `HE3_PROOF_2026-08-08.md` | `LEMMA HE3-4` | 15 | `.17`, `.32`, `.34`
EFF.HE6.32	EFF.HE3.34	stmt-dep	B	OPEN	xref	from:exact,to:stmt	statement-hit	EFF-HE6.md | 4.2 Supplier designations | X7 | `HE3_PROOF_2026-08-08.md` | `THEOREM HE3.A` | 17 | `.05`, `.18`, `.19`, `.31`, `.32`
EFF.HE6.33	EFF.GENHN.07	stmt-dep	B	OPEN	xref	from:exact,to:gov	default	EFF-HE6.md | 5.1 What HE6 consumes (forward edges) | HE3 | HE3-2(b) + HE3-3 (the stage-α class size) | `7a95449` | `.33` | YES, at the ℓ = 1 repeated-linear node
EFF.HE6.33	EFF.HE3.06	stmt-dep	B	OPEN	xref	from:exact,to:stmt	statement-hit	EFF-HE6.md | 4.2 Supplier designations | X14 | `HE3_PROOF_2026-08-08.md` | `HE3-2(b)` | 14 | `.33`
EFF.HE6.33	EFF.HE3.29	stmt-dep	B	OPEN	xref	from:exact,to:stmt	statement-hit	EFF-HE6.md | 4.2 Supplier designations | X12 | `HE3_PROOF_2026-08-08.md` | `HE3-3` | 15 | `.06`, `.17`, `.20`, `.30`, `.33`, `.35`
EFF.HE6.34	EFF.HE3.32	proof-dep	B	OPEN	xref	from:exact,to:stmt	derivation-hit	EFF-HE6.md | 4.2 Supplier designations | X13 | `HE3_PROOF_2026-08-08.md` | `LEMMA HE3-4` | 15 | `.17`, `.32`, `.34`
EFF.HE6.35	EFF.HE3.29	stmt-dep	B	OPEN	xref	from:exact,to:stmt	statement-hit	EFF-HE6.md | 4.2 Supplier designations | X12 | `HE3_PROOF_2026-08-08.md` | `HE3-3` | 15 | `.06`, `.17`, `.20`, `.30`, `.33`, `.35`
EFF.HE6.35	EFF.HE3.44	stmt-dep	B	OPEN	xref	from:exact,to:stmt	statement-hit	EFF-HE6.md | 4.2 Supplier designations | X11 | `HE3_PROOF_2026-08-08.md` | `HE3-BOX-6` | 12 | `.07`, `.18`, `.20`, `.30`, `.35`
EFF.HE6.36	EFF.HE6R1.19	stmt-dep	B	OPEN	reverse-xref	from:stmt,to:exact	default	EFF-HE6R1.md | 5.2 Reverse-XREF rows — who consumes HE6R1 (rule 8) | RX-3 | `HE6_PROOF_2026-08-08.md` | `HE6R1-1/2/3` 15/13/10, `HE6R1-T-CRACK` 2, `HE6-BOX-1` 3 *(reverse direction: HE6 cites this not
EFF.HE6.36	EFF.HE6R1.21	stmt-dep	B	OPEN	xref	from:exact,to:stmt	statement-hit	EFF-HE6.md | 4.2 Supplier designations | X22 | `HE6R1_RECON_2026-08-08.md` | `HE6-BOX-1` | 3 | `.36`
EFF.HE6.36	EFF.HE6R1.29	stmt-dep	B	OPEN	xref	from:exact,to:stmt	statement-hit	EFF-HE6.md | 4.2 Supplier designations | X21 | `HE6R1_RECON_2026-08-08.md` | `HE6R1-T-CRACK` | 2 | `.19`, `.36`
EFF.HE6.36	EFF.HE6R1.36	stmt-dep	B	OPEN	reverse-xref	from:stmt,to:exact	default	EFF-HE6R1.md | 5.2 Reverse-XREF rows — who consumes HE6R1 (rule 8) | RX-3 | `HE6_PROOF_2026-08-08.md` | `HE6R1-1/2/3` 15/13/10, `HE6R1-T-CRACK` 2, `HE6-BOX-1` 3 *(reverse direction: HE6 cites this not
EFF.HE6.36	EFF.HE6R1.39	stmt-dep	B	OPEN	reverse-xref	from:stmt,to:exact	default	EFF-HE6R1.md | 5.2 Reverse-XREF rows — who consumes HE6R1 (rule 8) | RX-3 | `HE6_PROOF_2026-08-08.md` | `HE6R1-1/2/3` 15/13/10, `HE6R1-T-CRACK` 2, `HE6-BOX-1` 3 *(reverse direction: HE6 cites this not
EFF.HE6.36	EFF.HE7.57	stmt-dep	B	OPEN	xref	from:exact,to:stmt	statement-hit	EFF-HE6.md | 4.2 Supplier designations | X23 | `HE7_PROOF_2026-08-08.md` | `HE6-BOX-1` | 11 | `.36`, §5.2
EFF.HE6.38	EFF.HE7.09	stmt-dep	B	OPEN	xref	from:exact,to:stmt	statement-hit	EFF-HE6.md | 4.2 Supplier designations | X16 | `HE7_PROOF_2026-08-08.md` | `HE6` | 209 | `.13`, `.38`, `.39`
EFF.HE6.39	EFF.GENHN.07	stmt-dep	B	OPEN	xref	from:exact,to:gov	default	EFF-HE6.md | 5.1 What HE6 consumes (forward edges) | HE7 + HE6R1 | (LIFT₂)/(SLOT₂) and the widened-box coverage | — | `.39` | **composition claim, not acceptance**
EFF.HE6.39	EFF.HE6R1.10	stmt-dep	B	OPEN	xref	from:exact,to:stmt	statement-hit	EFF-HE6.md | 4.2 Supplier designations | X18 | `HE6R1_RECON_2026-08-08.md` | `HE6R1-1` | 15 | `.39`
EFF.HE6.39	EFF.HE6R1.13	stmt-dep	B	OPEN	xref	from:exact,to:stmt	statement-hit	EFF-HE6.md | 4.2 Supplier designations | X19 | `HE6R1_RECON_2026-08-08.md` | `HE6R1-2` | 13 | `.39`
EFF.HE6.39	EFF.HE6R1.16	stmt-dep	B	OPEN	xref	from:exact,to:stmt	statement-hit	EFF-HE6.md | 4.2 Supplier designations | X20 | `HE6R1_RECON_2026-08-08.md` | `HE6R1-3` | 10 | `.39`
EFF.HE6.39	EFF.HE7.09	stmt-dep	B	OPEN	xref	from:exact,to:stmt	statement-hit	EFF-HE6.md | 4.2 Supplier designations | X16 | `HE7_PROOF_2026-08-08.md` | `HE6` | 209 | `.13`, `.38`, `.39`
EFF.HE6.39	EFF.HE7.19	stmt-dep	B	OPEN	xref	from:exact,to:stmt	statement-hit	EFF-HE6.md | 4.2 Supplier designations | X15 | `HE7_PROOF_2026-08-08.md` | `LEMMA HE7-L1` | 12 | `.12`, `.13`, `.39`
EFF.HE6.40	EFF.GENHN.07	stmt-dep	B	OPEN	xref	from:exact,to:gov	default	EFF-HE6.md | 5.1 What HE6 consumes (forward edges) | FGMN 1305.0775v3 | the higher-order machinery | ledger `63091ce` | `.40` | **NO — a target, not a discharge**
EFF.HE6.44	EFF.GENHN.07	stmt-dep	B	OPEN	xref	from:exact,to:gov	default	EFF-HE6.md | 5.1 What HE6 consumes (forward edges) | GENHN | GENHN-3 (window ledger) | @ HEAD | `.44` (battery only) | instrument only
EFF.HE6.45	EFF.HE6R1.19	stmt-dep	B	OPEN	reverse-xref	from:stmt,to:exact	default	EFF-HE6R1.md | 5.2 Reverse-XREF rows — who consumes HE6R1 (rule 8) | RX-3 | `HE6_PROOF_2026-08-08.md` | `HE6R1-1/2/3` 15/13/10, `HE6R1-T-CRACK` 2, `HE6-BOX-1` 3 *(reverse direction: HE6 cites this not
EFF.HE6.45	EFF.HE6R1.36	stmt-dep	B	OPEN	reverse-xref	from:stmt,to:exact	default	EFF-HE6R1.md | 5.2 Reverse-XREF rows — who consumes HE6R1 (rule 8) | RX-3 | `HE6_PROOF_2026-08-08.md` | `HE6R1-1/2/3` 15/13/10, `HE6R1-T-CRACK` 2, `HE6-BOX-1` 3 *(reverse direction: HE6 cites this not
EFF.HE6.45	EFF.HE6R1.39	stmt-dep	B	OPEN	reverse-xref	from:stmt,to:exact	default	EFF-HE6R1.md | 5.2 Reverse-XREF rows — who consumes HE6R1 (rule 8) | RX-3 | `HE6_PROOF_2026-08-08.md` | `HE6R1-1/2/3` 15/13/10, `HE6R1-T-CRACK` 2, `HE6-BOX-1` 3 *(reverse direction: HE6 cites this not
EFF.HE6.62	EFF.HE6R1.19	stmt-dep	B	OPEN	reverse-xref	from:body,to:exact	default	EFF-HE6R1.md | 5.2 Reverse-XREF rows — who consumes HE6R1 (rule 8) | RX-3 | `HE6_PROOF_2026-08-08.md` | `HE6R1-1/2/3` 15/13/10, `HE6R1-T-CRACK` 2, `HE6-BOX-1` 3 *(reverse direction: HE6 cites this not
EFF.HE6.62	EFF.HE6R1.36	stmt-dep	B	OPEN	reverse-xref	from:body,to:exact	default	EFF-HE6R1.md | 5.2 Reverse-XREF rows — who consumes HE6R1 (rule 8) | RX-3 | `HE6_PROOF_2026-08-08.md` | `HE6R1-1/2/3` 15/13/10, `HE6R1-T-CRACK` 2, `HE6-BOX-1` 3 *(reverse direction: HE6 cites this not
EFF.HE6.62	EFF.HE6R1.39	stmt-dep	B	OPEN	reverse-xref	from:body,to:exact	default	EFF-HE6R1.md | 5.2 Reverse-XREF rows — who consumes HE6R1 (rule 8) | RX-3 | `HE6_PROOF_2026-08-08.md` | `HE6R1-1/2/3` 15/13/10, `HE6R1-T-CRACK` 2, `HE6-BOX-1` 3 *(reverse direction: HE6 cites this not
EFF.HE6R1.02	EFF.HE6.30	stmt-dep	B	OPEN	xref	from:exact,to:stmt	statement-hit	EFF-HE6R1.md | 4.1 HE7 designations (the errata's target) | X12 | `HE6` | 209 | `.02`
EFF.HE6R1.04	EFF.GENHN.23	stmt-dep	B	OPEN	xref	from:exact,to:stmt	statement-hit	EFF-HE6R1.md | 4.2 Other suppliers, consumers and ledgers | X14 | `GENHN_PROOF_2026-08-08.md` | `LEMMA GENHN-1` | 4 | `.04`
EFF.HE6R1.04	EFF.GENHN.27	stmt-dep	B	OPEN	xref	from:exact,to:stmt	statement-hit	EFF-HE6R1.md | 4.2 Other suppliers, consumers and ledgers | X15 | `GENHN_PROOF_2026-08-08.md` | `LEMMA GENHN-2` | 2 | `.04`
EFF.HE6R1.04	EFF.GENHN.31	stmt-dep	B	OPEN	xref	from:exact,to:stmt	statement-hit	EFF-HE6R1.md | 4.2 Other suppliers, consumers and ledgers | X13 | `GENHN_PROOF_2026-08-08.md` | `ERRATUM` | 17 | `.04` — **the R9 erratum LANDED**
EFF.HE6R1.04	EFF.HE7.13	stmt-dep	B	OPEN	xref	from:exact,to:gov	default	EFF-HE6R1.md | 5.1 What HE6R1 consumes (forward edges) | GENHN | GENHN-1's node display | `.04` | **NO — it is what R9 corrects**
EFF.HE6R1.04	EXT:HYPOTHESIS_LEDGER.md	stmt-dep	B	OPEN	xref	from:exact,to:ext	statement-hit	EFF-HE6R1.md | 4.2 Other suppliers, consumers and ledgers | X17 | `spec/HYPOTHESIS_LEDGER.md` | `GENHN-ERR-1` | 4 | `.04`, `.20`, `.44`, `.48`
EFF.HE6R1.05	EFF.HE6.45	stmt-dep	B	OPEN	xref	from:exact,to:stmt	statement-hit	EFF-HE6R1.md | 4.2 Other suppliers, consumers and ledgers | X16 | `HE6_PROOF_2026-08-08.md` | `HE6-BOX-1` | 11 | `.05`, `.21`
EFF.HE6R1.06	EFF.HE7.13	stmt-dep	B	OPEN	xref	from:exact,to:gov	default	EFF-HE6R1.md | 5.1 What HE6R1 consumes (forward edges) | HE7 | §S1–S6 in full, as a literal instance at ℓ = 1 | `.06`, `.07`, `.17` | YES — the reconciliation's whole content
EFF.HE6R1.07	EFF.HE7.13	stmt-dep	B	OPEN	xref	from:exact,to:gov	default	EFF-HE6R1.md | 5.1 What HE6R1 consumes (forward edges) | HE7 | §S1–S6 in full, as a literal instance at ℓ = 1 | `.06`, `.07`, `.17` | YES — the reconciliation's whole content
EFF.HE6R1.10	EFF.HE7.03	stmt-dep	B	OPEN	xref	from:exact,to:stmt	statement-hit	EFF-HE6R1.md | 5.1 What HE6R1 consumes (forward edges) | HE6 | `THEOREM HE6.A`, §S6.3 (HE3 stage-α) | `.10` | YES — the jump condition's complement
EFF.HE6R1.10	EFF.HE7.15	stmt-dep	B	OPEN	xref	from:exact,to:body	statement-hit	EFF-HE6R1.md | 5.1 What HE6R1 consumes (forward edges) | HE6 | `LEMMA HE6-3(b)` ((SEP)-free slope counts) | `.10` | YES — the middle step of the descent
EFF.HE6R1.10	EFF.HE7.36	stmt-dep	B	OPEN	xref	from:exact,to:stmt	default	EFF-HE6R1.md | 5.1 What HE6R1 consumes (forward edges) | HE7 | `LEMMA HE7-6` (the block factor), `LEMMA HE7-8` (α-refine finiteness) | `.10`, `.13` | YES
EFF.HE6R1.10	EFF.HE7.53	stmt-dep	B	OPEN	xref	from:exact,to:stmt	statement-hit	EFF-HE6R1.md | 5.1 What HE6R1 consumes (forward edges) | HE7 | `LEMMA HE7-6` (the block factor), `LEMMA HE7-8` (α-refine finiteness) | `.10`, `.13` | YES
EFF.HE6R1.13	EFF.HE7.25	stmt-dep	B	OPEN	xref	from:exact,to:stmt	statement-hit	EFF-HE6R1.md | 5.1 What HE6R1 consumes (forward edges) | HE6 | `LEMMA HE6-1`, `LEMMA HE6-0′` | `.13`, `.16` | YES
EFF.HE6R1.13	EFF.HE7.29	stmt-dep	B	OPEN	xref	from:exact,to:stmt	default	EFF-HE6R1.md | 5.1 What HE6R1 consumes (forward edges) | HE6 | `LEMMA HE6-1`, `LEMMA HE6-0′` | `.13`, `.16` | YES
EFF.HE6R1.13	EFF.HE7.36	stmt-dep	B	OPEN	xref	from:exact,to:stmt	statement-hit	EFF-HE6R1.md | 5.1 What HE6R1 consumes (forward edges) | HE7 | `LEMMA HE7-6` (the block factor), `LEMMA HE7-8` (α-refine finiteness) | `.10`, `.13` | YES
EFF.HE6R1.13	EFF.HE7.53	stmt-dep	B	OPEN	xref	from:exact,to:stmt	default	EFF-HE6R1.md | 5.1 What HE6R1 consumes (forward edges) | HE7 | `LEMMA HE7-6` (the block factor), `LEMMA HE7-8` (α-refine finiteness) | `.10`, `.13` | YES
EFF.HE6R1.16	EFF.HE6.18	stmt-dep	B	OPEN	reverse-xref	from:body,to:gov	default	EFF-HE6.md | 5.2 Reverse-XREF rows — who consumes HE6 (rule 8) | RX-2 | `HE6R1_RECON_2026-08-08.md` | `HE6-BOX-1` 3 / `THEOREM HE6.A` 3 / `HE6R1-1/2/3` 15/13/10 | the widened box's ℓ = 1 branch, the f
EFF.HE6R1.16	EFF.HE7.25	stmt-dep	B	OPEN	xref	from:exact,to:stmt	statement-hit	EFF-HE6R1.md | 5.1 What HE6R1 consumes (forward edges) | HE6 | `LEMMA HE6-1`, `LEMMA HE6-0′` | `.13`, `.16` | YES
EFF.HE6R1.16	EFF.HE7.29	stmt-dep	B	OPEN	xref	from:exact,to:stmt	statement-hit	EFF-HE6R1.md | 5.1 What HE6R1 consumes (forward edges) | HE6 | `LEMMA HE6-1`, `LEMMA HE6-0′` | `.13`, `.16` | YES
EFF.HE6R1.17	EFF.HE7.13	stmt-dep	B	OPEN	xref	from:exact,to:gov	default	EFF-HE6R1.md | 5.1 What HE6R1 consumes (forward edges) | HE7 | §S1–S6 in full, as a literal instance at ℓ = 1 | `.06`, `.07`, `.17` | YES — the reconciliation's whole content
EFF.HE6R1.18	EFF.HE7.13	stmt-dep	B	OPEN	xref	from:exact,to:gov	default	EFF-HE6R1.md | 5.1 What HE6R1 consumes (forward edges) | HE6's sealed battery | rings, resultants, PARI bridge | `.18` | YES for the instrument
EFF.HE6R1.20	EXT:HYPOTHESIS_LEDGER.md	stmt-dep	B	OPEN	xref	from:exact,to:ext	statement-hit	EFF-HE6R1.md | 4.2 Other suppliers, consumers and ledgers | X17 | `spec/HYPOTHESIS_LEDGER.md` | `GENHN-ERR-1` | 4 | `.04`, `.20`, `.44`, `.48`
EFF.HE6R1.20	EXT:SOL_CERTIFICATION_LEDGER_2026-08-12.md	stmt-dep	B	OPEN	xref	from:exact,to:ext	statement-hit	EFF-HE6R1.md | 4.2 Other suppliers, consumers and ledgers | X18 | `docs/SOL_CERTIFICATION_LEDGER_2026-08-12.md` | `HE6R1` | 1 (row 15) | `.20`, `.31`, `.44`, `.48`
EFF.HE6R1.21	EFF.HE6.18	stmt-dep	B	OPEN	reverse-xref	from:stmt,to:gov	default	EFF-HE6.md | 5.2 Reverse-XREF rows — who consumes HE6 (rule 8) | RX-2 | `HE6R1_RECON_2026-08-08.md` | `HE6-BOX-1` 3 / `THEOREM HE6.A` 3 / `HE6R1-1/2/3` 15/13/10 | the widened box's ℓ = 1 branch, the f
EFF.HE6R1.21	EFF.HE6.45	stmt-dep	B	OPEN	xref	from:exact,to:stmt	statement-hit	EFF-HE6R1.md | 4.2 Other suppliers, consumers and ledgers | X16 | `HE6_PROOF_2026-08-08.md` | `HE6-BOX-1` | 11 | `.05`, `.21`
EFF.HE6R1.31	EXT:SOL_CERTIFICATION_LEDGER_2026-08-12.md	stmt-dep	B	OPEN	xref	from:exact,to:ext	default	EFF-HE6R1.md | 4.2 Other suppliers, consumers and ledgers | X18 | `docs/SOL_CERTIFICATION_LEDGER_2026-08-12.md` | `HE6R1` | 1 (row 15) | `.20`, `.31`, `.44`, `.48`
EFF.HE6R1.35	EFF.HE7.108	stmt-dep	B	OPEN	xref	from:exact,to:stmt	statement-hit	EFF-HE6R1.md | 5.1 What HE6R1 consumes (forward edges) | HE7 | `ANNEX-LEMMA R1-a`(iii)(iv) (the cocycle) | `.35`, `.39` | YES, at general ℓ
EFF.HE6R1.39	EFF.HE7.108	stmt-dep	B	OPEN	xref	from:exact,to:stmt	statement-hit	EFF-HE6R1.md | 5.1 What HE6R1 consumes (forward edges) | HE7 | `ANNEX-LEMMA R1-a`(iii)(iv) (the cocycle) | `.35`, `.39` | YES, at general ℓ
EFF.HE6R1.44	EXT:HYPOTHESIS_LEDGER.md	stmt-dep	B	OPEN	xref	from:exact,to:ext	statement-hit	EFF-HE6R1.md | 4.2 Other suppliers, consumers and ledgers | X17 | `spec/HYPOTHESIS_LEDGER.md` | `GENHN-ERR-1` | 4 | `.04`, `.20`, `.44`, `.48`
EFF.HE6R1.44	EXT:SOL_CERTIFICATION_LEDGER_2026-08-12.md	stmt-dep	B	OPEN	xref	from:exact,to:ext	default	EFF-HE6R1.md | 4.2 Other suppliers, consumers and ledgers | X18 | `docs/SOL_CERTIFICATION_LEDGER_2026-08-12.md` | `HE6R1` | 1 (row 15) | `.20`, `.31`, `.44`, `.48`
EFF.HE6R1.48	EFF.HE6.18	stmt-dep	B	OPEN	reverse-xref	from:body,to:gov	default	EFF-HE6.md | 5.2 Reverse-XREF rows — who consumes HE6 (rule 8) | RX-2 | `HE6R1_RECON_2026-08-08.md` | `HE6-BOX-1` 3 / `THEOREM HE6.A` 3 / `HE6R1-1/2/3` 15/13/10 | the widened box's ℓ = 1 branch, the f
EFF.HE6R1.48	EXT:HYPOTHESIS_LEDGER.md	stmt-dep	B	OPEN	xref	from:exact,to:ext	statement-hit	EFF-HE6R1.md | 4.2 Other suppliers, consumers and ledgers | X17 | `spec/HYPOTHESIS_LEDGER.md` | `GENHN-ERR-1` | 4 | `.04`, `.20`, `.44`, `.48`
EFF.HE6R1.48	EXT:SOL_CERTIFICATION_LEDGER_2026-08-12.md	stmt-dep	B	OPEN	xref	from:exact,to:ext	statement-hit	EFF-HE6R1.md | 4.2 Other suppliers, consumers and ledgers | X18 | `docs/SOL_CERTIFICATION_LEDGER_2026-08-12.md` | `HE6R1` | 1 (row 15) | `.20`, `.31`, `.44`, `.48`
EFF.HE7.02	EFF.HE6.19	stmt-dep	B	OPEN	xref	from:exact,to:stmt	default	EFF-HE7.md | 4. XREF verification ledger (consolidated, deduplicated) | 21 | `HE6_PROOF_2026-08-08.md:S7.2` | 5 | s1: HE6's stated exact residue = HE7's problem statement / s2: HE6's stated exact resi
EFF.HE7.03	EFF.HE3.13	stmt-dep	B	OPEN	reverse-xref	from:stmt,to:exact	default	EFF-HE3-s1of2.md | 3.2 Reverse consumer edges: mathematical supply versus append protocol | HE7 (frozen @ HE3 7a95449) | `HE3-3` (2) | `.13`, `.15`, `.31` | SAFE — DEF 1/2 and (★) byte-unchanged | Not
EFF.HE7.03	EFF.HE3.15	stmt-dep	B	OPEN	reverse-xref	from:stmt,to:exact	default	EFF-HE3-s1of2.md | 3.2 Reverse consumer edges: mathematical supply versus append protocol | HE7 (frozen @ HE3 7a95449) | `HE3-3` (2) | `.13`, `.15`, `.31` | SAFE — DEF 1/2 and (★) byte-unchanged | Not
EFF.HE7.03	EFF.HE3.31	stmt-dep	B	OPEN	reverse-xref	from:stmt,to:exact	default	EFF-HE3-s1of2.md | 3.2 Reverse consumer edges: mathematical supply versus append protocol | HE7 (frozen @ HE3 7a95449) | `HE3-3` (2) | `.13`, `.15`, `.31` | SAFE — DEF 1/2 and (★) byte-unchanged | Not
EFF.HE7.03	EFF.HE6R1.13	stmt-dep	B	OPEN	xref	from:exact,to:stmt	statement-hit	EFF-HE7.md | 4. XREF verification ledger (consolidated, deduplicated) | 24 | `HE6R1_RECON_2026-08-08.md:LEMMA HE6R1-2` | 8 | s1: The proper-block read off f (μ₂, sides, residual radical) / s2: Supplie
EFF.HE7.03	EFF.HE6R1.16	stmt-dep	B	OPEN	xref	from:exact,to:stmt	statement-hit	EFF-HE7.md | 4. XREF verification ledger (consolidated, deduplicated) | 25 | `HE6R1_RECON_2026-08-08.md:LEMMA HE6R1-3` | 8 | s1: The level-2 peel at Ψ \ | f_S (irreducibility half NOT reproved here) /
EFF.HE7.05	EFF.HE6.08	stmt-dep	B	OPEN	xref	from:exact,to:stmt	default	EFF-HE7.md | 4. XREF verification ledger (consolidated, deduplicated) | 17 | `HE6_PROOF_2026-08-08.md:S1` | 7 (§-anchor) | The inherited frame + ϖ-convention (see `.05`'s caveat) | s1 | —
EFF.HE7.09	EFF.HE6.18	stmt-dep	B	OPEN	reverse-xref	from:stmt,to:gov	default	EFF-HE6.md | 5.2 Reverse-XREF rows — who consumes HE6 (rule 8) | RX-1 | `HE7_PROOF_2026-08-08.md` | `HE6` 209 / `HE6-BOX-1` 11 / the landing heading **1** | HE6-BOX-1 as the obligation HE7 discharges;
EFF.HE7.09	EFF.HE6R1.06	stmt-dep	B	OPEN	reverse-xref	from:stmt,to:gov	default	EFF-HE6R1.md | 5.2 Reverse-XREF rows — who consumes HE6R1 (rule 8) | RX-1 | `HE7_PROOF_2026-08-08.md` | `HE6R1-F1` **4**, `HE6R1-F2` **8** | both errata | **LANDED** (micro-annex `ca3754d`; the HE7-si
EFF.HE7.105	EXT:CODEX_HE7RAT_2026-08-09.md	stmt-dep	B	OPEN	xref	from:exact,to:ext	default	EFF-HE7.md | 5.1 Per-supplier mathematical supply versus append/consumption protocol (merged from | HE7 itself (inbound) | `CODEX_HE7RAT_2026-08-09.md:F1`–`F5` | `.105`–`.124` | Five confirmed Codex-r
EFF.HE7.11	EFF.HE6R1.13	stmt-dep	B	OPEN	xref	from:exact,to:stmt	default	EFF-HE7.md | 4. XREF verification ledger (consolidated, deduplicated) | 24 | `HE6R1_RECON_2026-08-08.md:LEMMA HE6R1-2` | 8 | s1: The proper-block read off f (μ₂, sides, residual radical) / s2: Supplie
EFF.HE7.12	EFF.HE6R1.16	stmt-dep	B	OPEN	xref	from:exact,to:stmt	default	EFF-HE7.md | 4. XREF verification ledger (consolidated, deduplicated) | 25 | `HE6R1_RECON_2026-08-08.md:LEMMA HE6R1-3` | 8 | s1: The level-2 peel at Ψ \ | f_S (irreducibility half NOT reproved here) /
EFF.HE7.124	EXT:CODEX_HE7RAT_2026-08-09.md	stmt-dep	B	OPEN	xref	from:exact,to:ext	default	EFF-HE7.md | 5.1 Per-supplier mathematical supply versus append/consumption protocol (merged from | HE7 itself (inbound) | `CODEX_HE7RAT_2026-08-09.md:F1`–`F5` | `.105`–`.124` | Five confirmed Codex-r
EFF.HE7.128	EFF.HE7.129	stmt-dep	B	OPEN	xref	from:exact,to:stmt	default	EFF-HE7.md | 5.1 Per-supplier mathematical supply versus append/consumption protocol (merged from | HE7 itself (inbound) | `HE7_annexpass_report.md:M-1`, `HE7_annexpass2_report.md:M-A`/`M-B` | `.128`–
EFF.HE7.128	EFF.HE7.130	stmt-dep	B	OPEN	reverse-xref	from:stmt,to:exact	default	EFF-HE7-s3of3.md | 3.2 Reverse consumer edges: mathematical supply versus append protocol | HE7 itself (inbound) | `HE7_annexpass_report.md:M-1`, `HE7_annexpass2_report.md:M-A`/`M-B` | `.24`–`.26` | T
EFF.HE7.129	EFF.HE7.128	stmt-dep	B	OPEN	reverse-xref	from:stmt,to:exact	default	EFF-HE7-s3of3.md | 3.2 Reverse consumer edges: mathematical supply versus append protocol | HE7 itself (inbound) | `HE7_annexpass_report.md:M-1`, `HE7_annexpass2_report.md:M-A`/`M-B` | `.24`–`.26` | T
EFF.HE7.129	EFF.HE7.130	stmt-dep	B	OPEN	reverse-xref	from:stmt,to:exact	default	EFF-HE7-s3of3.md | 3.2 Reverse consumer edges: mathematical supply versus append protocol | HE7 itself (inbound) | `HE7_annexpass_report.md:M-1`, `HE7_annexpass2_report.md:M-A`/`M-B` | `.24`–`.26` | T
EFF.HE7.13	EFF.GENHN.11	stmt-dep	B	OPEN	xref	from:gov,to:stmt	default	EFF-HE7.md | 4. XREF verification ledger (consolidated, deduplicated) | 31 | `GENHN_PROOF_2026-08-08.md:GENHN.A(iv)` | 3 | The "binomial kill" LEMMA HE7-8 declares it does not need | s1 | —
EFF.HE7.13	EFF.GENHN.27	stmt-dep	B	OPEN	xref	from:gov,to:stmt	default	EFF-HE7.md | 4. XREF verification ledger (consolidated, deduplicated) | 29 | `GENHN_PROOF_2026-08-08.md:LEMMA GENHN-2` | 2 | s1: THE SLOT LEMMA — the ladder's base case / s3: R1-b's i = 1 base case | 
EFF.HE7.13	EFF.GENHN.33	stmt-dep	B	OPEN	xref	from:gov,to:stmt	default	EFF-HE7.md | 4. XREF verification ledger (consolidated, deduplicated) | 30 | `GENHN_PROOF_2026-08-08.md:GENHN-4` | 6 | Refine transfer — declared NOT consumed | s1 | —
EFF.HE7.13	EFF.GENHN.86	stmt-dep	B	OPEN	xref	from:gov,to:stmt	default	EFF-HE7.md | 4. XREF verification ledger (consolidated, deduplicated) | 32 | `GENHN_PROOF_2026-08-08.md:GENHN.C` | 19 | §S7 trichotomy — argument template only, at §S8 only | s1 | —
EFF.HE7.13	EFF.GENIND.13	stmt-dep	B	OPEN	xref	from:gov,to:stmt	default	EFF-HE7.md | 4. XREF verification ledger (consolidated, deduplicated) | 40 | `GENIND_PROOF_2026-08-08.md:GENIND.B` | 19 | s1: The conditional-stack consumer named in COROLLARY HE7.B / s2: A supplier i
EFF.HE7.13	EFF.HE3.09	stmt-dep	B	OPEN	reverse-xref	from:gov,to:exact	default	EFF-HE3-s1of2.md | 3.2 Reverse consumer edges: mathematical supply versus append protocol | GENHN (the box) | `[GENHN-HE` (19) | `.09`, `.17`, `.18` | HE3 CLAIMS the discharge at μ ≤ 3 unconditionally
EFF.HE7.13	EFF.HE3.16	stmt-dep	B	OPEN	reverse-xref	from:gov,to:gov	default	EFF-HE3-s1of2.md | 3.2 Reverse consumer edges: mathematical supply versus append protocol | GENIND (accepted) | — | — | “no consumption site of HE3 found” ✓ verified | N/A
EFF.HE7.13	EFF.HE3.17	stmt-dep	B	OPEN	reverse-xref	from:gov,to:exact	default	EFF-HE3-s1of2.md | 3.2 Reverse consumer edges: mathematical supply versus append protocol | GENHN (the box) | `[GENHN-HE` (19) | `.09`, `.17`, `.18` | HE3 CLAIMS the discharge at μ ≤ 3 unconditionally
EFF.HE7.13	EFF.HE3.18	stmt-dep	B	OPEN	reverse-xref	from:gov,to:exact	default	EFF-HE3-s1of2.md | 3.2 Reverse consumer edges: mathematical supply versus append protocol | GENHN (the box) | `[GENHN-HE` (19) | `.09`, `.17`, `.18` | HE3 CLAIMS the discharge at μ ≤ 3 unconditionally
EFF.HE7.13	EFF.HE3.25	stmt-dep	B	OPEN	reverse-xref	from:gov,to:exact	default	EFF-HE3-s1of2.md | 3.2 Reverse consumer edges: mathematical supply versus append protocol | GENHN (accepted, at HEAD) | `HE3-0` cited in its `[r1]` node erratum | `.25` | Reverse direction: GENHN cons
EFF.HE7.13	EFF.HE3.29	stmt-dep	B	OPEN	xref	from:gov,to:stmt	default	EFF-HE7.md | 4. XREF verification ledger (consolidated, deduplicated) | 35 | `HE3_PROOF_2026-08-08.md:HE3-3` | 15 | The elementary convex duality (★) of step 1 | s1 | —
EFF.HE7.13	EFF.HE3.44	stmt-dep	B	OPEN	xref	from:gov,to:stmt	default	EFF-HE7.md | 4. XREF verification ledger (consolidated, deduplicated) | 36 | `HE3_PROOF_2026-08-08.md:HE3-BOX-6` | 12 | s1: The original defect §S5.5's reduction repairs / s2: The original defect §S5.
EFF.HE7.13	EFF.HE6.13	stmt-dep	B	OPEN	xref	from:gov,to:stmt	statement-hit	EFF-HE7.md | 4. XREF verification ledger (consolidated, deduplicated) | 46 | `HE6_passPE2_report.md:F-1` | 6 | s1: The η_θ^{−q(k)} coset defect landing on LEMMA HE7-L1 / s3: The inbound coset correcti
EFF.HE7.13	EFF.HE6.14	stmt-dep	B	OPEN	xref	from:gov,to:stmt	default	EFF-HE7.md | 4. XREF verification ledger (consolidated, deduplicated) | 1 | `HE6_PROOF_2026-08-08.md:DEFINITION HE6-1` | 7 | The order-2 key family Ψ_{λ,r}; supplies λ > D′h and the key's slot heights
EFF.HE7.13	EFF.HE6.18	stmt-dep	B	OPEN	xref	from:gov,to:stmt	statement-hit	EFF-HE7.md | 4. XREF verification ledger (consolidated, deduplicated) | 12 | `HE6_PROOF_2026-08-08.md:THEOREM HE6.A` | 19 | The level-1 class-size theorem HE7.A is "one level up"; its sandwich slack |
EFF.HE7.13	EFF.HE6.19	stmt-dep	B	OPEN	xref	from:gov,to:stmt	default	EFF-HE7.md | 4. XREF verification ledger (consolidated, deduplicated) | 13 | `HE6_PROOF_2026-08-08.md:COROLLARY HE6.B` | 6 | The four-case jump enumeration, in its WIDENED [r1] form | s1 | —
EFF.HE7.13	EFF.HE6.22	stmt-dep	B	OPEN	xref	from:gov,to:stmt	default	EFF-HE7.md | 4. XREF verification ledger (consolidated, deduplicated) | 2 | `HE6_PROOF_2026-08-08.md:LEMMA HE6-0` | 17 | Off-disk level-1 value δ = D′·min(dv ξ, h) | s1 | —
EFF.HE7.13	EFF.HE6.24	stmt-dep	B	OPEN	xref	from:gov,to:stmt	default	EFF-HE7.md | 4. XREF verification ledger (consolidated, deduplicated) | 3 | `HE6_PROOF_2026-08-08.md:LEMMA HE6-0′` | 5 | s1: Level-1 local forcing (e₁ℓ \ | e, f₁d_r \ | f) / s3: R2-a's local forcing |
EFF.HE7.13	EFF.HE6.25	stmt-dep	B	OPEN	xref	from:gov,to:stmt	default	EFF-HE7.md | 4. XREF verification ledger (consolidated, deduplicated) | 4 | `HE6_PROOF_2026-08-08.md:LEMMA HE6-1` | 15 | s1: The level-1 ξ-side; Step 1's estimate and Step 2's transport identity / s3:
EFF.HE7.13	EFF.HE6.27	stmt-dep	B	OPEN	xref	from:gov,to:stmt	statement-hit	EFF-HE7.md | 4. XREF verification ledger (consolidated, deduplicated) | 6 | `HE6_PROOF_2026-08-08.md:LEMMA HE6-2` | 10 | Level-1 evaluation display (× ℓ gives the level-2 disk criterion) | s1 | —
EFF.HE7.13	EFF.HE6.28	stmt-dep	B	OPEN	xref	from:gov,to:stmt	default	EFF-HE7.md | 4. XREF verification ledger (consolidated, deduplicated) | 7 | `HE6_PROOF_2026-08-08.md:LEMMA HE6-2′` | 4 | s1: Second level-1 evaluation display (added to HE7-12(c)(7) by ANNEX R R4) / s
EFF.HE7.13	EFF.HE6.30	stmt-dep	B	OPEN	xref	from:gov,to:stmt	default	EFF-HE7.md | 4. XREF verification ledger (consolidated, deduplicated) | 9 | `HE6_PROOF_2026-08-08.md:LEMMA HE6-3` | 12 | Level-1 slope counts (SEP)-free; supplies n_λ = D′L_λ for THEOREM HE7.C | s1 | 
EFF.HE7.13	EFF.HE6.31	stmt-dep	B	OPEN	xref	from:gov,to:stmt	default	EFF-HE7.md | 4. XREF verification ledger (consolidated, deduplicated) | 11 | `HE6_PROOF_2026-08-08.md:LEMMA HE6-5` | 5 | Level-1 Galois equivariance | s1 | —
EFF.HE7.13	EFF.HE6.32	stmt-dep	B	OPEN	xref	from:gov,to:stmt	statement-hit	EFF-HE7.md | 4. XREF verification ledger (consolidated, deduplicated) | 8 | `HE6_PROOF_2026-08-08.md:COROLLARY HE6-2″` | 1 | Level-1 label of a root; the datum (λ, r) "arises as a label of f" | s1 | —
EFF.HE7.13	EFF.HE6.34	stmt-dep	B	OPEN	xref	from:gov,to:stmt	default	EFF-HE7.md | 4. XREF verification ledger (consolidated, deduplicated) | 20 | `HE6_PROOF_2026-08-08.md:S6.4` | 1 | HE6's own two-route decorrelation at μ ≤ 3 | s1 | —
EFF.HE7.13	EFF.HE6.36	stmt-dep	B	OPEN	xref	from:gov,to:stmt	default	EFF-HE7.md | 4. XREF verification ledger (consolidated, deduplicated) | 16 | `HE6_PROOF_2026-08-08.md:HE6-T-CASEB` | 4 | HE6's own tooth; the observed three-σ alphabet | s1 | —
EFF.HE7.13	EFF.HE6.40	stmt-dep	B	OPEN	xref	from:gov,to:stmt	default	EFF-HE7.md | 4. XREF verification ledger (consolidated, deduplicated) | 22 | `HE6_PROOF_2026-08-08.md:S7.3` | 1 | The FGMN citation targets HE7 declares NOT consumed | s1 | —
EFF.HE7.13	EFF.HE6.41	stmt-dep	B	OPEN	xref	from:gov,to:stmt	default	EFF-HE7.md | 4. XREF verification ledger (consolidated, deduplicated) | 70 | `HE6_PROOF_2026-08-08.md:HE6-BOX-2` | 2 | The queue that owns the exact-set correction at the source | s3 | —
EFF.HE7.13	EFF.HE6.45	stmt-dep	B	OPEN	xref	from:gov,to:stmt	default	EFF-HE7.md | 4. XREF verification ledger (consolidated, deduplicated) | 15 | `HE6_PROOF_2026-08-08.md:HE6-BOX-1` | 9 | s1: This unit's problem statement; the n = 8 bite / s2: The box HE7 closes; the A
EFF.HE7.13	EFF.HE6.50	stmt-dep	B	OPEN	xref	from:gov,to:stmt	default	EFF-HE7.md | 4. XREF verification ledger (consolidated, deduplicated) | 56 | `HE6_PROOF_2026-08-08.md:HE6-BOX-4` | 2 | The oracle asymmetry HE7-BOX-3 inherits | s2 | —
EFF.HE7.13	EFF.HE6R1.07	stmt-dep	B	OPEN	xref	from:gov,to:stmt	default	EFF-HE7.md | 4. XREF verification ledger (consolidated, deduplicated) | 28 | `HE6R1_RECON_2026-08-08.md:S3.2` | 6 | The ten-item literal-instance check; the item-2 ℓ = 1 verification | s1 | —
EFF.HE7.13	EFF.HE6R1.08	stmt-dep	B	OPEN	xref	from:gov,to:stmt	default	EFF-HE7.md | 4. XREF verification ledger (consolidated, deduplicated) | 26 | `HE6R1_RECON_2026-08-08.md:FINDING HE6R1-F1` | 4 | The enumeration error found against HE7.A(3)/HE7.C | s1 | —
EFF.HE7.13	EFF.HE6R1.10	stmt-dep	B	OPEN	xref	from:gov,to:stmt	default	EFF-HE7.md | 4. XREF verification ledger (consolidated, deduplicated) | 23 | `HE6R1_RECON_2026-08-08.md:LEMMA HE6R1-1` | 9 | s1: The widened jump condition with identical bounds / s2: The widened jump
EFF.HE7.13	EFF.HE6R1.13	stmt-dep	B	OPEN	xref	from:gov,to:stmt	statement-hit	EFF-HE7.md | 4. XREF verification ledger (consolidated, deduplicated) | 48 | `HE6R1_passPE2_report.md:F-1` | 3 | s1: The §S5.5 "(equal outright when separable)" scalar defect / s3: The inbound scalar 
EFF.HE7.13	EFF.HE6R1.16	stmt-dep	B	OPEN	xref	from:gov,to:stmt	statement-hit	EFF-HE7.md | Sample re-verification (12 of 78, grep-rerun at merge time against the working tree) | `HE6R1_RECON_2026-08-08.md:LEMMA HE6R1-3` | 8 | 8 | OK
EFF.HE7.13	EFF.HE6R1.22	stmt-dep	B	OPEN	xref	from:gov,to:stmt	default	EFF-HE7.md | 4. XREF verification ledger (consolidated, deduplicated) | 57 | `HE6R1_RECON_2026-08-08.md:he6r1_checks.py` | 2 | The sibling battery discharging the `d_r ≥ 2` hole | s2 | —
EFF.HE7.13	EFF.HE6R1.30	stmt-dep	B	OPEN	xref	from:gov,to:stmt	default	EFF-HE7.md | Sample re-verification (12 of 78, grep-rerun at merge time against the working tree) | `HE6R1_RECON_2026-08-08.md:FINDING HE6R1-F2` | 4 | 4 | OK
EFF.HE7.13	EFF.HE6R1.35	stmt-dep	B	OPEN	xref	from:gov,to:stmt	default	EFF-HE7.md | 4. XREF verification ledger (consolidated, deduplicated) | 72 | `HE6R1_RECON_2026-08-08.md:LEMMA HE6R1-2(c)` | 1 | The clause HE6R1 corrected in its own copy | s3 | —
EFF.HE7.13	EFF.HE6R1.36	stmt-dep	B	OPEN	xref	from:gov,to:stmt	default	EFF-HE7.md | 4. XREF verification ledger (consolidated, deduplicated) | 74 | `HE6R1_RECON_2026-08-08.md:F-3` | 8 | The PE1 finding that falsified the "equal outright" clause | s3 | —
EFF.HE7.13	EFF.HE6R1.41	stmt-dep	B	OPEN	xref	from:gov,to:stmt	default	EFF-HE7.md | 4. XREF verification ledger (consolidated, deduplicated) | 73 | `HE6R1_RECON_2026-08-08.md:R3` | 7 | The row enumerating the five cosmetic byte-diffs | s3 | —
EFF.HE7.13	EFF.HE7.104	stmt-dep	B	OPEN	reverse-xref	from:stmt,to:exact	default	EFF-HE7-s2of3.md | 3.2 Reverse consumer edges: mathematical supply versus append protocol | HE7 itself (reverse) | `HE7_passPE3_report.md:F-1` (8) | `.30`–`.41` | **Inbound**: PE3's finding is dischar
EFF.HE7.13	EFF.HE7.128	stmt-dep	B	OPEN	xref	from:gov,to:stmt	default	EFF-HE7.md | 4. XREF verification ledger (consolidated, deduplicated) | 75 | `HE7_annexpass_report.md:M-1` | 3 | The "102" counter recount | s3 | —
EFF.HE7.13	EFF.HE7.129	stmt-dep	B	OPEN	xref	from:gov,to:stmt	default	EFF-HE7.md | 4. XREF verification ledger (consolidated, deduplicated) | 76 | `HE7_annexpass2_report.md:M-A` | 5 | The oracle-name correction | s3 | —
EFF.HE7.13	EFF.HE7.16	stmt-dep	B	OPEN	xref	from:gov,to:stmt	default	EFF-HE7.md | 4. XREF verification ledger (consolidated, deduplicated) | 60 | `HE7_passPE1_report.md:F-3` | 2 | The missing integer floor | s2 | —
EFF.HE7.13	EFF.HE7.17	stmt-dep	B	OPEN	xref	from:gov,to:stmt	default	EFF-HE7.md | 4. XREF verification ledger (consolidated, deduplicated) | 77 | `HE7_annexpass2_report.md:M-B` | 7 | The proof-provenance rider | s3 | —
EFF.HE7.13	EFF.HE7.50	stmt-dep	B	OPEN	xref	from:gov,to:stmt	default	EFF-HE7.md | 4. XREF verification ledger (consolidated, deduplicated) | 51 | `HE7_passPE1_report.md:F-4` | 2 | s1: The (LIFT_i) vs (LIFT_{i−1}) off-by-one citation / s2: The (LIFT_i)/(LIFT_{i−1}) off-
EFF.HE7.13	EFF.HE7.55	stmt-dep	B	OPEN	xref	from:gov,to:stmt	default	EFF-HE7.md | 4. XREF verification ledger (consolidated, deduplicated) | 50 | `HE7_passPE1_report.md:F-2` | 2 | s1: The false (S5.2) middle-band dichotomy / s2: The false (S5.2) dichotomy | s1+s2 | **D
EFF.HE7.13	EFF.HE7.85	stmt-dep	B	OPEN	xref	from:gov,to:stmt	default	EFF-HE7.md | 4. XREF verification ledger (consolidated, deduplicated) | 63 | `HE7_passPE1_report.md:R-c` | 2 | The redundant degenerate test | s2 | —
EFF.HE7.13	EFF.HE7.86	stmt-dep	B	OPEN	xref	from:gov,to:stmt	default	EFF-HE7.md | 4. XREF verification ledger (consolidated, deduplicated) | 62 | `HE7_passPE1_report.md:R-b` | 2 | The silent PARI-drop guard | s2 | —
EFF.HE7.13	EFF.HE7.93	stmt-dep	B	OPEN	reverse-xref	from:stmt,to:exact	default	EFF-HE7-s2of3.md | 3.2 Reverse consumer edges: mathematical supply versus append protocol | HE7 itself (reverse) | `HE7_passPE3_report.md:F-1` (8) | `.30`–`.41` | **Inbound**: PE3's finding is dischar
EFF.HE7.13	EFF.HMENU3.28	stmt-dep	B	OPEN	xref	from:gov,to:stmt	default	EFF-HE7.md | 4. XREF verification ledger (consolidated, deduplicated) | 59 | `HMENU3_PROOF_2026-08-08.md:ANNEX A` | 5 | The minors-only / dated-annex precedent (HE7's shorthand fails grep — defect 1) 
EFF.HE7.13	EFF.JD0.33	stmt-dep	B	OPEN	xref	from:gov,to:stmt	default	EFF-HE7.md | 4. XREF verification ledger (consolidated, deduplicated) | 37 | `JD0_PROOF_2026-08-08.md:J-D0` | 25 | s1: "counts are twist-blind, letters are twisted" / s3: The twist-blindness principle
EFF.HE7.13	EFF.W12.s1of2.09	stmt-dep	B	OPEN	xref	from:gov,to:stmt	default	EFF-HE7.md | 4. XREF verification ledger (consolidated, deduplicated) | 58 | `W12_PROOF_2026-08-08.md:W-12` | 100 | A supplier in HE7-BOX-1's minimum (note-wide tag; addressable form is `W-12.D`, 19) 
EFF.HE7.13	EFF.W12.s1of2.12	stmt-dep	B	OPEN	xref	from:gov,to:stmt	default	EFF-HE7.md | 4. XREF verification ledger (consolidated, deduplicated) | 38 | `W12_PROOF_2026-08-08.md:W-12.D` | 19 | The conditional-stack consumer named in COROLLARY HE7.B | s1 | —
EFF.HE7.13	EFF.W12.s1of2.39	stmt-dep	B	OPEN	xref	from:gov,to:stmt	default	EFF-HE7.md | 4. XREF verification ledger (consolidated, deduplicated) | 39 | `W12_PROOF_2026-08-08.md:r4` | 59 | The Artin–Schreier trap round (descriptive; see source defect 5) | s1 | —
EFF.HE7.13	EXT:CODEX_HE6PE1_2026-08-08.md	stmt-dep	B	OPEN	xref	from:gov,to:ext	default	EFF-HE7.md | 4. XREF verification ledger (consolidated, deduplicated) | 41 | `CODEX_HE6PE1_2026-08-08.md:F2` | 4 | The Φ′ \ | f stratum finding whose level-2 analogue is HE6R1-F2 | s1 | —
EFF.HE7.13	EXT:CODEX_HE7RAT_2026-08-09.md	stmt-dep	B	OPEN	xref	from:gov,to:ext	default	EFF-HE7.md | 4. XREF verification ledger (consolidated, deduplicated) | 43 | `CODEX_HE7RAT_2026-08-09.md:F1` | 4 | s1: The CRITICAL on DEFINITION HE7-2 / THEOREM HE7.D / s3: The CRITICAL on DEFINITION
EFF.HE7.130	EFF.HE7.128	stmt-dep	B	OPEN	xref	from:exact,to:stmt	default	EFF-HE7.md | 5.1 Per-supplier mathematical supply versus append/consumption protocol (merged from | HE7 itself (inbound) | `HE7_annexpass_report.md:M-1`, `HE7_annexpass2_report.md:M-A`/`M-B` | `.128`–
EFF.HE7.130	EFF.HE7.129	stmt-dep	B	OPEN	xref	from:exact,to:stmt	default	EFF-HE7.md | 5.1 Per-supplier mathematical supply versus append/consumption protocol (merged from | HE7 itself (inbound) | `HE7_annexpass_report.md:M-1`, `HE7_annexpass2_report.md:M-A`/`M-B` | `.128`–
EFF.HE7.14	EFF.HE6R1.06	stmt-dep	B	OPEN	reverse-xref	from:stmt,to:gov	default	EFF-HE6R1.md | 5.2 Reverse-XREF rows — who consumes HE6R1 (rule 8) | RX-1 | `HE7_PROOF_2026-08-08.md` | `HE6R1-F1` **4**, `HE6R1-F2` **8** | both errata | **LANDED** (micro-annex `ca3754d`; the HE7-si
EFF.HE7.17	EFF.HE6R1.16	stmt-dep	B	OPEN	xref	from:exact,to:stmt	default	EFF-HE7.md | 4. XREF verification ledger (consolidated, deduplicated) | 25 | `HE6R1_RECON_2026-08-08.md:LEMMA HE6R1-3` | 8 | s1: The level-2 peel at Ψ \ | f_S (irreducibility half NOT reproved here) /
EFF.HE7.19	EFF.HE6R1.30	stmt-dep	B	OPEN	xref	from:exact,to:stmt	default	EFF-HE7.md | 4. XREF verification ledger (consolidated, deduplicated) | 27 | `HE6R1_RECON_2026-08-08.md:FINDING HE6R1-F2` | 4 | s1: The missing Ψ ∤ f_S hypothesis / s2: The finding whose stratum `.19`
EFF.HE7.20	EFF.HE6R1.16	stmt-dep	B	OPEN	xref	from:exact,to:stmt	default	EFF-HE7.md | 4. XREF verification ledger (consolidated, deduplicated) | 25 | `HE6R1_RECON_2026-08-08.md:LEMMA HE6R1-3` | 8 | s1: The level-2 peel at Ψ \ | f_S (irreducibility half NOT reproved here) /
EFF.HE7.20	EFF.HE6R1.30	stmt-dep	B	OPEN	xref	from:exact,to:stmt	default	EFF-HE7.md | 4. XREF verification ledger (consolidated, deduplicated) | 27 | `HE6R1_RECON_2026-08-08.md:FINDING HE6R1-F2` | 4 | s1: The missing Ψ ∤ f_S hypothesis / s2: The finding whose stratum `.19`
EFF.HE7.39	EFF.HE6R1.13	stmt-dep	B	OPEN	xref	from:exact,to:stmt	statement-hit	EFF-HE7.md | 4. XREF verification ledger (consolidated, deduplicated) | 55 | `HE6R1_passPE3_report.md:F-1` | 12 | s1: The pin-height correction of the cocycle exponent (`.39`) / s3: The inbound pin-he
EFF.HE7.57	EFF.HE6.18	stmt-dep	B	OPEN	reverse-xref	from:stmt,to:gov	default	EFF-HE6.md | 5.2 Reverse-XREF rows — who consumes HE6 (rule 8) | RX-1 | `HE7_PROOF_2026-08-08.md` | `HE6` 209 / `HE6-BOX-1` 11 / the landing heading **1** | HE6-BOX-1 as the obligation HE7 discharges;
EFF.HE7.65	EFF.HE3.13	stmt-dep	B	OPEN	reverse-xref	from:stmt,to:exact	default	EFF-HE3-s1of2.md | 3.2 Reverse consumer edges: mathematical supply versus append protocol | HE7 (frozen @ HE3 7a95449) | `HE3-3` (2) | `.13`, `.15`, `.31` | SAFE — DEF 1/2 and (★) byte-unchanged | Not
EFF.HE7.65	EFF.HE3.15	stmt-dep	B	OPEN	reverse-xref	from:stmt,to:exact	default	EFF-HE3-s1of2.md | 3.2 Reverse consumer edges: mathematical supply versus append protocol | HE7 (frozen @ HE3 7a95449) | `HE3-3` (2) | `.13`, `.15`, `.31` | SAFE — DEF 1/2 and (★) byte-unchanged | Not
EFF.HE7.65	EFF.HE3.16	stmt-dep	B	OPEN	reverse-xref	from:stmt,to:gov	default	EFF-HE3.md | Sample re-verification (10 of 46, grep-rerun at merge time against the working tree — MUST include both reverse-edge designations per the merge charge) | `HE7_PROOF_2026-08-08.md:HE3-BOX-
EFF.HE7.65	EFF.HE3.31	stmt-dep	B	OPEN	reverse-xref	from:stmt,to:exact	default	EFF-HE3-s1of2.md | 3.2 Reverse consumer edges: mathematical supply versus append protocol | HE7 (frozen @ HE3 7a95449) | `HE3-3` (2) | `.13`, `.15`, `.31` | SAFE — DEF 1/2 and (★) byte-unchanged | Not
EFF.HE7.65	EFF.HE6.19	stmt-dep	B	OPEN	xref	from:exact,to:stmt	statement-hit	EFF-HE7-s2of3.md | 3.1 Verified import/XREF designations | 1 | `HE6_PROOF_2026-08-08.md:S7.2` | 5 | HE6's stated exact residue, whose under-count `.02` audits
EFF.HE7.66	EFF.HE6R1.13	stmt-dep	B	OPEN	xref	from:exact,to:stmt	statement-hit	EFF-HE7-s2of3.md | 3.1 Verified import/XREF designations | 5 | `HE6R1_RECON_2026-08-08.md:LEMMA HE6R1-2` | 8 | Supplies `.03`(d), `.11`, and the annex leg's translation mechanism
EFF.HE7.66	EFF.HE6R1.16	stmt-dep	B	OPEN	xref	from:exact,to:stmt	statement-hit	EFF-HE7-s2of3.md | 3.1 Verified import/XREF designations | 6 | `HE6R1_RECON_2026-08-08.md:LEMMA HE6R1-3` | 8 | Supplies `.03`(e), `.12`, `.17`, `.20`
EFF.HE7.74	EFF.HE6R1.13	stmt-dep	B	OPEN	xref	from:exact,to:stmt	statement-hit	EFF-HE7-s2of3.md | 3.1 Verified import/XREF designations | 5 | `HE6R1_RECON_2026-08-08.md:LEMMA HE6R1-2` | 8 | Supplies `.03`(d), `.11`, and the annex leg's translation mechanism
EFF.HE7.75	EFF.HE6R1.16	stmt-dep	B	OPEN	xref	from:exact,to:stmt	statement-hit	EFF-HE7-s2of3.md | 3.1 Verified import/XREF designations | 6 | `HE6R1_RECON_2026-08-08.md:LEMMA HE6R1-3` | 8 | Supplies `.03`(e), `.12`, `.17`, `.20`
EFF.HE7.80	EFF.HE6R1.16	stmt-dep	B	OPEN	xref	from:exact,to:stmt	statement-hit	EFF-HE7-s2of3.md | 3.1 Verified import/XREF designations | 6 | `HE6R1_RECON_2026-08-08.md:LEMMA HE6R1-3` | 8 | Supplies `.03`(e), `.12`, `.17`, `.20`
EFF.HE7.82	EFF.HE6R1.30	stmt-dep	B	OPEN	xref	from:exact,to:stmt	statement-hit	EFF-HE7-s2of3.md | 3.1 Verified import/XREF designations | 7 | `HE6R1_RECON_2026-08-08.md:FINDING HE6R1-F2` | 4 | The finding whose stratum `.19` re-scopes and `.20` decides
EFF.HE7.83	EFF.HE6R1.16	stmt-dep	B	OPEN	xref	from:exact,to:stmt	statement-hit	EFF-HE7-s2of3.md | 3.1 Verified import/XREF designations | 6 | `HE6R1_RECON_2026-08-08.md:LEMMA HE6R1-3` | 8 | Supplies `.03`(e), `.12`, `.17`, `.20`
EFF.HE7.83	EFF.HE6R1.30	stmt-dep	B	OPEN	xref	from:exact,to:stmt	default	EFF-HE7-s2of3.md | 3.1 Verified import/XREF designations | 7 | `HE6R1_RECON_2026-08-08.md:FINDING HE6R1-F2` | 4 | The finding whose stratum `.19` re-scopes and `.20` decides
EFF.HETOW.01	EFF.HE6R1.06	stmt-dep	C	OPEN	xref	from:exact,to:gov	default	EFF-HETOW.md | 3.1 Supplier and consumer designation XREFs | X04 | `HE6R1_RECON_2026-08-08.md` | file exists | — | — | the pattern model (`.01`) and LEMMA HE6R1-2/3
EFF.HETOW.02	EFF.HE7.13	stmt-dep	C	OPEN	xref	from:exact,to:gov	default	EFF-HETOW.md | 3.1 Supplier and consumer designation XREFs | X02 | `HE7_PROOF_2026-08-08.md` | file exists; pinned by commit `ca3754d` | — | — | the frozen instance machinery (`.02`)
EFF.HETOW.04	EFF.GENHN.77	stmt-dep	C	OPEN	xref	from:exact,to:stmt	statement-hit	EFF-HETOW.md | 3.1 Supplier and consumer designation XREFs | X07 | `GENHN_PROOF_2026-08-08.md` | `HETOW` | **7** | — | **the LANDED GENHN-side seam record** (`.04`); the note's one cross-note landing
EFF.HETOW.06	EFF.GENHN.42	stmt-dep	C	OPEN	xref	from:exact,to:stmt	statement-hit	EFF-HETOW.md | 3.1 Supplier and consumer designation XREFs | X01 | `GENHN_PROOF_2026-08-08.md` | `GENHN-T(b)` | ≥1 | — | the consumed tower setting (`.06`, `.08`)
EFF.HETOW.07	EFF.HE6R1.06	stmt-dep	C	OPEN	xref	from:exact,to:gov	default	EFF-HETOW.md | 3.1 Supplier and consumer designation XREFs | X05 | same | the reconciliation pattern | — | — | cited at `.01`, `.07`
EFF.HETOW.08	EFF.GENHN.42	stmt-dep	C	OPEN	xref	from:exact,to:stmt	statement-hit	EFF-HETOW.md | 3.1 Supplier and consumer designation XREFs | X01 | `GENHN_PROOF_2026-08-08.md` | `GENHN-T(b)` | ≥1 | — | the consumed tower setting (`.06`, `.08`)
EFF.HETOW.11	EFF.HE6.22	stmt-dep	C	OPEN	xref	from:exact,to:stmt	statement-hit	EFF-HETOW.md | 3.1 Supplier and consumer designation XREFs | X03 | `HE6_PROOF_2026-08-08.md` | `HE6-0` | ≥1 | — | the coset factor of `.11`
EFF.HETOW.15	EFF.T2.03	stmt-dep	C	OPEN	xref	from:exact,to:stmt	default	EFF-HETOW.md | 3.1 Supplier and consumer designation XREFs | X09b | same | `HETOW-LABELS` / `HETOW-LABELS-1` / `HETOW-A` / `HETOW-NORMALIZER-4` | 26 / 15 / 23 / 17 | — | T2's four further HETOW pins: 
EFF.HETOW.15	EFF.T2.55	stmt-dep	C	OPEN	xref	from:exact,to:stmt	default	EFF-HETOW.md | 3.1 Supplier and consumer designation XREFs | X09b | same | `HETOW-LABELS` / `HETOW-LABELS-1` / `HETOW-A` / `HETOW-NORMALIZER-4` | 26 / 15 / 23 / 17 | — | T2's four further HETOW pins: 
EFF.HETOW.15	EFF.T2.80	stmt-dep	C	OPEN	xref	from:exact,to:stmt	default	EFF-HETOW.md | 3.1 Supplier and consumer designation XREFs | X09b | same | `HETOW-LABELS` / `HETOW-LABELS-1` / `HETOW-A` / `HETOW-NORMALIZER-4` | 26 / 15 / 23 / 17 | — | T2's four further HETOW pins: 
EFF.HETOW.17	EFF.T2.89	stmt-dep	C	OPEN	xref	from:exact,to:stmt	statement-hit	EFF-HETOW.md | 3.1 Supplier and consumer designation XREFs | X09 | `T2_SIGMA_LADDER_MASTER_2026-08-12.md` | `HETOW-KEY-BRIDGE` | **41** | — | the parent pin = `.17`
EFF.HETOW.22	EFF.GENHN.07	stmt-dep	C	OPEN	xref	from:gov,to:gov	default	EFF-HETOW.md | 3.4 Verified NEGATIVE edges | N2 | `grep -cF 'discharged-at-grade' GENHN_PROOF_2026-08-08.md` | **0** | **HETOW-BOX-4's rewording fold is verifiably NOT LANDED** — the box stays live as
EFF.HETOW.22	EFF.GENTOW1.52	stmt-dep	C	OPEN	xref	from:gov,to:stmt	statement-hit	EFF-HETOW.md | 3.1 Supplier and consumer designation XREFs | X08 | `GENTOW1_PROOF_2026-08-09.md` | `HETOW` | **5** | 12, 575, 603, 612, 619 | a reverse consumption the note does not record: line 575 “
EFF.HETOW.22	EFF.HE7.13	stmt-dep	C	OPEN	xref	from:gov,to:gov	default	EFF-HETOW.md | 3.4 Verified NEGATIVE edges | N1 | `grep -cF 'HETOW' HE7_PROOF_2026-08-08.md` | (frozen supplier; no HETOW append expected) | HE7 is commit-pinned FULLY FROZEN and carries no HETOW cons
EFF.HETOW.22	EFF.T2.03	stmt-dep	C	OPEN	xref	from:exact,to:stmt	default	EFF-HETOW.md | 3.1 Supplier and consumer designation XREFs | X09b | same | `HETOW-LABELS` / `HETOW-LABELS-1` / `HETOW-A` / `HETOW-NORMALIZER-4` | 26 / 15 / 23 / 17 | — | T2's four further HETOW pins: 
EFF.HETOW.22	EFF.T2.55	stmt-dep	C	OPEN	xref	from:exact,to:stmt	default	EFF-HETOW.md | 3.1 Supplier and consumer designation XREFs | X09b | same | `HETOW-LABELS` / `HETOW-LABELS-1` / `HETOW-A` / `HETOW-NORMALIZER-4` | 26 / 15 / 23 / 17 | — | T2's four further HETOW pins: 
EFF.HETOW.22	EFF.T2.80	stmt-dep	C	OPEN	xref	from:exact,to:stmt	default	EFF-HETOW.md | 3.1 Supplier and consumer designation XREFs | X09b | same | `HETOW-LABELS` / `HETOW-LABELS-1` / `HETOW-A` / `HETOW-NORMALIZER-4` | 26 / 15 / 23 / 17 | — | T2's four further HETOW pins: 
EFF.HETOW.22	EFF.T3.20	stmt-dep	C	OPEN	xref	from:gov,to:stmt	default	EFF-HETOW.md | 3.1 Supplier and consumer designation XREFs | X13 | same | `(T3-BKT)` | 2 | — | supplies HETOW-4(c)'s telescope
EFF.HETOW.22	EFF.T3.33	stmt-dep	C	OPEN	xref	from:gov,to:stmt	default	EFF-HETOW.md | 3.1 Supplier and consumer designation XREFs | X12 | same | `(HE4-COB)` | 1 | — | the coboundary display
EFF.HETOW.28	EFF.GENTOW4.13	stmt-dep	C	OPEN	xref	from:exact,to:body	statement-hit	EFF-HETOW.md | 3.1 Supplier and consumer designation XREFs | X10 | `GENTOW4_PROOF_2026-08-09.md` | file exists; carries the `GENTOW-4-1` clause-(c) disjunct | — | — | the partial-side case HETOW-BOX-1
EFF.HETOW.43	EFF.HETOW.09	stmt-dep	C	OPEN	supersession	from:exact,to:exact	default	EFF-HETOW.md | TARGETS: `EFF.HETOW.19` (the F-2 paragraph) and, transitively, the licence clause of `EFF.HETOW.17` and the Ψ-row of `EFF.HETOW.
EFF.HETOW.43	EFF.HETOW.17	stmt-dep	C	OPEN	supersession	from:exact,to:exact	default	EFF-HETOW.md | TARGETS: `EFF.HETOW.19` (the F-2 paragraph) and, transitively, the licence clause of `EFF.HETOW.17` and the Ψ-row of `EFF.HETOW.
EFF.HETOW.43	EFF.HETOW.19	stmt-dep	C	OPEN	supersession	from:exact,to:exact	default	EFF-HETOW.md | TARGETS: `EFF.HETOW.19` (the F-2 paragraph) and, transitively, the licence clause of `EFF.HETOW.17` and the Ψ-row of `EFF.HETOW.
EFF.HETOW.43	EFF.T2.89	stmt-dep	C	OPEN	xref	from:exact,to:stmt	statement-hit	EFF-HETOW.md | 3.1 Supplier and consumer designation XREFs | X09a | same | `HETOW-KEY-BRIDGE-C-A` | **16** | 4246 (pin row), 4216 (repair heading) | **the queue-charged consumer trace** (`.43`)
EFF.HETOW.50	EFF.T2.03	stmt-dep	C	OPEN	xref	from:exact,to:stmt	default	EFF-HETOW.md | 3.1 Supplier and consumer designation XREFs | X09b | same | `HETOW-LABELS` / `HETOW-LABELS-1` / `HETOW-A` / `HETOW-NORMALIZER-4` | 26 / 15 / 23 / 17 | — | T2's four further HETOW pins: 
EFF.HETOW.50	EFF.T2.55	stmt-dep	C	OPEN	xref	from:exact,to:stmt	default	EFF-HETOW.md | 3.1 Supplier and consumer designation XREFs | X09b | same | `HETOW-LABELS` / `HETOW-LABELS-1` / `HETOW-A` / `HETOW-NORMALIZER-4` | 26 / 15 / 23 / 17 | — | T2's four further HETOW pins: 
EFF.HETOW.50	EFF.T2.80	stmt-dep	C	OPEN	xref	from:exact,to:stmt	default	EFF-HETOW.md | 3.1 Supplier and consumer designation XREFs | X09b | same | `HETOW-LABELS` / `HETOW-LABELS-1` / `HETOW-A` / `HETOW-NORMALIZER-4` | 26 / 15 / 23 / 17 | — | T2's four further HETOW pins: 
EFF.HETOW.53	EFF.HETOW.09	stmt-dep	C	OPEN	supersession	from:exact,to:exact	default	EFF-HETOW.md | TARGETS: `EFF.HETOW.09` (two rows) and `EFF.HETOW.22`.
EFF.HETOW.53	EFF.HETOW.22	stmt-dep	C	OPEN	supersession	from:exact,to:exact	default	EFF-HETOW.md | TARGETS: `EFF.HETOW.09` (two rows) and `EFF.HETOW.22`.
EFF.HETOW.54	EFF.GENTOW1.15	stmt-dep	C	OPEN	xref	from:exact,to:gov	default	EFF-HETOW.md | 3.1 Supplier and consumer designation XREFs | X17 | `GENTOW1_PROOF_2026-08-09.md` | Step 4's all-roots transport | 1 | 246 | **NEAR-MISS** — see §3.2 and `.54`
EFF.HETOW.54	EFF.HETOW.20	stmt-dep	C	OPEN	supersession	from:exact,to:exact	default	EFF-HETOW.md | TARGETS: `EFF.HETOW.20` clause (b).
EFF.HETOW.55	EFF.HETOW.09	stmt-dep	C	OPEN	supersession	from:exact,to:exact	default	EFF-HETOW.md | TARGETS: the level-1 frame row of `EFF.HETOW.09`. The final sentence is the operative fence for any generality question: **an in
EFF.HETOW.57	EFF.T3.33	stmt-dep	C	OPEN	xref	from:exact,to:stmt	statement-hit	EFF-HETOW.md | 3.1 Supplier and consumer designation XREFs | X11 | `T3_COCYCLE_TELESCOPE_2026-08-12.md` | `(ABS-HE4)` | 2 | — | the absorption instance (`.57`)
EFF.HEX3.08	EFF.GENIND.08	stmt-dep	G	OPEN	reverse-xref	from:gov,to:gov	default	EFF-GENIND-s2of3.md | 3.4 Reverse consumer edges: mathematical supply versus append protocol | HEX3 | inbound, 2 rounds (one conditionalizes S8.2 on **HEX3-BOX-1**, ledger HYP.137) | 10 | SURVIVES — c
EFF.HEX3.08	EFF.GENIND.137	stmt-dep	G	OPEN	reverse-xref	from:gov,to:exact	default	EFF-GENIND-s2of3.md | 3.4 Reverse consumer edges: mathematical supply versus append protocol | J-D0 / GRTJC / WELDMASTER / DULEMMA | unmoved | 8 | pins = HEAD or body unmoved (`.63`) | Nothing landed
EFF.HEX3.08	EFF.GENIND.139	stmt-dep	G	OPEN	reverse-xref	from:gov,to:exact	default	EFF-GENIND-s2of3.md | 3.4 Reverse consumer edges: mathematical supply versus append protocol | GENH4 | inbound, annex arc 0/2 with pass #2 unlanded | 9 | SURVIVES — verbatim-re-verified at the accepte
EFF.HEX3.08	EFF.GENIND.20	stmt-dep	G	OPEN	xref	from:gov,to:stmt	statement-hit	EFF-HEX3.md | 4.3 Other suppliers and consumers | X34 | `GENIND_PROOF_2026-08-08.md` | `HEX3` | 44 | §5.2 RX-2
EFF.HEX3.08	EFF.HMENU3.06	stmt-dep	G	OPEN	xref	from:gov,to:stmt	statement-hit	EFF-HEX3.md | 4.3 Other suppliers and consumers | X32 | `HMENU3_PROOF_2026-08-08.md` | `HEX3` | 57 | §5.2 RX-1
EFF.HEX3.08	EFF.JD0.06	stmt-dep	G	OPEN	reverse-xref	from:gov,to:gov	default	EFF-JD0.md | 4.4 Reverse-XREFs: the seven verified consumption sites | RX-4 | `lean/notes/openmath/HEX3_PROOF_2026-08-08.md` | 720 | `* **LEMMA J-D0** @ 1642275/9387eb1 — the gauge-blindness frame beh
EFF.HEX3.08	EFF.W12.s1of2.09	stmt-dep	G	OPEN	reverse-xref	from:stmt,to:gov	default	EFF-W12-s2of2.md | 3.2 Reverse consumer edges: mathematical supply versus append protocol | HEX3 | `THEOREM HEX3.A` (11) | **Received** | (hExhaust-3) DISCHARGED at composition grade, convention-free 
EFF.HEX3.08	EFF.W12.s2of2.18	stmt-dep	G	OPEN	xref	from:gov,to:stmt	statement-hit	EFF-HEX3.md | 4.3 Other suppliers and consumers | X35 | `W12_PROOF_2026-08-08.md` | `HEX3` | 29 | §5.2 RX-3
EFF.HEX3.08	EXT:N3_CHECK_2026-08-13.md	stmt-dep	G	OPEN	xref	from:gov,to:ext	statement-hit	EFF-HEX3.md | 4.3 Other suppliers and consumers | X41 | `leancheck/notes/N3_CHECK_2026-08-13.md` | `HEX3` | 8 | §5.4
EFF.HEX3.08	EXT:PROJECT_STATE.md	stmt-dep	G	OPEN	xref	from:gov,to:ext	statement-hit	EFF-HEX3.md | 4.3 Other suppliers and consumers | X43 | `docs/PROJECT_STATE.md` | `HEX3` | 25 | §5.2 RX-5
EFF.HEX3.08	EXT:SOL_CERTIFICATION_LEDGER_2026-08-12.md	stmt-dep	G	OPEN	xref	from:gov,to:ext	statement-hit	EFF-HEX3.md | 4.3 Other suppliers and consumers | X42 | `docs/SOL_CERTIFICATION_LEDGER_2026-08-12.md` | `HEX3` | 1 | §5.2 RX-6
EFF.HEX3.08	EXT:TIGHTNESS_CENSUS_2026-08-11.md	stmt-dep	G	OPEN	xref	from:gov,to:ext	statement-hit	EFF-HEX3.md | 4.3 Other suppliers and consumers | X37 | `docs/TIGHTNESS_CENSUS_2026-08-11.md` | `HEX3` | 4 | §5.2 RX-4
EFF.HEX3.08	HYP.138	stmt-dep	G	OPEN	ledger-index	from:gov,to:ledger	default	EFF-HEX3.md | 4.3 Other suppliers and consumers | X39 | `spec/HYPOTHESIS_LEDGER.md` | `HYP.138` | 2 | §5.4
EFF.HEX3.08	HYP.29	stmt-dep	G	OPEN	ledger-index	from:gov,to:ledger	default	EFF-HEX3.md | 4.3 Other suppliers and consumers | X40 | `spec/HYPOTHESIS_LEDGER.md` | `HYP.29` | 8 | §5.3
EFF.HEX3.09	EFF.HMENU3.08	stmt-dep	G	OPEN	reverse-xref	from:stmt,to:gov	default	EFF-HMENU3.md | 5.2 Reverse-XREF rows — who consumes HMENU3 (rule 8) | RX-3 | `HEX3_PROOF_2026-08-08.md` | `HMENU3` 2 | HEX3's **Correction A** quotes HMENU3 §S5.4 L465–467 verbatim as leg (b) of its 
EFF.HEX3.10	EFF.JD0.33	stmt-dep	G	OPEN	xref	from:exact,to:stmt	statement-hit	EFF-HEX3.md | 4.3 Other suppliers and consumers | X27 | `JD0_PROOF_2026-08-08.md` | `LEMMA J-D0` | 4 | `.10`, `.57`
EFF.HEX3.12	EFF.HEX3.45	stmt-dep	G	OPEN	supersession	from:exact,to:exact	default	EFF-HEX3.md | TARGETS: `EFF.HEX3.45` (the P-1 census), which is where the corrected set is enumerated.
EFF.HEX3.32	EFF.JD0.33	stmt-dep	G	OPEN	xref	from:exact,to:stmt	statement-hit	EFF-HEX3.md | 4.3 Other suppliers and consumers | X28 | `JD0_PROOF_2026-08-08.md` | `J-D0` | 25 | `.10`, `.32`, `.51`
EFF.HEX3.37	EFF.GENIND.136	stmt-dep	G	OPEN	xref	from:exact,to:stmt	statement-hit	EFF-HEX3.md | 4.3 Other suppliers and consumers | X33 | `GENIND_PROOF_2026-08-08.md` | `HEX3-BOX-1` | 2 | `.37`, §5.3
EFF.HEX3.37	EFF.HMENU3.33	stmt-dep	G	OPEN	xref	from:exact,to:stmt	statement-hit	EFF-HEX3.md | 4.3 Other suppliers and consumers | X29 | `HMENU3_PROOF_2026-08-08.md` | `HEX3-BOX-1` | 7 | `.37`, `.54`, `.65`
EFF.HEX3.37	EXT:TIGHTNESS_CENSUS_2026-08-11.md	stmt-dep	G	OPEN	xref	from:exact,to:ext	statement-hit	EFF-HEX3.md | 4.3 Other suppliers and consumers | X36 | `docs/TIGHTNESS_CENSUS_2026-08-11.md` | `O-10` | 1 | `.37`, §5.3
EFF.HEX3.37	HYP.137	stmt-dep	G	OPEN	ledger-index	from:exact,to:ledger	statement-hit	EFF-HEX3.md | 4.3 Other suppliers and consumers | X38 | `spec/HYPOTHESIS_LEDGER.md` | `HYP.137` | 11 | `.37`, §5.3
EFF.HEX3.40	EFF.HMENU3.08	stmt-dep	G	OPEN	xref	from:exact,to:stmt	statement-hit	EFF-HEX3.md | 4.3 Other suppliers and consumers | X31 | `HMENU3_PROOF_2026-08-08.md` | `HM3.A` | 18 | `.40`, `.54`, `.56`, `.65`
EFF.HEX3.51	EFF.JD0.33	stmt-dep	G	OPEN	xref	from:exact,to:stmt	statement-hit	EFF-HEX3.md | 4.3 Other suppliers and consumers | X28 | `JD0_PROOF_2026-08-08.md` | `J-D0` | 25 | `.10`, `.32`, `.51`
EFF.HEX3.54	EFF.HMENU3.08	stmt-dep	G	OPEN	xref	from:exact,to:stmt	statement-hit	EFF-HEX3.md | 4.3 Other suppliers and consumers | X31 | `HMENU3_PROOF_2026-08-08.md` | `HM3.A` | 18 | `.40`, `.54`, `.56`, `.65`
EFF.HEX3.54	EFF.HMENU3.33	stmt-dep	G	OPEN	xref	from:exact,to:stmt	statement-hit	EFF-HEX3.md | 4.3 Other suppliers and consumers | X29 | `HMENU3_PROOF_2026-08-08.md` | `HEX3-BOX-1` | 7 | `.37`, `.54`, `.65`
EFF.HEX3.56	EFF.HMENU3.08	stmt-dep	G	OPEN	xref	from:exact,to:stmt	statement-hit	EFF-HEX3.md | 4.3 Other suppliers and consumers | X31 | `HMENU3_PROOF_2026-08-08.md` | `HM3.A` | 18 | `.40`, `.54`, `.56`, `.65`
EFF.HEX3.57	EFF.JD0.33	stmt-dep	G	OPEN	xref	from:exact,to:stmt	statement-hit	EFF-HEX3.md | 4.3 Other suppliers and consumers | X27 | `JD0_PROOF_2026-08-08.md` | `LEMMA J-D0` | 4 | `.10`, `.57`
EFF.HEX3.65	EFF.HMENU3.08	stmt-dep	G	OPEN	xref	from:exact,to:stmt	statement-hit	EFF-HEX3.md | 4.3 Other suppliers and consumers | X31 | `HMENU3_PROOF_2026-08-08.md` | `HM3.A` | 18 | `.40`, `.54`, `.56`, `.65`
EFF.HEX3.65	EFF.HMENU3.33	stmt-dep	G	OPEN	xref	from:exact,to:stmt	statement-hit	EFF-HEX3.md | 4.3 Other suppliers and consumers | X29 | `HMENU3_PROOF_2026-08-08.md` | `HEX3-BOX-1` | 7 | `.37`, `.54`, `.65`
EFF.HMENU3.05	EFF.HEX3.37	stmt-dep	G	OPEN	xref	from:exact,to:stmt	statement-hit	EFF-HMENU3.md | 4.2 W-11, HEX3, J-D0 | X24 | `HEX3_PROOF_2026-08-08.md` | `HEX3-BOX-1` | 11 | `.05`, `.16`, `.30`, `.33`, `.59`
EFF.HMENU3.06	EFF.HEX3.08	stmt-dep	G	OPEN	reverse-xref	from:stmt,to:gov	default	EFF-HEX3.md | 5.2 Reverse-XREF rows — who consumes HEX3 (rule 8) | RX-1 | `HMENU3_PROOF_2026-08-08.md` | `HEX3` | 57 | HEX3's transports as the menu engine; `HEX3-BOX-1` inherited open (count 7) | LAN
EFF.HMENU3.08	EFF.JD0.06	stmt-dep	G	OPEN	reverse-xref	from:gov,to:gov	default	EFF-JD0.md | 4.4 Reverse-XREFs: the seven verified consumption sites | RX-3 | `lean/notes/openmath/HMENU3_PROOF_2026-08-08.md` | 717 | `* **LEMMA J-D0** @ 1642275/9387eb1 — the gauge-blindness frame`
EFF.HMENU3.08	EFF.W11.08	stmt-dep	G	OPEN	reverse-xref	from:gov,to:gov	default	EFF-W11.md | 4.6 Reverse-XREFs: consumers of W-11 | RX-4 | `lean/notes/openmath/HMENU3_PROOF_2026-08-08.md` | cites W-11 | the HMENU3 consumption audited CLEAN at PE3
EFF.HMENU3.08	EFF.W11.39	stmt-dep	G	OPEN	xref	from:exact,to:stmt	statement-hit	EFF-HMENU3.md | 4.2 W-11, HEX3, J-D0 | X21 | `W11_PROOF_2026-08-08.md` | `THEOREM W-11` | 3 | `.08`, `.11`, `.12`, `.26`, `.55`
EFF.HMENU3.08	EFF.W12.s1of2.09	stmt-dep	G	OPEN	reverse-xref	from:gov,to:gov	default	EFF-W12-s1of2.md | 3.2 Reverse consumer edges: mathematical supply versus append protocol | GENH4 / GENHN | `THEOREM GENH4.C` (9), `THEOREM GENHN.C` (11) | W12 consumes as (A1)-clause suppliers at n =
EFF.HMENU3.09	EFF.W11.07	stmt-dep	G	OPEN	xref	from:exact,to:stmt	statement-hit	EFF-HMENU3.md | 4.2 W-11, HEX3, J-D0 | X22 | `W11_PROOF_2026-08-08.md` | `SPLIT-TAIL` | 21 | `.09`, `.15`, `.29`
EFF.HMENU3.10	EFF.HEX3.08	stmt-dep	G	OPEN	xref	from:exact,to:stmt	statement-hit	EFF-HMENU3.md | 4.2 W-11, HEX3, J-D0 | X23 | `HEX3_PROOF_2026-08-08.md` | `THEOREM HEX3.A` | 11 | `.10`, `.15`, `.23`, `.29`, `.42`, `.43`
EFF.HMENU3.10	EFF.W12.s1of2.09	stmt-dep	G	OPEN	reverse-xref	from:stmt,to:gov	default	EFF-W12-s1of2.md | 3.2 Reverse consumer edges: mathematical supply versus append protocol | HEX3 | `THEOREM HEX3.A` (11) | HEX3 **supplies** the BOX-3 annex | (hExhaust-3) discharged at composition gr
EFF.HMENU3.11	EFF.W11.39	stmt-dep	G	OPEN	xref	from:exact,to:stmt	statement-hit	EFF-HMENU3.md | 4.2 W-11, HEX3, J-D0 | X21 | `W11_PROOF_2026-08-08.md` | `THEOREM W-11` | 3 | `.08`, `.11`, `.12`, `.26`, `.55`
EFF.HMENU3.12	EFF.W11.39	stmt-dep	G	OPEN	xref	from:exact,to:stmt	statement-hit	EFF-HMENU3.md | 4.2 W-11, HEX3, J-D0 | X21 | `W11_PROOF_2026-08-08.md` | `THEOREM W-11` | 3 | `.08`, `.11`, `.12`, `.26`, `.55`
EFF.HMENU3.14	EFF.W12.s1of2.09	stmt-dep	G	OPEN	reverse-xref	from:stmt,to:gov	default	EFF-W12-s1of2.md | 3.2 Reverse consumer edges: mathematical supply versus append protocol | HMENU3 | `THEOREM HM3.C` (10) | **Both ways.** W12 consumes HM3.C as the n = 3 σ-labeling supplier; W12 owes
EFF.HMENU3.15	EFF.HEX3.08	stmt-dep	G	OPEN	xref	from:exact,to:stmt	statement-hit	EFF-HMENU3.md | 4.2 W-11, HEX3, J-D0 | X23 | `HEX3_PROOF_2026-08-08.md` | `THEOREM HEX3.A` | 11 | `.10`, `.15`, `.23`, `.29`, `.42`, `.43`
EFF.HMENU3.15	EFF.HEX3.37	stmt-dep	G	OPEN	xref	from:exact,to:stmt	statement-hit	EFF-HMENU3.md | 5.1 What HMENU3 consumes (forward edges) | HEX3 | THEOREM HEX3.A (`u(q,N)`) | seal `e3f3459` | `.15`, `.29`, `.42`, `.43` | YES — the (A2) TRP term
EFF.HMENU3.15	EFF.W11.07	stmt-dep	G	OPEN	xref	from:exact,to:stmt	statement-hit	EFF-HMENU3.md | 4.2 W-11, HEX3, J-D0 | X22 | `W11_PROOF_2026-08-08.md` | `SPLIT-TAIL` | 21 | `.09`, `.15`, `.29`
EFF.HMENU3.16	EFF.HEX3.37	stmt-dep	G	OPEN	xref	from:exact,to:stmt	statement-hit	EFF-HMENU3.md | 4.2 W-11, HEX3, J-D0 | X24 | `HEX3_PROOF_2026-08-08.md` | `HEX3-BOX-1` | 11 | `.05`, `.16`, `.30`, `.33`, `.59`
EFF.HMENU3.17	EFF.W12.s1of2.09	stmt-dep	G	OPEN	reverse-xref	from:stmt,to:gov	default	EFF-W12-s1of2.md | 3.2 Reverse consumer edges: mathematical supply versus append protocol | HMENU3 | `COROLLARY HM3.D` (11) | HMENU3 **supplies** the BOX-2 annex | (hMenu-3) discharged at composition 
EFF.HMENU3.18	EFF.HEX3.08	stmt-dep	G	OPEN	xref	from:exact,to:gov	default	EFF-HMENU3.md | 5.1 What HMENU3 consumes (forward edges) | density engine | β(2)/β(3) cluster laws | md5-pinned | `.18`, `.31` | **NO — cross-tie only**
EFF.HMENU3.19	EFF.HEX3.08	stmt-dep	G	OPEN	xref	from:exact,to:gov	default	EFF-HMENU3.md | 5.1 What HMENU3 consumes (forward edges) | HEX3 | LEMMA H-1 (depth-0 partition) | seal `e3f3459` | `.19` | YES
EFF.HMENU3.19	EFF.HEX3.13	stmt-dep	G	OPEN	xref	from:exact,to:stmt	statement-hit	EFF-HMENU3.md | 4.2 W-11, HEX3, J-D0 | X25 | `HEX3_PROOF_2026-08-08.md` | `LEMMA H-1` | 3 | `.19`
EFF.HMENU3.20	EFF.HEX3.08	stmt-dep	G	OPEN	xref	from:exact,to:gov	default	EFF-HMENU3.md | 5.1 What HMENU3 consumes (forward edges) | HEX3 | H-2(i)/(ii)/(iii), H-3 (coherence, shear, routes) | seal `e3f3459` | `.20`, `.22`, `.23` | YES
EFF.HMENU3.20	EFF.HEX3.16	stmt-dep	G	OPEN	xref	from:exact,to:stmt	statement-hit	EFF-HMENU3.md | 4.2 W-11, HEX3, J-D0 | X27 | `HEX3_PROOF_2026-08-08.md` | `H-2` | 11 | `.20`, `.22`
EFF.HMENU3.20	EFF.HEX3.18	stmt-dep	G	OPEN	xref	from:exact,to:stmt	statement-hit	EFF-HMENU3.md | 4.2 W-11, HEX3, J-D0 | X30 | `HEX3_PROOF_2026-08-08.md` | `H-2(iii)` | **0** | `.20` — **NEAR-MISS NM-1**
EFF.HMENU3.22	EFF.HEX3.08	stmt-dep	G	OPEN	xref	from:exact,to:gov	default	EFF-HMENU3.md | 5.1 What HMENU3 consumes (forward edges) | HEX3 | H-2(i)/(ii)/(iii), H-3 (coherence, shear, routes) | seal `e3f3459` | `.20`, `.22`, `.23` | YES
EFF.HMENU3.22	EFF.HEX3.16	stmt-dep	G	OPEN	xref	from:exact,to:stmt	statement-hit	EFF-HMENU3.md | 4.2 W-11, HEX3, J-D0 | X26 | `HEX3_PROOF_2026-08-08.md` | `H-2(i)` | 4 | `.22`, `.28`, `.34`
EFF.HMENU3.23	EFF.HEX3.08	stmt-dep	G	OPEN	xref	from:exact,to:stmt	statement-hit	EFF-HMENU3.md | 4.2 W-11, HEX3, J-D0 | X23 | `HEX3_PROOF_2026-08-08.md` | `THEOREM HEX3.A` | 11 | `.10`, `.15`, `.23`, `.29`, `.42`, `.43`
EFF.HMENU3.23	EFF.HEX3.19	stmt-dep	G	OPEN	xref	from:exact,to:stmt	statement-hit	EFF-HMENU3.md | 4.2 W-11, HEX3, J-D0 | X28 | `HEX3_PROOF_2026-08-08.md` | `H-3` | 5 | `.23`, `.28`
EFF.HMENU3.26	EFF.W11.39	stmt-dep	G	OPEN	xref	from:exact,to:stmt	statement-hit	EFF-HMENU3.md | 4.2 W-11, HEX3, J-D0 | X21 | `W11_PROOF_2026-08-08.md` | `THEOREM W-11` | 3 | `.08`, `.11`, `.12`, `.26`, `.55`
EFF.HMENU3.27	EFF.HEX3.08	stmt-dep	G	OPEN	xref	from:exact,to:gov	default	EFF-HMENU3.md | 5.1 What HMENU3 consumes (forward edges) | J-D0 | gauge-blindness frame | `1642275`/`9387eb1` | `.27` | corroborative
EFF.HMENU3.27	EFF.JD0.33	stmt-dep	G	OPEN	xref	from:exact,to:stmt	statement-hit	EFF-HMENU3.md | 4.2 W-11, HEX3, J-D0 | X31 | `JD0_PROOF_2026-08-08.md` | `J-D0` | 25 | `.27`, `.50`
EFF.HMENU3.28	EFF.HEX3.16	stmt-dep	G	OPEN	xref	from:exact,to:stmt	statement-hit	EFF-HMENU3.md | 4.2 W-11, HEX3, J-D0 | X26 | `HEX3_PROOF_2026-08-08.md` | `H-2(i)` | 4 | `.22`, `.28`, `.34`
EFF.HMENU3.28	EFF.HEX3.19	stmt-dep	G	OPEN	xref	from:exact,to:stmt	statement-hit	EFF-HMENU3.md | 4.2 W-11, HEX3, J-D0 | X28 | `HEX3_PROOF_2026-08-08.md` | `H-3` | 5 | `.23`, `.28`
EFF.HMENU3.29	EFF.HEX3.08	stmt-dep	G	OPEN	xref	from:exact,to:stmt	statement-hit	EFF-HMENU3.md | 4.2 W-11, HEX3, J-D0 | X23 | `HEX3_PROOF_2026-08-08.md` | `THEOREM HEX3.A` | 11 | `.10`, `.15`, `.23`, `.29`, `.42`, `.43`
EFF.HMENU3.29	EFF.HEX3.37	stmt-dep	G	OPEN	xref	from:exact,to:stmt	statement-hit	EFF-HMENU3.md | 5.1 What HMENU3 consumes (forward edges) | HEX3 | THEOREM HEX3.A (`u(q,N)`) | seal `e3f3459` | `.15`, `.29`, `.42`, `.43` | YES — the (A2) TRP term
EFF.HMENU3.29	EFF.W11.07	stmt-dep	G	OPEN	xref	from:exact,to:stmt	statement-hit	EFF-HMENU3.md | 4.2 W-11, HEX3, J-D0 | X22 | `W11_PROOF_2026-08-08.md` | `SPLIT-TAIL` | 21 | `.09`, `.15`, `.29`
EFF.HMENU3.29	EFF.W12.s1of2.09	stmt-dep	G	OPEN	reverse-xref	from:stmt,to:gov	default	EFF-W12-s1of2.md | 3.2 Reverse consumer edges: mathematical supply versus append protocol | Lean capstone | `montes_unconditional_exhaustive` (5), `hExhaust` (5), `omMenu_order0` (1) | W12 supplies tr
EFF.HMENU3.30	EFF.HEX3.08	stmt-dep	G	OPEN	xref	from:exact,to:gov	default	EFF-HMENU3.md | 5.1 What HMENU3 consumes (forward edges) | HEX3 | HEX3-BOX-1 | — | `.30`, `.33` | **NO — explicitly not consumed**
EFF.HMENU3.30	EFF.HEX3.37	stmt-dep	G	OPEN	xref	from:exact,to:stmt	statement-hit	EFF-HMENU3.md | 4.2 W-11, HEX3, J-D0 | X24 | `HEX3_PROOF_2026-08-08.md` | `HEX3-BOX-1` | 11 | `.05`, `.16`, `.30`, `.33`, `.59`
EFF.HMENU3.31	EFF.HEX3.08	stmt-dep	G	OPEN	xref	from:exact,to:gov	default	EFF-HMENU3.md | 5.1 What HMENU3 consumes (forward edges) | density engine | β(2)/β(3) cluster laws | md5-pinned | `.18`, `.31` | **NO — cross-tie only**
EFF.HMENU3.33	EFF.HEX3.08	stmt-dep	G	OPEN	reverse-xref	from:stmt,to:gov	default	EFF-HEX3.md | 5.2 Reverse-XREF rows — who consumes HEX3 (rule 8) | RX-1 | `HMENU3_PROOF_2026-08-08.md` | `HEX3` | 57 | HEX3's transports as the menu engine; `HEX3-BOX-1` inherited open (count 7) | LAN
EFF.HMENU3.33	EFF.HEX3.37	stmt-dep	G	OPEN	xref	from:exact,to:stmt	statement-hit	EFF-HMENU3.md | 4.2 W-11, HEX3, J-D0 | X24 | `HEX3_PROOF_2026-08-08.md` | `HEX3-BOX-1` | 11 | `.05`, `.16`, `.30`, `.33`, `.59`
EFF.HMENU3.34	EFF.HEX3.16	stmt-dep	G	OPEN	xref	from:exact,to:stmt	statement-hit	EFF-HMENU3.md | 4.2 W-11, HEX3, J-D0 | X26 | `HEX3_PROOF_2026-08-08.md` | `H-2(i)` | 4 | `.22`, `.28`, `.34`
EFF.HMENU3.42	EFF.HEX3.08	stmt-dep	G	OPEN	xref	from:exact,to:stmt	statement-hit	EFF-HMENU3.md | 4.2 W-11, HEX3, J-D0 | X23 | `HEX3_PROOF_2026-08-08.md` | `THEOREM HEX3.A` | 11 | `.10`, `.15`, `.23`, `.29`, `.42`, `.43`
EFF.HMENU3.42	EFF.HEX3.37	stmt-dep	G	OPEN	xref	from:exact,to:stmt	statement-hit	EFF-HMENU3.md | 5.1 What HMENU3 consumes (forward edges) | HEX3 | THEOREM HEX3.A (`u(q,N)`) | seal `e3f3459` | `.15`, `.29`, `.42`, `.43` | YES — the (A2) TRP term
EFF.HMENU3.43	EFF.HEX3.08	stmt-dep	G	OPEN	xref	from:exact,to:stmt	statement-hit	EFF-HMENU3.md | 4.2 W-11, HEX3, J-D0 | X23 | `HEX3_PROOF_2026-08-08.md` | `THEOREM HEX3.A` | 11 | `.10`, `.15`, `.23`, `.29`, `.42`, `.43`
EFF.HMENU3.43	EFF.HEX3.37	stmt-dep	G	OPEN	xref	from:exact,to:stmt	statement-hit	EFF-HMENU3.md | 5.1 What HMENU3 consumes (forward edges) | HEX3 | THEOREM HEX3.A (`u(q,N)`) | seal `e3f3459` | `.15`, `.29`, `.42`, `.43` | YES — the (A2) TRP term
EFF.HMENU3.50	EFF.JD0.33	stmt-dep	G	OPEN	xref	from:exact,to:stmt	statement-hit	EFF-HMENU3.md | 4.2 W-11, HEX3, J-D0 | X31 | `JD0_PROOF_2026-08-08.md` | `J-D0` | 25 | `.27`, `.50`
EFF.HMENU3.53	EFF.HEX3.54	stmt-dep	G	OPEN	xref	from:exact,to:stmt	statement-hit	EFF-HMENU3.md | 4.2 W-11, HEX3, J-D0 | X29 | `HEX3_PROOF_2026-08-08.md` | `S8.2` | 10 | `.53`
EFF.HMENU3.55	EFF.W11.39	stmt-dep	G	OPEN	xref	from:exact,to:stmt	statement-hit	EFF-HMENU3.md | 4.2 W-11, HEX3, J-D0 | X21 | `W11_PROOF_2026-08-08.md` | `THEOREM W-11` | 3 | `.08`, `.11`, `.12`, `.26`, `.55`
EFF.HMENU3.59	EFF.HEX3.37	stmt-dep	G	OPEN	xref	from:exact,to:stmt	statement-hit	EFF-HMENU3.md | 4.2 W-11, HEX3, J-D0 | X24 | `HEX3_PROOF_2026-08-08.md` | `HEX3-BOX-1` | 11 | `.05`, `.16`, `.30`, `.33`, `.59`
EFF.HMENU3.63	EFF.W12.s1of2.09	stmt-dep	G	OPEN	reverse-xref	from:stmt,to:gov	default	EFF-W12-s2of2.md | 3.2 Reverse consumer edges: mathematical supply versus append protocol | HEX3 | `THEOREM HEX3.A` (11) / L80–81 phrasing | **Owed outward** | Same loose phrasing; `U₃^σ ≤ U₃^conv` co
EFF.JD0.06	EFF.W11.08	stmt-dep	G	OPEN	xref	from:gov,to:gov	default	EFF-JD0.md | 4.5 Cross-spec edges (this compilation queue) | S01 | `spec/EFF-W11.md` EFF.W11.37 ↔ RX-1 | the same J-D0 conditionality row, compiled from both ends; both agree J-D0 is a FRAME at the in
EFF.JD0.24	EFF.W11.08	stmt-dep	G	OPEN	xref	from:exact,to:gov	default	EFF-JD0.md | 4.5 Cross-spec edges (this compilation queue) | S03 | EFF.JD0.24 consumer 1 ↔ `spec/EFF-W11.md` EFF.W11.15 | the same (2,1,1) row: J-D0's “(q−1)/q³” = W-11's RAM(1) “density (q−1)/q³” — t
EFF.JD0.37	EFF.W11.08	stmt-dep	G	OPEN	xref	from:exact,to:gov	default	EFF-JD0.md | 4.5 Cross-spec edges (this compilation queue) | S04 | EFF.JD0.37 item 2 ↔ `spec/EFF-W11.md` EFF.W11.12 | **the new obligation lands on a note already compiled in this queue**: W-11's C7-F
EFF.LIFTCORNER.01	EFF.LIFTCORNER.57	stmt-dep	F	OPEN	xref	from:exact,to:gov	default	EFF-LIFTCORNER.md | 4.2 Sample statement-quote re-verification (5 of 118, checked verbatim against the | source title (context check, not itself a canonical statement — `.01`'s statement is lines 3–7)
EFF.LIFTCORNER.111	EFF.LIFTCORNER.57	stmt-dep	F	OPEN	xref	from:exact,to:gov	default	EFF-LIFTCORNER.md | 4.2 Sample statement-quote re-verification (5 of 118, checked verbatim against the | `.111` (AC-5, boxed inequality (T1)) | ends at the `\tag{T1}` line, source ≈1870–1872 | `grep -
EFF.LIFTCORNER.115	EXT:ITERLAWN_PROOF_2026-08-08.md	proof-dep	F	OPEN	xref	from:exact,to:ext	derivation-hit	EFF-LIFTCORNER.md | 4.1 Source-of-record and cross-note designations (deduplicated) | Y21 | same | `**Lemma READ-ADD-(m) (read additivity with strict-above kill; generic).**` | 1 | 564 | NEAR-MISS res
EFF.LIFTCORNER.117	EXT:ITERLAWN_PROOF_2026-08-08.md	stmt-dep	F	OPEN	xref	from:exact,to:ext	statement-hit	EFF-LIFTCORNER.md | 4.1 Source-of-record and cross-note designations (deduplicated) | Y06 | `ITERLAWN_PROOF_2026-08-08.md` | `m ≥ 2: **OPEN.**` | 1 | 806 | the inherited conditionality of `.73`/`.117`
EFF.LIFTCORNER.18	EFF.LIFTCORNER.57	stmt-dep	F	OPEN	xref	from:exact,to:gov	default	EFF-LIFTCORNER.md | 4.2 Sample statement-quote re-verification (5 of 118, checked verbatim against the | `.18` (DEFINITION, the corner orbit) | 355–359 | `sed -n '355,359p' LIFTCORNER_2026-08-08.md` |
EFF.LIFTCORNER.19	EFF.GRTW2.04	stmt-dep	F	OPEN	xref	from:exact,to:gov	default	EFF-LIFTCORNER.md | 4.1 Source-of-record and cross-note designations (deduplicated) | X09 | `GRTW2_PROOF_2026-08-08.md` | `### 3.4 THE (ξ, w) CLOSED FORM (the display of record)` | 1 | 394 | the χ-cha
EFF.LIFTCORNER.35	EXT:ITERLAWLIFT_CORNER_2026-08-08.md	stmt-dep	F	OPEN	xref	from:exact,to:ext	default	EFF-LIFTCORNER.md | 4.1 Source-of-record and cross-note designations (deduplicated) | X18 | same | `**Honesty box.** (TAIL-STAB) is UNPROVED` | 1 | 207 | the supplier's pre-state `.35` closes; shard 1
EFF.LIFTCORNER.49	EFF.GRTW2.04	stmt-dep	F	OPEN	xref	from:exact,to:gov	default	EFF-LIFTCORNER.md | 4.1 Source-of-record and cross-note designations (deduplicated) | X09 | `GRTW2_PROOF_2026-08-08.md` | `### 3.4 THE (ξ, w) CLOSED FORM (the display of record)` | 1 | 394 | the χ-cha
EFF.LIFTCORNER.57	EXT:ILNRES_2026-08-08.md	stmt-dep	F	OPEN	xref	from:gov,to:ext	default	EFF-LIFTCORNER.md | 4.1 Source-of-record and cross-note designations (deduplicated) | X01 | `ILNRES_2026-08-08.md` | `**S5.1 (NR-1 LIFT-CORNER unit), price M.**` | 1 | 180 | the spec of record; shard 
EFF.LIFTCORNER.57	EXT:ITERLAWN_PROOF_2026-08-08.md	stmt-dep	F	OPEN	xref	from:gov,to:ext	default	EFF-LIFTCORNER.md | 4.1 Source-of-record and cross-note designations (deduplicated) | Y08 | same | `WELL-DEF` | 32 | — | AC-1/AC-4's constructor target; shard 2 only
EFF.LIFTCORNER.57	EXT:LEAN_SCOPING_consumption_map_2026-08-12.md	stmt-dep	F	OPEN	xref	from:gov,to:ext	default	EFF-LIFTCORNER.md | 4.1 Source-of-record and cross-note designations (deduplicated) | RX21 | `docs/in-progress/LEAN_SCOPING_consumption_map_2026-08-12.md` | `LIFTCORNER` | 5 | — | the Lean-scoping con
EFF.LIFTCORNER.57	EXT:PROJECT_STATE.md	stmt-dep	F	OPEN	xref	from:gov,to:ext	default	EFF-LIFTCORNER.md | 4.1 Source-of-record and cross-note designations (deduplicated) | **RX22 / Y13** | `docs/PROJECT_STATE.md` | `row 19 also ((Φ₁-OPACITY), numerical certificate` | 1 | 3996 | **DEDUP
EFF.LIFTCORNER.62	EFF.GRTW2.04	stmt-dep	F	OPEN	xref	from:exact,to:gov	default	EFF-LIFTCORNER.md | 4.1 Source-of-record and cross-note designations (deduplicated) | X10 | same | `### 5.3 The value layer: W2-OPEN-1 (displayed open lemma, machine-confirmed)` | 1 | 881 | the clause
EFF.LIFTCORNER.62	EFF.GRTW2.35	stmt-dep	F	OPEN	xref	from:exact,to:stmt	statement-hit	EFF-LIFTCORNER.md | 4.1 Source-of-record and cross-note designations (deduplicated) | X11 | same | `W2-OPEN-1` | 10 | 127 | the designation `.62` says two things are owed against; ledger row at line 9
EFF.LIFTCORNER.72	EFF.GRTW2.20	stmt-dep	F	OPEN	xref	from:exact,to:stmt	default	EFF-LIFTCORNER.md | 4.1 Source-of-record and cross-note designations (deduplicated) | **X13 / Y07** | `GRTW2_PROOF_2026-08-08.md` | `the accepted LIFTCORNER's shift-descent` | 1 | 1351 | **DEDUP** — t
EFF.LIFTCORNER.73	EXT:ITERLAWN_PROOF_2026-08-08.md	stmt-dep	F	OPEN	xref	from:exact,to:ext	statement-hit	EFF-LIFTCORNER.md | 4.1 Source-of-record and cross-note designations (deduplicated) | Y06 | `ITERLAWN_PROOF_2026-08-08.md` | `m ≥ 2: **OPEN.**` | 1 | 806 | the inherited conditionality of `.73`/`.117`
EFF.LIFTCORNER.89	EFF.LIFTCORNER.57	stmt-dep	F	OPEN	xref	from:exact,to:gov	default	EFF-LIFTCORNER.md | 4.2 Sample statement-quote re-verification (5 of 118, checked verbatim against the | `.89` (acceptance record, “THIS NOTE IS ACCEPTED at 2/2”) | 1433–1441 | `sed -n '1433,1441p' LI
EFF.LIFTCORNER.91	EFF.GRTW2.20	stmt-dep	F	OPEN	xref	from:exact,to:stmt	default	EFF-LIFTCORNER.md | 4.1 Source-of-record and cross-note designations (deduplicated) | **X13 / Y07** | `GRTW2_PROOF_2026-08-08.md` | `the accepted LIFTCORNER's shift-descent` | 1 | 1351 | **DEDUP** — t
EFF.SIGMALAW.05	EFF.GRTW2.04	stmt-dep	F	OPEN	xref	from:gov,to:gov	default	EFF-SIGMALAW.md | 4. XREF verification ledger | X1 | `GRTW2_PROOF_2026-08-08.md` | W2-L3, (HR-REC), §3.4's ξ/χ characters, §5.2 (the annex target) | EXISTS ✓
EFF.SIGMALAW.05	EFF.GRTW2.10	stmt-dep	F	OPEN	xref	from:gov,to:stmt	default	EFF-SIGMALAW.md | 4. XREF verification ledger | X2 | `OPEN2ATTACK` | §1 notation, OA-L1/L2/L3/L4, OA-M1, OA-PHIR/Thm-`phir`, OA-GAUGE, §6 (the annex target), the reproduced battery | cited by name
EFF.SIGMALAW.05	EFF.GRTW2.49	stmt-dep	F	OPEN	xref	from:gov,to:stmt	statement-hit	EFF-SIGMALAW.md | 4. XREF verification ledger | X2 | `OPEN2ATTACK` | §1 notation, OA-L1/L2/L3/L4, OA-M1, OA-PHIR/Thm-`phir`, OA-GAUGE, §6 (the annex target), the reproduced battery | cited by name
EFF.T1.05	EFF.GENHN.81	stmt-dep	D	OPEN	xref	from:gov,to:stmt	default	EFF-T1.md | 4. XREF verification ledger (consolidated, deduplicated) | 7 | `GENHN_PROOF_2026-08-08.md:GENHN-LIFT` | 9 | A1/C6 exact lift | s1, s2(X01) | **DEDUP**
EFF.T1.05	EFF.GENTOW1.15	stmt-dep	D	OPEN	xref	from:gov,to:stmt	default	EFF-T1.md | 4. XREF verification ledger (consolidated, deduplicated) | 9 | `GENTOW1_PROOF_2026-08-09.md:LEMMA GENTOW-1` | 7 | A3 consumer theorem | s1, s2(X03) | **DEDUP**
EFF.T1.05	EFF.GENTOW1.65	stmt-dep	D	OPEN	xref	from:gov,to:stmt	default	EFF-T1.md | 4. XREF verification ledger (consolidated, deduplicated) | 18 | `GENTOW1_PROOF_2026-08-09.md:GENHN-2′` | 1 | A3 residual budget/floor supplier named by the row | s2 (X04) | —
EFF.T1.05	EFF.GENTOW3.18	stmt-dep	D	OPEN	xref	from:gov,to:stmt	default	EFF-T1.md | 4. XREF verification ledger (consolidated, deduplicated) | 10 | `GENTOW3_PROOF_2026-08-09.md:THEOREM GENTOW-3` | 10 | A4 consumer theorem | s1, s2(X06) | **DEDUP**
EFF.T1.05	EFF.GENTOW4.11	stmt-dep	D	OPEN	xref	from:gov,to:stmt	default	EFF-T1.md | 4. XREF verification ledger (consolidated, deduplicated) | 11 | `GENTOW4_PROOF_2026-08-09.md:LEMMA GENTOW-4.1` | 4 | A5 consumer lemma | s1, s2(X07) | **DEDUP**
EFF.T1.05	EFF.GENTOW4.38	stmt-dep	D	OPEN	xref	from:gov,to:stmt	default	EFF-T1.md | 4. XREF verification ledger (consolidated, deduplicated) | 19 | `GENTOW4_PROOF_2026-08-09.md:GENTOW4-BOX-3` | 3 | Withdrawn A5 BOX-3 absorption claim | s2 (X08) | —
EFF.T1.05	EFF.GENTOW5.s1of2.06	stmt-dep	D	OPEN	xref	from:gov,to:gov	default	EFF-T1-s3of3.md | 3. XREF verification ledger | X09 | `GENTOW5_WI_2026-08-10.md` — `[GENTOW5-W(i)]` | 9 | level-general B-law supplier perimeter named by the standing fence
EFF.T1.05	EFF.GENTOW6.12	stmt-dep	D	OPEN	xref	from:gov,to:stmt	default	EFF-T1.md | 4. XREF verification ledger (consolidated, deduplicated) | 13 | `GENTOW6_PROOF_2026-08-09.md:THEOREM GENTOW-6.3` | 10 | A6 consumer theorem | s1, s2(X11) | **DEDUP**
EFF.T1.05	EFF.GENTOW6.20	stmt-dep	D	OPEN	xref	from:gov,to:stmt	default	EFF-T1.md | 4. XREF verification ledger (consolidated, deduplicated) | 12 | `GENTOW6_PROOF_2026-08-09.md:S6.1` | 15 | A6 lift pin | s1, s2(X10) | **DEDUP**
EFF.T1.05	EFF.GRTJA.31	stmt-dep	D	OPEN	xref	from:gov,to:stmt	default	EFF-T1.md | 4. XREF verification ledger (consolidated, deduplicated) | 15 | `GRTJA_PROOF_2026-08-08.md:JA-EPS-CORR` | 3 | C4 exact root-of-unity origin correction | s1 | —
EFF.T1.05	EFF.HE6.15	stmt-dep	D	OPEN	xref	from:gov,to:stmt	default	EFF-T1.md | 4. XREF verification ledger (consolidated, deduplicated) | 6 | `HE6_PROOF_2026-08-08.md:LEMMA HE6-0″` | 6 | Supporting-context absorption perimeter | s1, s2(X05) | **DEDUP**
EFF.T1.05	EFF.HE6.18	stmt-dep	D	OPEN	xref	from:gov,to:gov	default	EFF-T1-s2of3.md | 3. XREF verification ledger | X09 | `HE6_PROOF_2026-08-08.md` — `F-1 — normalized slot coefficients in LEMMA HE6-0″` | 1 | Actual A6 scalar-read provenance
EFF.T1.05	EFF.HETOW.50	stmt-dep	D	OPEN	xref	from:gov,to:stmt	default	EFF-T1.md | 4. XREF verification ledger (consolidated, deduplicated) | 8 | `HETOW_RECON_2026-08-09.md:LEMMA HETOW-4` | 3 | A2 pinned ratios / local supplier structure | s1, s2(X02) | **DEDUP**
EFF.T1.05	EFF.WELDMASTER.03	stmt-dep	D	OPEN	xref	from:gov,to:stmt	default	EFF-T1.md | 4. XREF verification ledger (consolidated, deduplicated) | 16 | `WELDMASTER_2026-08-08.md:WELD-M-PKG` | 5 | Five-field package interface | s1, s3(X10) | **DEDUP**
EFF.T1.05	EFF.WELDMASTER.05	stmt-dep	D	OPEN	xref	from:gov,to:stmt	default	EFF-T1.md | 4. XREF verification ledger (consolidated, deduplicated) | 17 | `WELDMASTER_2026-08-08.md:W2-C3` | 8 | Accepted M4 fence | s1 | —
EFF.T1.05	EXT:GENTOW2_PROOF_2026-08-09.md	stmt-dep	D	OPEN	xref	from:gov,to:ext	default	EFF-T1.md | 4. XREF verification ledger (consolidated, deduplicated) | 1 | `GENTOW2_PROOF_2026-08-09.md:(R-FGMN)` | 1 | Scalar codomain of the `i=2` residual read | s1 | —
EFF.T1.22	EFF.WELDMASTER.03	stmt-dep	D	OPEN	reverse-xref	from:stmt,to:gov	default	EFF-WELDMASTER.md | 5.2 Reverse-XREF rows — who consumes WELDMASTER | RX-1 | `T1_GAUGE_COCYCLE_2026-08-12.md` **(C7)** | `WELD-M-PKG`'s five fields (chiefly `M2`'s read fence and `M3`) and `WM-FENCE` 
EFF.T1.32	EFF.WELDMASTER.03	stmt-dep	D	OPEN	reverse-xref	from:stmt,to:gov	default	EFF-WELDMASTER.md | 5.2 Reverse-XREF rows — who consumes WELDMASTER | RX-1 | `T1_GAUGE_COCYCLE_2026-08-12.md` **(C7)** | `WELD-M-PKG`'s five fields (chiefly `M2`'s read fence and `M3`) and `WM-FENCE` 
EFF.T2.101	EFF.HE7.13	stmt-dep	E	OPEN	xref	from:exact,to:gov	statement-hit	EFF-T2.md | C. Merge-level sample re-verification (12 of the pin-designation ledger's grep counts | `EFF.T2.101` (standing conditionalities) | "`(LB1)` — OPEN at level one." / "`(MP1)` — OPEN at level
EFF.T2.101	EFF.HE7.62	stmt-dep	E	OPEN	xref	from:exact,to:stmt	statement-hit	EFF-T2-s6of6.md | A. Designations named in this block | U04 | `HE6-PEEL-CONVENTION`, `HE6R1-3`, `HE7-PERT-TRANSPORT`, `HE7-REF-TERM`, `HE3-A-PROOF`, `HE6-FAMILY`, `HE6-PROOF`, `HETOW-A`(ii), `GENTOW-4
EFF.T2.25	EFF.HE3.16	stmt-dep	E	OPEN	reverse-xref	from:stmt,to:gov	default	EFF-HE3.md | Sample re-verification (10 of 46, grep-rerun at merge time against the working tree — MUST include both reverse-edge designations per the merge charge) | `T2_SIGMA_LADDER_MASTER_2026-08-1
EFF.T2.25	EFF.HE3.72	stmt-dep	E	OPEN	reverse-xref	from:stmt,to:exact	default	EFF-HE3-s2of2.md | 3.2 Reverse consumer edges | **T2** (accepted) | `HE3-A-PROOF` (65) | shard 1 `.34`'s stage-α passage (L1149–1166) | **T2's `(MP1′)` obligation is RETIRED on the strength of it** (`
EFF.T2.31	EFF.GENTOW4.11	stmt-dep	E	OPEN	xref	from:gov,to:stmt	default	EFF-T2.md | A. Pin-designation ledger (37 designations; source: `EFF.T2.03`'s XREF table, | 34 | `GENTOW-4-1` | `GENTOW4_PROOF_2026-08-09.md` | `LEMMA GENTOW-4.1.` | 1
EFF.T2.31	EFF.GENTOW4.13	stmt-dep	E	OPEN	xref	from:gov,to:body	default	EFF-T2.md | A. Pin-designation ledger (37 designations; source: `EFF.T2.03`'s XREF table, | 34 | `GENTOW-4-1` | `GENTOW4_PROOF_2026-08-09.md` | `LEMMA GENTOW-4.1.` | 1
EFF.T2.31	EFF.GENTOW4.18	stmt-dep	E	OPEN	xref	from:gov,to:gov	default	EFF-T2.md | A. Pin-designation ledger (37 designations; source: `EFF.T2.03`'s XREF table, | 35 | `GENTOW-4-A` | `GENTOW4_PROOF_2026-08-09.md` | `THEOREM GENTOW-4.A (partial inner sides` | 1
EFF.T2.31	EFF.GENTOW4.24	stmt-dep	E	OPEN	xref	from:gov,to:stmt	default	EFF-T2.md | A. Pin-designation ledger (37 designations; source: `EFF.T2.03`'s XREF table, | 36 | `GENTOW-4-2` | `GENTOW4_PROOF_2026-08-09.md` | `LEMMA GENTOW-4.2 (tie, PURE-POWER sides)` | 1
EFF.T2.31	EFF.GENTOW4.47	stmt-dep	E	OPEN	xref	from:gov,to:stmt	default	EFF-T2-s2of6.md | C. Designations named by the local units (fixed-string occurrence in target) | `THEOREM GENTOW-4.A` | `GENTOW4_PROOF_2026-08-09.md` | 7
EFF.T2.31	EFF.HE3.06	stmt-dep	E	OPEN	xref	from:gov,to:stmt	default	EFF-T2.md | A. Pin-designation ledger (37 designations; source: `EFF.T2.03`'s XREF table, | 2 | `HE3-A-PROOF` | `HE3_PROOF_2026-08-08.md` | `### S6.3 PROOF OF THEOREM HE3.A` | 1
EFF.T2.31	EFF.HE3.16	stmt-dep	E	OPEN	xref	from:gov,to:stmt	default	EFF-T2.md | A. Pin-designation ledger (37 designations; source: `EFF.T2.03`'s XREF table, | 1 | `HE3-A-STMT` | `HE3_PROOF_2026-08-08.md` | `THEOREM HE3.A (THE STAGE-σ RECURSION` | 1
EFF.T2.31	EFF.HE3.25	stmt-dep	E	OPEN	xref	from:gov,to:stmt	default	EFF-T2-s2of6.md | A. Source delimiter and verification lines (exact full-line match) | Y12 | `HE3-R8-5` last | `HE3_PROOF_2026-08-08.md` | `been updated to cite it.` | 1
EFF.T2.31	EFF.HE3.44	stmt-dep	E	OPEN	reverse-xref	from:gov,to:exact	default	EFF-HE3-s2of2.md | 3.2 Reverse consumer edges | GENHN | `[GENHN-HE` (19) | `.06` | HE3 claims the box CLOSED at μ ≤ 3 | **Not landed** (shard 1 OPEN-CALL 2)
EFF.T2.31	EFF.HE3.48	stmt-dep	E	OPEN	reverse-xref	from:gov,to:exact	default	EFF-HE3-s2of2.md | 3.2 Reverse consumer edges | W-12 | `w12_checks` (8) | `.10` | HE-SIG **reuses W-12's pinned oracle question** — a consumption in the instrument direction | Not landed; a decorrelat
EFF.T2.31	EFF.HE3.68	stmt-dep	E	OPEN	xref	from:gov,to:stmt	default	EFF-T2.md | A. Pin-designation ledger (37 designations; source: `EFF.T2.03`'s XREF table, | 6 | `HE3-R8-2` | `HE3_PROOF_2026-08-08.md` | `Dated correction (2026-08-12, post-R8) — R8-2:` | 1
EFF.T2.31	EFF.HE3.69	stmt-dep	E	OPEN	xref	from:gov,to:stmt	default	EFF-T2.md | A. Pin-designation ledger (37 designations; source: `EFF.T2.03`'s XREF table, | 7 | `HE3-R8-3` | `HE3_PROOF_2026-08-08.md` | `Dated correction (2026-08-12, post-R8) — R8-3:` | 1
EFF.T2.31	EFF.HE3.70	stmt-dep	E	OPEN	xref	from:gov,to:stmt	default	EFF-T2.md | A. Pin-designation ledger (37 designations; source: `EFF.T2.03`'s XREF table, | 8 | `HE3-R8-4` | `HE3_PROOF_2026-08-08.md` | `Dated correction (2026-08-12, post-R8) — R8-4:` | 1
EFF.T2.31	EFF.HE3.71	stmt-dep	E	OPEN	xref	from:gov,to:stmt	default	EFF-T2.md | A. Pin-designation ledger (37 designations; source: `EFF.T2.03`'s XREF table, | 9 | `HE3-R8-5` | `HE3_PROOF_2026-08-08.md` | `Dated correction (2026-08-12, post-R8) — R8-5:` | 1
EFF.T2.31	EFF.HE6.09	stmt-dep	E	OPEN	xref	from:gov,to:body	default	EFF-T2.md | A. Pin-designation ledger (37 designations; source: `EFF.T2.03`'s XREF table, | 13 | `HE6-PEEL-CONVENTION` | `HE6_PROOF_2026-08-08.md` | `CONVENTION [r1] (the two standing hypotheses on f`
EFF.T2.31	EFF.HE6.13	stmt-dep	E	OPEN	xref	from:gov,to:stmt	default	EFF-T2-s2of6.md | C. Designations named by the local units (fixed-string occurrence in target) | `LEMMA HE6-1L` | `HE6_PROOF_2026-08-08.md` | 4
EFF.T2.31	EFF.HE6.14	stmt-dep	E	OPEN	xref	from:gov,to:stmt	default	EFF-T2.md | A. Pin-designation ledger (37 designations; source: `EFF.T2.03`'s XREF table, | 10 | `HE6-FAMILY` | `HE6_PROOF_2026-08-08.md` | `DEFINITION HE6-1 (THE ENLARGED TEST FAMILY)` | 1
EFF.T2.31	EFF.HE6.15	stmt-dep	E	OPEN	xref	from:gov,to:stmt	default	EFF-T2-s2of6.md | A. Source delimiter and verification lines (exact full-line match) | Y02 | `HE6-SLOT-SEAM` last | `HE6_PROOF_2026-08-08.md` | `> restatement.**` | 1
EFF.T2.31	EFF.HE6.17	stmt-dep	E	OPEN	xref	from:gov,to:stmt	default	EFF-T2.md | A. Pin-designation ledger (37 designations; source: `EFF.T2.03`'s XREF table, | 15 | `HE6-TEST-PACKAGE` | `HE6_PROOF_2026-08-08.md` | `LEMMA HE6-0′ (the local forcing` | 1
EFF.T2.31	EFF.HE6.18	stmt-dep	E	OPEN	xref	from:gov,to:gov	default	EFF-T2-s2of6.md | C. Designations named by the local units (fixed-string occurrence in target) | `CONVENTION [r1] (the two standing hypotheses on f` | `HE6_PROOF_2026-08-08.md` | 1
EFF.T2.31	EFF.HE6.29	stmt-dep	E	OPEN	xref	from:gov,to:stmt	default	EFF-T2.md | A. Pin-designation ledger (37 designations; source: `EFF.T2.03`'s XREF table, | 16 | `HE6-ROOT-LABEL` | `HE6_PROOF_2026-08-08.md` | `Corollary HE6-2″ (HE3-0(iii), re-proved in this convent
EFF.T2.31	EFF.HE6.30	stmt-dep	E	OPEN	xref	from:gov,to:stmt	default	EFF-T2.md | A. Pin-designation ledger (37 designations; source: `EFF.T2.03`'s XREF table, | 17 | `HE6-ACCOUNT` | `HE6_PROOF_2026-08-08.md` | `## S5. LEMMA HE6-3 (slope counts, (SEP)-free) AND LEMMA HE
EFF.T2.31	EFF.HE6.32	stmt-dep	E	OPEN	xref	from:gov,to:stmt	default	EFF-T2.md | A. Pin-designation ledger (37 designations; source: `EFF.T2.03`'s XREF table, | 11 | `HE6-PROOF` | `HE6_PROOF_2026-08-08.md` | `### S6.2 PROOF OF THEOREM HE6.A` | 1
EFF.T2.31	EFF.HE6.56	stmt-dep	E	OPEN	xref	from:gov,to:body	default	EFF-T2.md | A. Pin-designation ledger (37 designations; source: `EFF.T2.03`'s XREF table, | 18 | `HE6-BETA-GUARD` | `HE6_PROOF_2026-08-08.md` | `Correction 2 (PE4 F-2 — LEMMA HE6-2's β-definedness gua
EFF.T2.31	EFF.HE6R1.09	stmt-dep	E	OPEN	xref	from:gov,to:stmt	default	EFF-T2.md | A. Pin-designation ledger (37 designations; source: `EFF.T2.03`'s XREF table, | 25 | `HE6R1-1` | `HE6R1_RECON_2026-08-08.md` | `LEMMA HE6R1-1 (the widened jump condition descends` | 1
EFF.T2.31	EFF.HE6R1.10	stmt-dep	E	OPEN	xref	from:gov,to:stmt	default	EFF-T2.md | A. Pin-designation ledger (37 designations; source: `EFF.T2.03`'s XREF table, | 25 | `HE6R1-1` | `HE6R1_RECON_2026-08-08.md` | `LEMMA HE6R1-1 (the widened jump condition descends` | 1
EFF.T2.31	EFF.HE6R1.13	stmt-dep	E	OPEN	xref	from:gov,to:stmt	default	EFF-T2.md | A. Pin-designation ledger (37 designations; source: `EFF.T2.03`'s XREF table, | 26 | `HE6R1-2` | `HE6R1_RECON_2026-08-08.md` | `LEMMA HE6R1-2 [r1′] (block projection)` | 1
EFF.T2.31	EFF.HE6R1.15	stmt-dep	E	OPEN	xref	from:gov,to:stmt	default	EFF-T2.md | A. Pin-designation ledger (37 designations; source: `EFF.T2.03`'s XREF table, | 27 | `HE6R1-3` | `HE6R1_RECON_2026-08-08.md` | `LEMMA HE6R1-3 (the level-2 peel)` | 1
EFF.T2.31	EFF.HE6R1.16	stmt-dep	E	OPEN	xref	from:gov,to:stmt	default	EFF-T2.md | A. Pin-designation ledger (37 designations; source: `EFF.T2.03`'s XREF table, | 27 | `HE6R1-3` | `HE6R1_RECON_2026-08-08.md` | `LEMMA HE6R1-3 (the level-2 peel)` | 1
EFF.T2.31	EFF.HE7.107	stmt-dep	E	OPEN	xref	from:gov,to:stmt	default	EFF-T2.md | A. Pin-designation ledger (37 designations; source: `EFF.T2.03`'s XREF table, | 22 | `HE7-COCYCLE-2P-THROUGH-R1D` | `HE7_PROOF_2026-08-08.md` | `ANNEX-DEF HE7-2′ (the corrected level recur
EFF.T2.31	EFF.HE7.114	stmt-dep	E	OPEN	xref	from:gov,to:stmt	default	EFF-T2-s6of6.md | A. Designations named in this block | U03 | `ANNEX-COROLLARY R1-d` | `HE7_PROOF_2026-08-08.md` | designation present | present (the pin's last-delimiter unit)
EFF.T2.31	EFF.HE7.13	stmt-dep	E	OPEN	xref	from:gov,to:stmt	default	EFF-T2.md | A. Pin-designation ledger (37 designations; source: `EFF.T2.03`'s XREF table, | 19 | `HE7-A-STMT` | `HE7_PROOF_2026-08-08.md` | `THEOREM HE7.A (THE LEVEL-2 READ DECIDES` | 1
EFF.T2.31	EFF.HE7.44	stmt-dep	E	OPEN	xref	from:gov,to:stmt	default	EFF-T2.md | C. Merge-level sample re-verification (12 of the pin-designation ledger's grep counts | `LEMMA HE7-12` occurrence count in `HE7_PROOF_2026-08-08.md` | 23 | 23 | ✓
EFF.T2.31	EFF.HE7.45	stmt-dep	E	OPEN	xref	from:gov,to:stmt	default	EFF-T2-s2of6.md | C. Designations named by the local units (fixed-string occurrence in target) | `LEMMA HE7-13` | `HE7_PROOF_2026-08-08.md` | 23
EFF.T2.31	EFF.HE7.53	stmt-dep	E	OPEN	xref	from:gov,to:stmt	default	EFF-T2.md | A. Pin-designation ledger (37 designations; source: `EFF.T2.03`'s XREF table, | 23 | `HE7-REF-TERM` | `HE7_PROOF_2026-08-08.md` | `LEMMA HE7-8 ((REF-TERM)` | 1
EFF.T2.31	EFF.HE7.96	stmt-dep	E	OPEN	xref	from:gov,to:stmt	default	EFF-T2.md | A. Pin-designation ledger (37 designations; source: `EFF.T2.03`'s XREF table, | 21 | `HE7-MIXED-13P` | `HE7_PROOF_2026-08-08.md` | `ANNEX-LEMMA HE7-13′ (mixed residual nodes` | 1
EFF.T2.31	EFF.HETOW.13	stmt-dep	E	OPEN	xref	from:gov,to:body	default	EFF-T2.md | A. Pin-designation ledger (37 designations; source: `EFF.T2.03`'s XREF table, | 30 | `HETOW-KEY-BRIDGE` | `HETOW_RECON_2026-08-09.md` | `LEMMA HETOW-2 (the composed key is a key-family mem
EFF.T2.31	EFF.HETOW.15	stmt-dep	E	OPEN	xref	from:gov,to:stmt	default	EFF-T2.md | A. Pin-designation ledger (37 designations; source: `EFF.T2.03`'s XREF table, | 29 | `HETOW-LABELS-1` | `HETOW_RECON_2026-08-09.md` | `LEMMA HETOW-1 (label translation)` | 1
EFF.T2.31	EFF.HETOW.17	stmt-dep	E	OPEN	xref	from:gov,to:stmt	default	EFF-T2-s2of6.md | C. Designations named by the local units (fixed-string occurrence in target) | `LEMMA HETOW-2` | `HETOW_RECON_2026-08-09.md` | 3
EFF.T2.31	EFF.HETOW.22	stmt-dep	E	OPEN	xref	from:gov,to:stmt	default	EFF-T2-s2of6.md | C. Designations named by the local units (fixed-string occurrence in target) | `THEOREM HETOW.A` | `HETOW_RECON_2026-08-09.md` | 3
EFF.T2.31	EFF.HETOW.43	stmt-dep	E	OPEN	xref	from:gov,to:stmt	default	EFF-T2.md | A. Pin-designation ledger (37 designations; source: `EFF.T2.03`'s XREF table, | 31 | `HETOW-KEY-BRIDGE-C-A` | `HETOW_RECON_2026-08-09.md` | `C-A (cures PE2 F-A` | 1
EFF.T2.31	EFF.HETOW.50	stmt-dep	E	OPEN	xref	from:gov,to:stmt	default	EFF-T2.md | A. Pin-designation ledger (37 designations; source: `EFF.T2.03`'s XREF table, | 33 | `HETOW-NORMALIZER-4` | `HETOW_RECON_2026-08-09.md` | `LEMMA HETOW-4 (the normalizer bridge)` | 1
EFF.T2.31	EFF.HETOW.58	stmt-dep	E	OPEN	xref	from:gov,to:body	default	EFF-T2.md | A. Pin-designation ledger (37 designations; source: `EFF.T2.03`'s XREF table, | 28 | `HETOW-LABELS` | `HETOW_RECON_2026-08-09.md` | `## S1. THE INSTANTIATION MAP` | 1
EFF.T2.56	EFF.HE7.13	stmt-dep	E	OPEN	xref	from:exact,to:gov	default	EFF-T2.md | C. Merge-level sample re-verification (12 of the pin-designation ledger's grep counts | `EFF.T2.56` (per-record pin discipline, withdrawal) | "The `[r3]`-clause route is withdrawn, not def
EFF.T2.59	EFF.HE7.13	stmt-dep	E	OPEN	xref	from:exact,to:gov	default	EFF-T2.md | C. Merge-level sample re-verification (12 of the pin-designation ledger's grep counts | `EFF.T2.59` ((RISE) forces (HT)) | "(RISE) forces (HT)" | 3349 | ✓
EFF.T2.61	EFF.HE3.72	stmt-dep	E	OPEN	reverse-xref	from:stmt,to:exact	default	EFF-HE3-s2of2.md | 3.2 Reverse consumer edges | **T2** (accepted) | `HE3-A-PROOF` (65) | shard 1 `.34`'s stage-α passage (L1149–1166) | **T2's `(MP1′)` obligation is RETIRED on the strength of it** (`
EFF.T2.63	EFF.HE6.18	stmt-dep	E	OPEN	reverse-xref	from:stmt,to:gov	default	EFF-HE6.md | 5.2 Reverse-XREF rows — who consumes HE6 (rule 8) | RX-3 | `T2_SIGMA_LADDER_MASTER_2026-08-12.md` | `THEOREM HE6.A` 14 + **nine pin names** (32/34/59/48/59/26/55/66/63) | the nine byte-pi
EFF.T2.74	EFF.T1.06	stmt-dep	E	OPEN	xref	from:exact,to:body	default	EFF-T2-s4of6.md | C. Cross-note reference named but not consumed | `T1_GAUGE_COCYCLE_2026-08-12.md` | file exists in `lean/notes/openmath/`; cited as methodological precedent only, covered by no pin |
EFF.T2.75	EFF.HE7.13	stmt-dep	E	OPEN	xref	from:exact,to:gov	default	EFF-T2.md | C. Merge-level sample re-verification (12 of the pin-designation ledger's grep counts | `EFF.T2.75` (rider fold, post-pass rider 1) | "returning 0 CRITICAL + 0 GAP + 1 minor. Folded per th
EFF.T2.89	EFF.HE3.72	stmt-dep	E	OPEN	reverse-xref	from:stmt,to:exact	default	EFF-HE3-s2of2.md | 3.2 Reverse consumer edges | **T2** (accepted) | `HE3-A-PROOF` (65) | shard 1 `.34`'s stage-α passage (L1149–1166) | **T2's `(MP1′)` obligation is RETIRED on the strength of it** (`
EFF.T2.89	EFF.HE7.13	stmt-dep	E	OPEN	xref	from:exact,to:gov	default	EFF-T2.md | C. Merge-level sample re-verification (12 of the pin-designation ledger's grep counts | `EFF.T2.89` (HETOW-KEY-BRIDGE-C-A pin derivation) | "The correction is pinned regardless, because pi
EFF.T3.14	EFF.GENTOW5.s1of2.06	stmt-dep	D	OPEN	xref	from:gov,to:gov	default	EFF-T3.md | 4. XREF verification ledger | X18 | `GENTOW5_WI_2026-08-10.md` — `## S2. PROOF` | 1 | `PERIMETER-UNRESOLVED → EFF-GENTOW5_WI §S2`
EFF.T3.14	EFF.GENTOW5.s2of2.41	stmt-dep	D	OPEN	xref	from:gov,to:stmt	default	EFF-T3.md | 4. XREF verification ledger | X22 | same — `**Dated corrigendum (2026-08-12, post-D3i` | 1 | \(j-1\) twist correction
EFF.T3.14	EFF.GENTOW6.12	stmt-dep	D	OPEN	xref	from:gov,to:gov	default	EFF-T3.md | 4. XREF verification ledger | X23 | `GENTOW6_PROOF_2026-08-09.md` — `**LEMMA GENTOW-6.4 (the 𝒯-free window cap at the composed` | 1 | independent non-instance theorem
EFF.T3.14	EFF.HETOW.22	stmt-dep	D	OPEN	xref	from:gov,to:gov	default	EFF-T3.md | 4. XREF verification ledger | X14 | `HETOW_RECON_2026-08-09.md` — `(a) [THE RATIO IS A GRADE-DETERMINED WRAP-LETTER MONOMIAL]` | 1 | HETOW clause (a)
EFF.T3.14	EFF.T1.05	stmt-dep	D	OPEN	xref	from:gov,to:gov	default	EFF-T3.md | 4. XREF verification ledger | X01 | `T1_GAUGE_COCYCLE_2026-08-12.md` — `#### 1.1 Carrier and domain` | 1 | T1 carrier/setup
EFF.T3.14	EXT:SIMPLIFICATION_BLUEPRINT_2026-08-10.md	stmt-dep	D	OPEN	xref	from:gov,to:ext	default	EFF-T3.md | 4. XREF verification ledger | X28 | `docs/SIMPLIFICATION_BLUEPRINT_2026-08-10.md` — `**T3 the cocycle-telescope lemma**` | 1 | ordered blueprint target triple
EFF.T4.14	EFF.GENHN.07	stmt-dep	D	OPEN	xref	from:gov,to:gov	default	EFF-T4.md | 4.8 Unpinned import (located, but outside T4's fail-closed protocol) | U57 | `lean/notes/openmath/GENHN_PROOF_2026-08-08.md` — `> (ii) [COMPOSED SLOT LEMMA — GENHN-2′] {x^a Φ′^b : a < D′,`
EFF.T4.14	EFF.GENTOW3.18	stmt-dep	D	OPEN	xref	from:gov,to:gov	default	EFF-T4.md | 4.6 Verified NEGATIVE edges (the append protocol has not run) | N1 | `grep -cF 'GT3-THRESHOLD' GENTOW3_PROOF_2026-08-09.md` | 0 | GT3's dated absorption append has NOT landed
EFF.T4.14	EFF.GENTOW3.21	stmt-dep	D	OPEN	xref	from:gov,to:stmt	default	EFF-T4.md | 4.5 Residue-home box designations | X47 | `GENTOW3_PROOF_2026-08-09.md` — `GENTOW3-BOX-1` | 10 | residue home (genre-general non-cancellation)
EFF.T4.14	EFF.GENTOW6.05	stmt-dep	D	OPEN	xref	from:gov,to:stmt	default	EFF-T4.md | 4.5 Residue-home box designations | X43 | `GENTOW6_PROOF_2026-08-09.md` — `GENTOW6-BOX-1` | 4 | residue home (lower-coordinate / compound classification)
EFF.T4.14	EFF.GENTOW6.11	stmt-dep	D	OPEN	xref	from:gov,to:stmt	default	EFF-T4.md | 4.5 Residue-home box designations | X44 | same — `GENTOW6-BOX-2` | 3 | residue home (partial-side count ledger)
EFF.T4.14	EFF.GENTOW6.12	stmt-dep	D	OPEN	xref	from:gov,to:stmt	default	EFF-T4.md | 4.5 Residue-home box designations | X46 | same — `GENTOW6-BOX-4` | 15 | residue home (corrected-lift widening)
EFF.T4.14	EFF.GENTOW6.25	stmt-dep	D	OPEN	xref	from:gov,to:stmt	default	EFF-T4.md | 4.5 Residue-home box designations | X45 | same — `GENTOW6-BOX-3` | 3 | residue home (entry-driven / non-top-overflow)
EFF.T5.08	EFF.GENTOW5.s1of2.06	stmt-dep	D	OPEN	xref	from:gov,to:gov	default	EFF-T5.md | 4.3 GENTOW5 designations | X20 | same — `NOSE TOOTH FIRED` | 1 | the untwisted tooth \(\psi_3(Y)\ne0\)
EFF.T5.08	EFF.GENTOW5.s1of2.07	stmt-dep	D	OPEN	xref	from:gov,to:stmt	default	EFF-T5.md | 4.3 GENTOW5 designations | X19 | same — `FGMN` | 3 | the class-avatar keying of I4; the gloss `(Y = the FGMN class avatar)` is line-wrapped in the PE3 source between the words `FGMN` and `
EFF.T5.08	EFF.GENTOW5.s1of2.28	stmt-dep	D	OPEN	xref	from:gov,to:stmt	default	EFF-T5.md | 4.3 GENTOW5 designations | X19 | same — `FGMN` | 3 | the class-avatar keying of I4; the gloss `(Y = the FGMN class avatar)` is line-wrapped in the PE3 source between the words `FGMN` and `
EFF.T5.08	EFF.GENTOW5.s2of2.08	stmt-dep	D	OPEN	xref	from:gov,to:stmt	default	EFF-T5.md | 4.3 GENTOW5 designations | X18 | `GENTOW5_passPE3_report.md` — `carrier-(8,4)` | 1 | the seventh-prime geometry
EFF.T5.08	EFF.GENTOW5.s2of2.17	stmt-dep	D	OPEN	xref	from:gov,to:stmt	default	EFF-T5.md | 4.3 GENTOW5 designations | X37 | same — `## S1` | 1 | I5's statement pin section
EFF.T5.08	EFF.GENTOW5.s2of2.25	stmt-dep	D	OPEN	xref	from:gov,to:stmt	default	EFF-T5.md | 4.3 GENTOW5 designations | X35 | same — `S11.2` | 7 | the proved fixed-unit list + the withdrawn scope walk
EFF.T5.08	EFF.GENTOW5.s2of2.27	stmt-dep	D	OPEN	xref	from:gov,to:stmt	default	EFF-T5.md | 4.3 GENTOW5 designations | X25 | same — `S11.3` | 8 | the \(i=1\) fixed-letter-power statement
EFF.T5.08	EFF.GENTOW5.s2of2.32	stmt-dep	D	OPEN	xref	from:gov,to:stmt	default	EFF-T5.md | 4.3 GENTOW5 designations | X12 | `GENTOW5_PROOF_2026-08-09.md` — `S12.1` | 4 | the cumulative-hypothesis append
EFF.T5.08	EFF.GENTOW5.s2of2.33	stmt-dep	D	OPEN	xref	from:gov,to:stmt	default	EFF-T5.md | 4.3 GENTOW5 designations | X24 | same — `the next automatic floor` | 1 | (WF-chain)'s terminal arrow
EFF.T5.08	EFF.GENTOW5.s2of2.41	stmt-dep	D	OPEN	xref	from:gov,to:stmt	default	EFF-T5.md | 4.3 GENTOW5 designations | X26 | same — `Awaiting sol re-confirmation in the next queue.` | 1 | rider m-1's L2313 endpoint sentence
EFF.T5.08	EFF.T1.05	stmt-dep	D	OPEN	xref	from:gov,to:gov	default	EFF-T5.md | 4.4 Verified NEGATIVE edges (no dated append has landed) | N1 | `grep -cF 'WF-w' T1_GAUGE_COCYCLE_2026-08-12.md` | 0 | I1's source carries no T5 append
EFF.T5.08	EFF.T5.04	stmt-dep	D	OPEN	xref	from:gov,to:stmt	default	EFF-T5.md | 4.4 Verified NEGATIVE edges (no dated append has landed) | N5 | repo-wide `grep -rlF` for `WF-law` / `WF-realized` / `DEFINITION W-FRAME` | 1 file | only `T5_WFRAME_2026-08-12.md` itself —
EFF.T5.08	EFF.T5.18	stmt-dep	D	OPEN	xref	from:gov,to:stmt	default	EFF-T5.md | 4.4 Verified NEGATIVE edges (no dated append has landed) | N5 | repo-wide `grep -rlF` for `WF-law` / `WF-realized` / `DEFINITION W-FRAME` | 1 file | only `T5_WFRAME_2026-08-12.md` itself —
EFF.T5.08	EFF.T5.19	stmt-dep	D	OPEN	xref	from:gov,to:stmt	default	EFF-T5.md | 4.4 Verified NEGATIVE edges (no dated append has landed) | N5 | repo-wide `grep -rlF` for `WF-law` / `WF-realized` / `DEFINITION W-FRAME` | 1 file | only `T5_WFRAME_2026-08-12.md` itself —
EFF.T5.08	EFF.T5.45	stmt-dep	D	OPEN	xref	from:gov,to:body	default	EFF-T5.md | 4.4 Verified NEGATIVE edges (no dated append has landed) | N5 | repo-wide `grep -rlF` for `WF-law` / `WF-realized` / `DEFINITION W-FRAME` | 1 file | only `T5_WFRAME_2026-08-12.md` itself —
EFF.T5.08	EXT:GENTOW2_PROOF_2026-08-09.md	stmt-dep	D	OPEN	xref	from:gov,to:ext	default	EFF-T5.md | 4.2 GENTOW2 designations | X09 | `GENTOW2_PROOF_2026-08-09.md` — `GENTOW2-B″` | 11 | the \(i=2\) supplier
EFF.T5.08	EXT:GENTOW2_passPE6_report.md	stmt-dep	D	OPEN	xref	from:gov,to:ext	default	EFF-T5.md | 4.2 GENTOW2 designations | X15 | same — `IDY` | 2 | the IDY closure rows underwriting I3's intrinsic leg
EFF.T5.27	EFF.GENTOW5.s1of2.06	stmt-dep	D	OPEN	xref	from:exact,to:gov	statement-hit	EFF-T5.md | 4.3 GENTOW5 designations | X21 | `GENTOW5_WI_2026-08-10.md` — `PROVED at every level` | 1 | the companion's promotion claim (EFF.T5.27 leg 1)
EFF.T5.27	EFF.GENTOW5.s2of2.35	proof-dep	D	OPEN	xref	from:exact,to:stmt	derivation-hit	EFF-T5.md | 4.3 GENTOW5 designations | X23 | same — `is WITHDRAWN` | 2 | the withdrawal of S11.2's scope walk (EFF.T5.27 leg 3)
EFF.W11.08	EFF.JD0.06	stmt-dep	G	OPEN	reverse-xref	from:gov,to:gov	default	EFF-JD0.md | 4.4 Reverse-XREFs: the seven verified consumption sites | RX-1 | `lean/notes/openmath/W11_PROOF_2026-08-08.md` | 599 | `* **LEMMA J-D0** — PROVED on its perimeter, seal 1642275/**9387eb1*
EFF.W11.27	EFF.W11.08	stmt-dep	G	OPEN	xref	from:exact,to:gov	default	EFF-W11.md | 4.3 Commit locators (all 20 verified as git commit objects) | `473a993` | `W11_passPE2_report.md` (0C+1G+1m) — also the provenance of the finite telescope (EFF.W11.27)
EFF.W11.37	EFF.W11.08	stmt-dep	G	OPEN	xref	from:exact,to:gov	default	EFF-W11.md | 4.3 Commit locators (all 20 verified as git commit objects) | `2e6fdd8`, `9506a55` | W-10's two-commit seal (EFF.W11.37)
EFF.W12.s1of2.09	EFF.GENH4.11	stmt-dep	H	OPEN	xref	from:gov,to:stmt	default	EFF-W12-s1of2.md | 3.1 Verified import/XREF designations | 26 | `GENH4_PROOF_2026-08-08.md:THEOREM GENH4.C` | 9 | The n = 4 σ-labeling supplier
EFF.W12.s1of2.09	EFF.GENHN.07	stmt-dep	H	OPEN	xref	from:gov,to:stmt	default	EFF-W12-s1of2.md | 3.1 Verified import/XREF designations | 27 | `GENHN_PROOF_2026-08-08.md:THEOREM GENHN.C` | 11 | The n = 5 σ-labeling supplier
EFF.W12.s1of2.09	EFF.GENIND.17	stmt-dep	H	OPEN	xref	from:gov,to:stmt	default	EFF-W12-s2of2.md | 3.1 Verified import/XREF designations | 15 | `GENIND_PROOF_2026-08-08.md:GENIND-1` | 15 | Fracture permanence, consumed by LEMMA W12-HT steps 3–5 at PROVED grade
EFF.W12.s1of2.09	EFF.GRTJB.31	stmt-dep	H	OPEN	xref	from:gov,to:stmt	default	EFF-W12-s1of2.md | 3.1 Verified import/XREF designations | 15 | `GRTJB_PROOF_2026-08-08.md:JB-DEV` | 63 | `(H-b)` membership face
EFF.W12.s1of2.09	EFF.GRTJB.32	stmt-dep	H	OPEN	xref	from:gov,to:stmt	default	EFF-W12-s1of2.md | 3.1 Verified import/XREF designations | 14 | `GRTJB_PROOF_2026-08-08.md:JB-VTX` | 77 | `(H-b)` membership face; the engine tie in BOX-5
EFF.W12.s1of2.09	EFF.GRTJC.50	stmt-dep	H	OPEN	xref	from:gov,to:stmt	default	EFF-W12-s1of2.md | 3.1 Verified import/XREF designations | 12 | `GRTJC_PROOF_2026-08-08.md:JC-PSIKER` | 19 | `(H-a)` composite-stage warrant
EFF.W12.s1of2.09	EFF.GRTJC.62	stmt-dep	H	OPEN	xref	from:gov,to:stmt	default	EFF-W12-s1of2.md | 3.1 Verified import/XREF designations | 13 | `GRTJC_PROOF_2026-08-08.md:JC-LOAD` | 31 | `(H-a)` composite-stage warrant
EFF.W12.s1of2.09	EFF.GRTW2.49	stmt-dep	H	OPEN	xref	from:gov,to:stmt	default	EFF-W12-s1of2.md | 3.1 Verified import/XREF designations | 17 | `GRTW2_PROOF_2026-08-08.md:OPEN2ATTACK` | 5 | Its narrowing verdict
EFF.W12.s1of2.09	EFF.GRTW2.50	stmt-dep	H	OPEN	xref	from:gov,to:stmt	default	EFF-W12-s1of2.md | 3.1 Verified import/XREF designations | 18 | `GRTW2_PROOF_2026-08-08.md:Σ-LAW` | 14 | The residue `(H-c)` and §S5 are conditional on
EFF.W12.s1of2.09	EFF.GRTW2.55	stmt-dep	H	OPEN	xref	from:gov,to:stmt	default	EFF-W12-s1of2.md | 3.1 Verified import/XREF designations | 16 | `GRTW2_PROOF_2026-08-08.md:W2-OPEN-2` | 60 | The surviving open weld surface in §S5
EFF.W12.s1of2.09	EFF.HEX3.08	stmt-dep	H	OPEN	xref	from:gov,to:stmt	default	EFF-W12-s1of2.md | 3.1 Verified import/XREF designations | 21 | `HEX3_PROOF_2026-08-08.md:THEOREM HEX3.A` | 11 | The exact conservative law (rejected-parse price; BOX-3 discharge)
EFF.W12.s1of2.09	EFF.HEX3.10	stmt-dep	H	OPEN	xref	from:gov,to:stmt	default	EFF-W12-s1of2.md | 3.1 Verified import/XREF designations | 23 | `HEX3_PROOF_2026-08-08.md:COROLLARY HEX3.C` | 8 | The characteristic-independence corollary
EFF.W12.s1of2.09	EFF.HEX3.37	stmt-dep	H	OPEN	xref	from:gov,to:stmt	default	EFF-W12-s1of2.md | 3.1 Verified import/XREF designations | 22 | `HEX3_PROOF_2026-08-08.md:HEX3-BOX-1` | 11 | The still-open tail-σ-certification lemma
EFF.W12.s1of2.09	EFF.HMENU3.14	stmt-dep	H	OPEN	xref	from:gov,to:stmt	default	EFF-W12-s1of2.md | 3.1 Verified import/XREF designations | 24 | `HMENU3_PROOF_2026-08-08.md:THEOREM HM3.C` | 10 | The n = 3 σ-labeling supplier (with its inherited phrasing defect)
EFF.W12.s1of2.09	EFF.HMENU3.17	stmt-dep	H	OPEN	xref	from:gov,to:stmt	default	EFF-W12-s1of2.md | 3.1 Verified import/XREF designations | 25 | `HMENU3_PROOF_2026-08-08.md:COROLLARY HM3.D` | 11 | The n = 3 firing of W-12.D
EFF.W12.s1of2.09	EFF.JD0.06	stmt-dep	H	OPEN	reverse-xref	from:gov,to:gov	default	EFF-JD0.md | 4.4 Reverse-XREFs: the seven verified consumption sites | RX-2 | `lean/notes/openmath/W12_PROOF_2026-08-08.md` | 1499 | `* **LEMMA J-D0** — PROVED on its perimeter, seal 1642275 / verdict
EFF.W12.s1of2.09	EFF.JD0.33	stmt-dep	H	OPEN	xref	from:gov,to:stmt	statement-hit	EFF-W12-s1of2.md | 3.1 Verified import/XREF designations | 11 | `JD0_PROOF_2026-08-08.md:LEMMA J-D0` | 4 | Count-gauge-blindness FRAME (shape-only well-posedness)
EFF.W12.s1of2.09	EFF.W11.07	stmt-dep	H	OPEN	xref	from:gov,to:stmt	default	EFF-W12-s1of2.md | 3.1 Verified import/XREF designations | 4 | `W11_PROOF_2026-08-08.md:SPLIT-TAIL` | 21 | The proved DBL-side tail certification; the (A2)-routed boundary family
EFF.W12.s1of2.09	EFF.W11.15	stmt-dep	H	OPEN	xref	from:gov,to:stmt	default	EFF-W12-s1of2.md | 3.1 Verified import/XREF designations | 2 | `W11_PROOF_2026-08-08.md:S2.3` | 8 | The refinement measure-isomorphism (W12-L0's induction step)
EFF.W12.s1of2.09	EFF.W11.33	stmt-dep	H	OPEN	xref	from:gov,to:stmt	default	EFF-W12-s1of2.md | 3.1 Verified import/XREF designations | 5 | `W11_PROOF_2026-08-08.md:W11-BOX-3` | 1 | Reimplementation fence inherited
EFF.W12.s1of2.09	EFF.W11.37	stmt-dep	H	OPEN	xref	from:gov,to:stmt	default	EFF-W12-s1of2.md | 3.1 Verified import/XREF designations | 3 | `W11_PROOF_2026-08-08.md:S4.3` | 10 | The stated general-n program (P1)/(P2)/(P3)
EFF.W12.s1of2.09	EFF.W11.39	stmt-dep	H	OPEN	xref	from:gov,to:stmt	statement-hit	EFF-W12-s1of2.md | 3.1 Verified import/XREF designations | 1 | `W11_PROOF_2026-08-08.md:THEOREM W-11` | 3 | The n = 2 menu, drainage law, and the reduction's unconditional firing
EFF.W12.s1of2.09	EFF.WELDMASTER.03	stmt-dep	H	OPEN	xref	from:gov,to:stmt	default	EFF-W12-s1of2.md | 3.1 Verified import/XREF designations | 19 | `WELDMASTER_2026-08-08.md:WELD-M-PKG` | 5 | The WELDMASTER member of the six-note weld list
EFF.W12.s1of2.09	EXT:BRIDGE_ADJUDICATIONS_2026-07-30.md	stmt-dep	H	OPEN	xref	from:gov,to:ext	default	EFF-W12-s1of2.md | 3.1 Verified import/XREF designations | 32 | `lean/notes/BRIDGE_ADJUDICATIONS_2026-07-30.md:erratum` | 54 | The ledger-side erratum convention for the `[r1]` display fix
EFF.W12.s1of2.09	EXT:DULEMMA_PROOF_2026-08-08.md	stmt-dep	H	OPEN	xref	from:gov,to:ext	default	EFF-W12-s1of2.md | 3.1 Verified import/XREF designations | 20 | `DULEMMA_PROOF_2026-08-08.md:DULEMMA` | 1 | Explicitly NOT consumed by any count law
EFF.W12.s1of2.09	EXT:GRT_WELD_BLUEPRINT_2026-08-08.md	stmt-dep	H	OPEN	xref	from:gov,to:ext	default	EFF-W12-s1of2.md | 3.1 Verified import/XREF designations | 29 | `docs/in-progress/GRT_WELD_BLUEPRINT_2026-08-08.md:the faithfulness handoff (J-D1)` | 1 | The blueprint's W-12 row, quoted verbatim
EFF.W12.s1of2.09	EXT:W10_PROOF_2026-08-08.md	stmt-dep	H	OPEN	xref	from:gov,to:ext	statement-hit	EFF-W12-s1of2.md | 3.1 Verified import/XREF designations | 7 | `W10_PROOF_2026-08-08.md:THEOREM W-10` | 2 | The digit-calculus template; the (2,1,1) cross-check
EFF.W12.s1of2.09	EXT:WELD_SYNTHESIS_2026-08-05.md	stmt-dep	H	OPEN	xref	from:gov,to:ext	default	EFF-W12-s1of2.md | 3.1 Verified import/XREF designations | 31 | `docs/in-progress/WELD_SYNTHESIS_2026-08-05.md:(ii) J-D composition plan: BLUEPRINT ROUTE` | 1 | The cited `§4(ii)` provenance
EFF.W12.s1of2.33	EFF.W11.08	stmt-dep	H	OPEN	reverse-xref	from:stmt,to:gov	default	EFF-W11.md | 4.6 Reverse-XREFs: consumers of W-11 | RX-3 | `lean/notes/openmath/W12_passPE6_report.md` | 4 mentions of `W-11` | the W-12 consumption; note its own correction: “…counter
EFF.W12.s2of2.01	EFF.HE3.16	stmt-dep	H	OPEN	reverse-xref	from:stmt,to:gov	default	EFF-HE3.md | Sample re-verification (10 of 46, grep-rerun at merge time against the working tree — MUST include both reverse-edge designations per the merge charge) | `W12_PROOF_2026-08-08.md:w12_chec
EFF.W12.s2of2.18	EFF.HEX3.08	stmt-dep	H	OPEN	reverse-xref	from:stmt,to:gov	default	EFF-HEX3.md | 5.2 Reverse-XREF rows — who consumes HEX3 (rule 8) | RX-3 | `W12_PROOF_2026-08-08.md` | `HEX3` | 29 | the BOX-3 ANNEX (verbatim, L1672–1683); **and, outbound, THEOREM HEX3.A used at L159
EFF.W12.s2of2.19	EFF.HMENU3.08	stmt-dep	H	OPEN	reverse-xref	from:stmt,to:gov	default	EFF-HMENU3.md | 5.2 Reverse-XREF rows — who consumes HMENU3 (rule 8) | RX-2 | `W12_PROOF_2026-08-08.md` | `HMENU3` 24 / `HM3.` 24 | the **BOX-2 ANNEX**, applied verbatim at L1685ff (block md5 verified
EFF.WELDMASTER.02	EFF.GRTJA.04	stmt-dep	F	OPEN	xref	from:exact,to:gov	default	EFF-WELDMASTER.md | 4. XREF verification ledger | X5 | `[ILN]†` | S0.1/S0.3, SHIFT-(n), D_j-INT, EXP-KIT(a), Lemma WINDOW-(n), the value law, the scored stratum | ACCEPTED supplier | `.02`, `.07`–`.10
EFF.WELDMASTER.03	EFF.GRTJA.04	stmt-dep	F	OPEN	xref	from:exact,to:gov	default	EFF-WELDMASTER.md | 4. XREF verification ledger | X2 | `GRTJA_PROOF_2026-08-08.md` | JA-PIN, JA-VAL, JA-EPS, JA-GRID, JA-RES, JA-VDIND, JA-BOX-1..5, (R-coll) | EXISTS ✓ | `.03`–`.05`, `.07`, `.12`–`.1
EFF.WELDMASTER.03	EXT:EFF-T1*.md	stmt-dep	F	OPEN	xref	from:gov,to:ext	statement-hit	EFF-WELDMASTER.md | 4. XREF verification ledger | X7 | `spec/EFF-T1*.md` | the compiled T1 shards | **`WELD-M-PKG` count 21** ✓ | §1 charge
EFF.WELDMASTER.04	EFF.GRTW2.04	stmt-dep	F	OPEN	xref	from:exact,to:gov	default	EFF-WELDMASTER.md | 4. XREF verification ledger | X1 | `GRTW2_PROOF_2026-08-08.md` | W2-C1/C2/C3, W2-L2/L3, §3.2/§3.4, W2-BOX-1, W2-OPEN-1/2, (C-coll) | EXISTS ✓ | `.04`, `.05`, `.11`, `.12`, `.15`, `
EFF.WELDMASTER.05	EFF.GRTJA.04	stmt-dep	F	OPEN	xref	from:exact,to:gov	default	EFF-WELDMASTER.md | 4. XREF verification ledger | X2 | `GRTJA_PROOF_2026-08-08.md` | JA-PIN, JA-VAL, JA-EPS, JA-GRID, JA-RES, JA-VDIND, JA-BOX-1..5, (R-coll) | EXISTS ✓ | `.03`–`.05`, `.07`, `.12`–`.1
EFF.WELDMASTER.05	EFF.GRTW2.04	stmt-dep	F	OPEN	xref	from:exact,to:gov	default	EFF-WELDMASTER.md | 4. XREF verification ledger | X1 | `GRTW2_PROOF_2026-08-08.md` | W2-C1/C2/C3, W2-L2/L3, §3.2/§3.4, W2-BOX-1, W2-OPEN-1/2, (C-coll) | EXISTS ✓ | `.04`, `.05`, `.11`, `.12`, `.15`, `
EFF.WELDMASTER.06	EFF.GRTJA.04	stmt-dep	F	OPEN	xref	from:exact,to:gov	default	EFF-WELDMASTER.md | 4. XREF verification ledger | X3 | `[JB]†` (GRTJB) | JB-DEV(i), JB-AFF, JB-VTX, JB-CREAD, §0M rows 1–2/11/15/21, rows 4/5/12/22 NO-LEG | cited by tag | `.05`, `.06`, `.11`, `.14`
EFF.WELDMASTER.07	EFF.GRTJA.04	stmt-dep	F	OPEN	xref	from:exact,to:gov	default	EFF-WELDMASTER.md | 4. XREF verification ledger | X2 | `GRTJA_PROOF_2026-08-08.md` | JA-PIN, JA-VAL, JA-EPS, JA-GRID, JA-RES, JA-VDIND, JA-BOX-1..5, (R-coll) | EXISTS ✓ | `.03`–`.05`, `.07`, `.12`–`.1
EFF.WELDMASTER.10	EFF.GRTJA.04	stmt-dep	F	OPEN	xref	from:exact,to:gov	default	EFF-WELDMASTER.md | 4. XREF verification ledger | X4 | `[JC]†` (GRTJC) | W-6/W-7/W-8/W-9, JC-LOC, JC-F1/F2, JC-BOX-2/4/8, (DMULT-w/s) | cited by tag | `.05`, `.10`, `.11`
EFF.WELDMASTER.11	EFF.GRTJA.04	stmt-dep	F	OPEN	xref	from:exact,to:gov	default	EFF-WELDMASTER.md | 4. XREF verification ledger | X3 | `[JB]†` (GRTJB) | JB-DEV(i), JB-AFF, JB-VTX, JB-CREAD, §0M rows 1–2/11/15/21, rows 4/5/12/22 NO-LEG | cited by tag | `.05`, `.06`, `.11`, `.14`
EFF.WELDMASTER.11	EFF.GRTW2.04	stmt-dep	F	OPEN	xref	from:exact,to:gov	default	EFF-WELDMASTER.md | 4. XREF verification ledger | X1 | `GRTW2_PROOF_2026-08-08.md` | W2-C1/C2/C3, W2-L2/L3, §3.2/§3.4, W2-BOX-1, W2-OPEN-1/2, (C-coll) | EXISTS ✓ | `.04`, `.05`, `.11`, `.12`, `.15`, `
EFF.WELDMASTER.12	EFF.GRTJA.04	stmt-dep	F	OPEN	xref	from:exact,to:gov	default	EFF-WELDMASTER.md | 4. XREF verification ledger | X2 | `GRTJA_PROOF_2026-08-08.md` | JA-PIN, JA-VAL, JA-EPS, JA-GRID, JA-RES, JA-VDIND, JA-BOX-1..5, (R-coll) | EXISTS ✓ | `.03`–`.05`, `.07`, `.12`–`.1
EFF.WELDMASTER.12	EFF.GRTW2.04	stmt-dep	F	OPEN	xref	from:exact,to:gov	default	EFF-WELDMASTER.md | 4. XREF verification ledger | X1 | `GRTW2_PROOF_2026-08-08.md` | W2-C1/C2/C3, W2-L2/L3, §3.2/§3.4, W2-BOX-1, W2-OPEN-1/2, (C-coll) | EXISTS ✓ | `.04`, `.05`, `.11`, `.12`, `.15`, `
EFF.WELDMASTER.14	EFF.GRTJA.04	stmt-dep	F	OPEN	xref	from:exact,to:gov	default	EFF-WELDMASTER.md | 4. XREF verification ledger | X2 | `GRTJA_PROOF_2026-08-08.md` | JA-PIN, JA-VAL, JA-EPS, JA-GRID, JA-RES, JA-VDIND, JA-BOX-1..5, (R-coll) | EXISTS ✓ | `.03`–`.05`, `.07`, `.12`–`.1
EFF.WELDMASTER.15	EFF.GRTW2.04	stmt-dep	F	OPEN	xref	from:exact,to:gov	default	EFF-WELDMASTER.md | 4. XREF verification ledger | X1 | `GRTW2_PROOF_2026-08-08.md` | W2-C1/C2/C3, W2-L2/L3, §3.2/§3.4, W2-BOX-1, W2-OPEN-1/2, (C-coll) | EXISTS ✓ | `.04`, `.05`, `.11`, `.12`, `.15`, `
EFF.WELDMASTER.16	EFF.GRTW2.04	stmt-dep	F	OPEN	xref	from:exact,to:gov	default	EFF-WELDMASTER.md | 4. XREF verification ledger | X1 | `GRTW2_PROOF_2026-08-08.md` | W2-C1/C2/C3, W2-L2/L3, §3.2/§3.4, W2-BOX-1, W2-OPEN-1/2, (C-coll) | EXISTS ✓ | `.04`, `.05`, `.11`, `.12`, `.15`, `
EFF.WELDMASTER.18	EFF.GRTJA.04	stmt-dep	F	OPEN	xref	from:exact,to:gov	default	EFF-WELDMASTER.md | 4. XREF verification ledger | X2 | `GRTJA_PROOF_2026-08-08.md` | JA-PIN, JA-VAL, JA-EPS, JA-GRID, JA-RES, JA-VDIND, JA-BOX-1..5, (R-coll) | EXISTS ✓ | `.03`–`.05`, `.07`, `.12`–`.1
EFF.WELDMASTER.18	EFF.GRTW2.04	stmt-dep	F	OPEN	xref	from:exact,to:gov	default	EFF-WELDMASTER.md | 4. XREF verification ledger | X1 | `GRTW2_PROOF_2026-08-08.md` | W2-C1/C2/C3, W2-L2/L3, §3.2/§3.4, W2-BOX-1, W2-OPEN-1/2, (C-coll) | EXISTS ✓ | `.04`, `.05`, `.11`, `.12`, `.15`, `
EFF.WELDMASTER.19	EXT:WELD_FACE_AUDIT.md	stmt-dep	F	OPEN	xref	from:exact,to:ext	statement-hit	EFF-WELDMASTER.md | 4. XREF verification ledger | X11 | `verification/openmath/weldmaster_checks.py` | the sealed runner | EXISTS ✓ | `.19`
EFF.WELDMASTER.22	EFF.T1.32	stmt-dep	F	OPEN	xref	from:exact,to:stmt	statement-hit	EFF-WELDMASTER.md | 4. XREF verification ledger | X6 | `T1_GAUGE_COCYCLE_2026-08-12.md` | the (C7) interface | **`WELD-M-PKG` count 14** ✓ | §1 charge, `.22`
EFF.WELDMASTER.22	EXT:WELD_FACE_AUDIT.md	stmt-dep	F	OPEN	xref	from:exact,to:ext	default	EFF-WELDMASTER.md | 4. XREF verification ledger | X12 | `runs/cert/C6_weldmaster_output.log`, `runs/cert2/E6_weldmaster_output.log` | the sol read and adjudication | both EXIST ✓ | `.22`–`.28`
EFF.WELDMASTER.25	EFF.JD0.06	stmt-dep	F	OPEN	xref	from:exact,to:gov	default	EFF-WELDMASTER.md | 4. XREF verification ledger | X8 | `JD0_PROOF_2026-08-08.md` | the J-D0 route F-4 routes existence to | EXISTS ✓ | `.25`
EFF.WELDMASTER.26	EFF.GRTW2.04	stmt-dep	F	OPEN	xref	from:exact,to:gov	default	EFF-WELDMASTER.md | 4. XREF verification ledger | X1 | `GRTW2_PROOF_2026-08-08.md` | W2-C1/C2/C3, W2-L2/L3, §3.2/§3.4, W2-BOX-1, W2-OPEN-1/2, (C-coll) | EXISTS ✓ | `.04`, `.05`, `.11`, `.12`, `.15`, `
EFF.WELDMASTER.28	EXT:WELD_FACE_AUDIT.md	proof-dep	F	OPEN	xref	from:exact,to:ext	derivation-hit	EFF-WELDMASTER.md | 4. XREF verification ledger | X12 | `runs/cert/C6_weldmaster_output.log`, `runs/cert2/E6_weldmaster_output.log` | the sol read and adjudication | both EXIST ✓ | `.22`–`.28`
EXT:CODEX_GENINDRAT_2026-08-09.md	EFF.GENIND.148	stmt-dep		OPEN	reverse-xref	from:ext,to:exact	default	EFF-GENIND.md | 5.1 Per-supplier mathematical supply versus append/consumption protocol (merged from all three shards' reverse-consumer-edge tables; the mathematical-status column kept strictly distin
EXT:CODEX_GENINDRAT_2026-08-09.md	EFF.GENIND.170	stmt-dep		OPEN	reverse-xref	from:ext,to:exact	default	EFF-GENIND.md | 5.1 Per-supplier mathematical supply versus append/consumption protocol (merged from all three shards' reverse-consumer-edge tables; the mathematical-status column kept strictly distin
EXT:CODEX_TOWERRAT2_2026-08-10.md	EFF.GENTOW5.s1of2.06	stmt-dep		OPEN	reverse-xref	from:ext,to:gov	default	EFF-GENTOW5-s2of2.md | 3.2 Reverse consumer edges: mathematical supply versus append protocol | `CODEX_TOWERRAT2_2026-08-10.md` | `A-F1` (3), `A-F2` (2) | External adversarial run consumed | 5/5 adjud
EXT:DITERSUP_STMT_2026-08-08.md	EFF.GRTJC.02	stmt-dep		OPEN	reverse-xref	from:ext,to:exact	default	EFF-GRTJC-s1of3.md | 3.2 Reverse consumer edges: mathematical supply versus append protocol | Downstream: `Scaffold/HDischarge/H1/DIterCarrier.lean` JS1/JS2 | — | `.02` | §5's W-9(i)(ii) is JS1's **se
EXT:DITERSUP_STMT_2026-08-08.md	EFF.GRTJC.121	stmt-dep		OPEN	reverse-xref	from:ext,to:exact	default	EFF-GRTJC-s3of3.md | 3.2 Reverse consumer edges | **`DIterCarrier.lean` JS1 / JS2** | — | `.25` | **W-9(i)(ii) is JS1's SEMANTIC HOME** — the second downstream consumer of W-9 after WELDZERO | **“No L
EXT:DITERSUP_STMT_2026-08-08.md	EFF.GRTJC.52	stmt-dep		OPEN	reverse-xref	from:ext,to:exact	default	EFF-GRTJC-s1of3.md | 3.2 Reverse consumer edges: mathematical supply versus append protocol | **THREE upstream docs carrying the JC-F2 defective display** | `GRW2_TIE_DESIGN`, the blueprint, the brief
EXT:DULEMMA_PROOF_2026-08-08.md	EFF.GRTJC.123	stmt-dep		OPEN	reverse-xref	from:ext,to:exact	default	EFF-GRTJC-s3of3.md | 3.2 Reverse consumer edges | **DULEMMA** | `DULEMMA_PROOF_2026-08-08.md` (EXISTS) | `.27` | **INBOUND**: THEOREM DU makes `(DMULT-s)` PROVED-conditional. **Note the dependency dir
EXT:DULEMMA_PROOF_2026-08-08.md	EFF.GRTJC.126	stmt-dep		OPEN	reverse-xref	from:ext,to:exact	default	EFF-GRTJC-s3of3.md | 3.2 Reverse consumer edges | **The sol certifier** | `runs/cert2/E4_grtjc_output.log` (cited) | `.30`–`.36` | **INBOUND: five REAL findings, one a CRITICAL against a live proof.**
EXT:DULEMMA_PROOF_2026-08-08.md	EFF.GRTJC.132	stmt-dep		OPEN	reverse-xref	from:ext,to:exact	default	EFF-GRTJC-s3of3.md | 3.2 Reverse consumer edges | **The sol certifier** | `runs/cert2/E4_grtjc_output.log` (cited) | `.30`–`.36` | **INBOUND: five REAL findings, one a CRITICAL against a live proof.**
EXT:DULEMMA_PROOF_2026-08-08.md	EFF.GRTJC.54	stmt-dep		OPEN	reverse-xref	from:ext,to:gov	default	EFF-GRTJC-s3of3.md | 3.2 Reverse consumer edges | GRTJB | `JB-BOX-2` (45), `JB-BOX-4` (2) | `.07` | **INBOUND**: JB-BOX-2's geography rides verbatim through JC-BOX-6 | **STALE grade recorded here (ATT
EXT:DULEMMA_PROOF_2026-08-08.md	EFF.WELDMASTER.03	stmt-dep		OPEN	reverse-xref	from:ext,to:gov	default	EFF-WELDMASTER.md | 5.2 Reverse-XREF rows — who consumes WELDMASTER | RX-2 | `DULEMMA_PROOF_2026-08-08.md` | **only the `M3` field**, with its own DU-A/DU-B argument supplied | LANDED (per F-1's sweep
EXT:DULEMMA_PROOF_2026-08-08.md	EFF.WELDMASTER.25	stmt-dep		OPEN	reverse-xref	from:ext,to:exact	default	EFF-WELDMASTER.md | 5.2 Reverse-XREF rows — who consumes WELDMASTER | RX-3 | the J-D block (J-D0 → W-10 → W-11) | `WM-FENCE` as a criterion only, **through J-D0** | **design-stage; scoped by F-4** (`.
EXT:GENTOW2_PROOF_2026-08-09.md	EFF.GENTOW5.s1of2.06	stmt-dep		OPEN	reverse-xref	from:ext,to:gov	default	EFF-GENTOW5-s2of2.md | 3.2 Reverse consumer edges: mathematical supply versus append protocol | `GENTOW2_PROOF_2026-08-09.md` | `LEMMA GENTOW2-B″` (10) | GENTOW5 consumes | Level-2 law consumed verbat
EXT:HYPOTHESIS_LEDGER.md	EFF.GENHN.92	stmt-dep		OPEN	reverse-xref	from:ext,to:exact	default	EFF-GENHN.md | 5.1 Reverse consumer edges: mathematical supply versus append/consumption protocol (merged from both shards' §3.2 tables; rows naming the same consumer note are kept as separate rows wh
EXT:HYPOTHESIS_LEDGER.md	EFF.HE6R1.06	stmt-dep		OPEN	reverse-xref	from:ext,to:gov	default	EFF-HE6R1.md | 5.2 Reverse-XREF rows — who consumes HE6R1 (rule 8) | RX-4 | `spec/HYPOTHESIS_LEDGER.md` | `GENHN-ERR-1` 4 | the R9 residue as a ledgered row | LANDED
EXT:HYPOTHESIS_LEDGER.md	EFF.HMENU3.08	stmt-dep		OPEN	reverse-xref	from:ext,to:gov	default	EFF-HMENU3.md | 5.2 Reverse-XREF rows — who consumes HMENU3 (rule 8) | RX-6 | `spec/HYPOTHESIS_LEDGER.md` | `HMENU3` 9 | the HMENU3/HEX3 perimeter rows; `TAIL-CERT=HEX3-BOX-1=HM3-BOX-1`; “ANNEX-2's di
EXT:HYPOTHESIS_LEDGER.md	EFF.T4.14	stmt-dep		OPEN	reverse-xref	from:ext,to:gov	default	EFF-T4.md | 4.7 Reverse-XREFs: consumers of T4 | RX49 | `spec/HYPOTHESIS_LEDGER.md` — `### T4 boxes and tightness suspects` | 1 | the ledger section homing T4's residues
EXT:HYPOTHESIS_LEDGER.md	EFF.T5.09	stmt-dep		OPEN	reverse-xref	from:ext,to:exact	default	EFF-T5.md | 4.6 Reverse-XREFs: consumers of T5 | RX-2 | same — `### T1/T3/T5 supplier conditions` | 1 | the ledger section homing EFF.T5.09/.10
EXT:HYPOTHESIS_LEDGER.md	EFF.W11.28	stmt-dep		OPEN	reverse-xref	from:ext,to:exact	default	EFF-W11.md | 4.6 Reverse-XREFs: consumers of W-11 | RX-2 | same — the weld-face-audit row citing `W11 L391–393` | 1 | EFF.W11.28's JB non-import, independently corroborated as “No capstone-path consum
EXT:LEAN_SCOPING_consumption_map_2026-08-12.md	EFF.LIFTCORNER.57	stmt-dep		OPEN	reverse-xref	from:ext,to:gov	default	EFF-LIFTCORNER-s1of2.md | 3.3 Reverse XREFs — consumers of this note | RX21 | `docs/in-progress/LEAN_SCOPING_consumption_map_2026-08-12.md` — `LIFTCORNER` | 5 | — | the Lean-scoping consumption read o
EXT:LEAN_SCOPING_consumption_map_2026-08-12.md	EFF.T4.14	stmt-dep		OPEN	reverse-xref	from:ext,to:gov	default	EFF-T4.md | 4.7 Reverse-XREFs: consumers of T4 | RX48 | `docs/in-progress/LEAN_SCOPING_consumption_map_2026-08-12.md` — `## T4 — THE CERTIFICATE WITNESS` | 1 | the Lean-scoping consumption read of T4 
EXT:N3_CHECK_2026-08-13.md	EFF.HEX3.08	stmt-dep		OPEN	reverse-xref	from:ext,to:gov	default	EFF-HEX3.md | 5.2 Reverse-XREF rows — who consumes HEX3 (rule 8) | RX-7 | `leancheck/notes/N3_CHECK_2026-08-13.md` | `HEX3` | 8 | HEX3's law as a comparison target for an independent decider; §S1's un
EXT:N3_CHECK_2026-08-13.md	EFF.HMENU3.08	stmt-dep		OPEN	reverse-xref	from:ext,to:gov	default	EFF-HMENU3.md | 5.2 Reverse-XREF rows — who consumes HMENU3 (rule 8) | RX-4 | `leancheck/notes/N3_CHECK_2026-08-13.md` | `HMENU3` 14 | HMENU3's five density values as expected values for an independen
EXT:PROJECT_STATE.md	EFF.HEX3.08	stmt-dep		OPEN	reverse-xref	from:ext,to:gov	default	EFF-HEX3.md | 5.2 Reverse-XREF rows — who consumes HEX3 (rule 8) | RX-5 | `docs/PROJECT_STATE.md` | `HEX3` | 25 | project-level status | LANDED
EXT:PROJECT_STATE.md	EFF.HMENU3.08	stmt-dep		OPEN	reverse-xref	from:ext,to:gov	default	EFF-HMENU3.md | 5.2 Reverse-XREF rows — who consumes HMENU3 (rule 8) | RX-5 | `docs/PROJECT_STATE.md` | `HMENU3` 18 | project-level status | LANDED
EXT:PROJECT_STATE.md	EFF.LIFTCORNER.57	stmt-dep		OPEN	reverse-xref	from:ext,to:gov	default	EFF-LIFTCORNER-s1of2.md | 3.3 Reverse XREFs — consumers of this note | RX22 | `docs/PROJECT_STATE.md` — `row 19 also ((Φ₁-OPACITY), numerical certificate` | 1 | 3996 | the certification ledger's row-1
EXT:SOL_CERTIFICATION_LEDGER_2026-08-12.md	EFF.HE6.62	stmt-dep		OPEN	reverse-xref	from:ext,to:exact	default	EFF-HE6.md | 5.2 Reverse-XREF rows — who consumes HE6 (rule 8) | RX-4 | `docs/SOL_CERTIFICATION_LEDGER_2026-08-12.md` | row 14 | “CHALLENGE (fresh, R6) \ | **CERTIFIED 2026-08-12** — A3's 4 repairs fo
EXT:SOL_CERTIFICATION_LEDGER_2026-08-12.md	EFF.HEX3.71	stmt-dep		OPEN	reverse-xref	from:ext,to:exact	default	EFF-HEX3.md | 5.2 Reverse-XREF rows — who consumes HEX3 (rule 8) | RX-6 | `docs/SOL_CERTIFICATION_LEDGER_2026-08-12.md` | `HEX3` | 1 | row 11: “RATIFIED-W-ANNEX (fresh) \ | **CERTIFIED 2026-08-12** — 
EXT:SOL_CERTIFICATION_LEDGER_2026-08-12.md	EFF.HMENU3.08	stmt-dep		OPEN	reverse-xref	from:ext,to:gov	default	EFF-HMENU3.md | 5.2 Reverse-XREF rows — who consumes HMENU3 (rule 8) | RX-8 | (non-edge, recorded) | `HEX3 S8.2 pointer` | **0** in `HEX3_PROOF` | the offered pointer block did **not** land; its conte
EXT:SOL_CERTIFICATION_LEDGER_2026-08-12.md	EFF.HMENU3.72	stmt-dep		OPEN	reverse-xref	from:ext,to:exact	default	EFF-HMENU3.md | 5.2 Reverse-XREF rows — who consumes HMENU3 (rule 8) | RX-7 | `docs/SOL_CERTIFICATION_LEDGER_2026-08-12.md` | `HMENU3` 1 | row 26: “**CERTIFIED 2026-08-12** — E7 repairs (ANNEX B 53-fa
EXT:TIGHTNESS_CENSUS_2026-08-11.md	EFF.HEX3.08	stmt-dep		OPEN	reverse-xref	from:ext,to:gov	default	EFF-HEX3.md | 5.2 Reverse-XREF rows — who consumes HEX3 (rule 8) | RX-4 | `docs/TIGHTNESS_CENSUS_2026-08-11.md` | `HEX3` | 4 | census row **O-10** = `TAIL-CERT`, “open (refinement)”, with the drainage
EXT:WELD_FACE_AUDIT.md	EFF.GRTJC.69	stmt-dep		OPEN	reverse-xref	from:ext,to:exact	default	EFF-GRTJC-s2of3.md | 3.2 Reverse consumer edges | **The weld-face audit** | `WELD_FACE_AUDIT.md` (EXISTS) | `.36`, `.16` | Classifies **W-9 as “R&C — the only weld face inside a count law”** and recor
EXT:WELD_FACE_AUDIT.md	EFF.GRTJC.77	stmt-dep		OPEN	reverse-xref	from:ext,to:exact	default	EFF-GRTJC-s2of3.md | 3.2 Reverse consumer edges | GRB | `TR-3′-GEN` (57), `D-REAL` (44), `CARRY-1` (19) | `.16`, `.24`, `.40` | **TR-3′-GEN's OPEN status forces the tier split**; CARRY-1 is what JC-CA
EXT:WELD_FACE_AUDIT.md	EFF.GRTJC.79	stmt-dep		OPEN	reverse-xref	from:ext,to:exact	default	EFF-GRTJC-s2of3.md | 3.2 Reverse consumer edges | **GRTJB (J-B)** | `JB-CREAD` (36), `JB-EPS` (30), `JB-BOX-2` (45), `JB-BOX-4` (2) | **`.26`, `.33`** | **`.26`: CONFIRMS J-B's value law on 27 stages;
EXT:WELD_FACE_AUDIT.md	EFF.GRTJC.86	stmt-dep		OPEN	reverse-xref	from:ext,to:exact	default	EFF-GRTJC-s2of3.md | 3.2 Reverse consumer edges | **GRTJB (J-B)** | `JB-CREAD` (36), `JB-EPS` (30), `JB-BOX-2` (45), `JB-BOX-4` (2) | **`.26`, `.33`** | **`.26`: CONFIRMS J-B's value law on 27 stages;
EXT:WELD_FACE_AUDIT.md	EFF.GRTJC.89	stmt-dep		OPEN	reverse-xref	from:ext,to:exact	default	EFF-GRTJC-s2of3.md | 3.2 Reverse consumer edges | **The weld-face audit** | `WELD_FACE_AUDIT.md` (EXISTS) | `.36`, `.16` | Classifies **W-9 as “R&C — the only weld face inside a count law”** and recor
EXT:WELD_FACE_AUDIT.md	EFF.GRTJC.92	stmt-dep		OPEN	reverse-xref	from:ext,to:exact	default	EFF-GRTJC-s2of3.md | 3.2 Reverse consumer edges | **Three upstream docs (JC-F2)** | `GRW2_TIE_DESIGN`, blueprint, brief (all EXIST) | **`.39`** | **REVIEW-OWED at the source; the defective “degree-0 c
EXT:WELD_FACE_AUDIT.md	EFF.GRTJC.93	stmt-dep		OPEN	reverse-xref	from:ext,to:exact	default	EFF-GRTJC-s2of3.md | 3.2 Reverse consumer edges | GRB | `TR-3′-GEN` (57), `D-REAL` (44), `CARRY-1` (19) | `.16`, `.24`, `.40` | **TR-3′-GEN's OPEN status forces the tier split**; CARRY-1 is what JC-CA
HYP.01	lean:monicFactors_mul	stmt-dep	I	OPEN	cn-discharge	from:exact,to:exact	default	spec/CERTAIN_NODES_2026-08-14.md CN-02 -> HYP.01
HYP.01	lean:typeOf_mul	stmt-dep	I	OPEN	cn-discharge	from:exact,to:exact	default	spec/CERTAIN_NODES_2026-08-14.md CN-03 -> HYP.01
HYP.03	lean:exists_monic_factorization_finset	stmt-dep	I	OPEN	ledger-discharge	from:exact,to:exact	default	HYPOTHESIS_LEDGER HYP.03 DISCHARGED stamp
HYP.04	lean:gate_fires	stmt-dep	I	OPEN	ledger-discharge	from:exact,to:exact	default	HYPOTHESIS_LEDGER HYP.04 DISCHARGED stamp
HYP.04	lean:strongHensel	stmt-dep	I	OPEN	ledger-discharge	from:exact,to:exact	default	HYPOTHESIS_LEDGER HYP.04 DISCHARGED stamp
HYP.04	lean:strongHensel_addVal	stmt-dep	I	OPEN	ledger-discharge	from:exact,to:exact	default	HYPOTHESIS_LEDGER HYP.04 DISCHARGED stamp
HYP.05	lean:typeOf_shift	stmt-dep	I	OPEN	ledger-discharge	from:exact,to:exact	default	HYPOTHESIS_LEDGER HYP.05 DISCHARGED stamp
HYP.06	lean:typeOf_scale	stmt-dep	I	OPEN	ledger-discharge	from:exact,to:exact	default	HYPOTHESIS_LEDGER HYP.06 DISCHARGED stamp
HYP.06	lean:typeOf_scaleRoots	stmt-dep	I	OPEN	ledger-discharge	from:exact,to:exact	default	HYPOTHESIS_LEDGER HYP.06 DISCHARGED stamp
HYP.06	lean:typeOf_scale_gate	stmt-dep	I	OPEN	ledger-discharge	from:exact,to:exact	default	HYPOTHESIS_LEDGER HYP.06 DISCHARGED stamp
HYP.08	lean:dvd_sub_coeff_of_scaleRoots	stmt-dep	I	OPEN	cn-discharge	from:exact,to:exact	default	spec/CERTAIN_NODES_2026-08-14.md CN-13 -> HYP.08
HYP.10	lean:efPair_pos_of_mem	stmt-dep	I	OPEN	cn-discharge	from:exact,to:exact	default	spec/CERTAIN_NODES_2026-08-14.md CN-04 -> HYP.10
HYP.100	EFF.T5.29	stmt-dep	I	OPEN	reverse-xref	from:ledger,to:exact	default	EFF-T5.md | 4.6 Reverse-XREFs: consumers of T5 | RX-7 | same — `HYP.100 contradictory T5 sentence` | 1 | **the L299-vs-L616 supersession of EFF.T5.29**
HYP.109	EFF.T4.37	stmt-dep	I	OPEN	reverse-xref	from:ledger,to:exact	default	EFF-T4.md | 4.7 Reverse-XREFs: consumers of T4 | RX51 | same — `HYP.109 T-unit grade caveats` | 1 | EFF.T4.37's evidence fence (“T4 adds no fresh machine computation”)
HYP.111	lean:decidedAt_of_congr	stmt-dep	I	OPEN	cn-discharge	from:exact,to:exact	default	spec/CERTAIN_NODES_2026-08-14.md CN-08 -> HYP.111
HYP.111	lean:decidedDensity_ge_of_subset	stmt-dep	I	OPEN	cn-discharge	from:exact,to:exact	default	spec/CERTAIN_NODES_2026-08-14.md CN-09 -> HYP.111
HYP.112	EFF.T4.27	stmt-dep	I	OPEN	reverse-xref	from:ledger,to:exact	default	EFF-T4.md | 4.7 Reverse-XREFs: consumers of T4 | RX52 | same — `HYP.112 T4 μ₂≥3 candidate fence` | 1 | EFF.T4.27's consumption ban
HYP.113	EFF.T4.16	stmt-dep	I	OPEN	reverse-xref	from:ledger,to:exact	default	EFF-T4.md | 4.7 Reverse-XREFs: consumers of T4 | RX53 | same — `HYP.113 T4.2(c) exposure premise` | 1 | EFF.T4.16's live conditional leg at \(f_1\ge2\)
HYP.114	EFF.T4.17	stmt-dep	I	OPEN	reverse-xref	from:ledger,to:exact	default	EFF-T4.md | 4.7 Reverse-XREFs: consumers of T4 | RX54 | same — `HYP.114 T4.2(d) provenance exclusion` | 1 | EFF.T4.17's all-provenance fence
HYP.115	EFF.T4.29	stmt-dep	I	OPEN	reverse-xref	from:ledger,to:exact	default	EFF-T4.md | 4.7 Reverse-XREFs: consumers of T4 | RX55 | same — `HYP.115 T4 fail-closed pins` | 1 | EFF.T4.29 (“CONSUMED BY: all T4 imported premises”)
HYP.12	lean:typeOf_eisenstein	stmt-dep	I	OPEN	cn-discharge	from:exact,to:exact	default	spec/CERTAIN_NODES_2026-08-14.md CN-20 -> HYP.12
HYP.137	EFF.GENIND.136	stmt-dep	I	OPEN	ledger-loc	from:exact,to:stmt	default	HYPOTHESIS_LEDGER HYP.137 WHERE: `lean/notes/openmath/HEX3_PROOF_2026-08-08.md` L437, L681–693; `GENIND_PROOF_2026-08-08.md` L1498; `TIGHTNESS_
HYP.137	EFF.HEX3.08	stmt-dep	I	OPEN	reverse-xref	from:ledger,to:gov	default	EFF-HEX3.md | 5.2 Reverse-XREF rows — who consumes HEX3 (rule 8) | RX-8 | `spec/HYPOTHESIS_LEDGER.md` | `HYP.137` | 11 | `HEX3-BOX-1` as a live open row | LANDED — see §5.3
HYP.137	EFF.HEX3.37	stmt-dep	I	OPEN	ledger-loc	from:exact,to:stmt	default	HYPOTHESIS_LEDGER HYP.137 WHERE: `lean/notes/openmath/HEX3_PROOF_2026-08-08.md` L437, L681–693; `GENIND_PROOF_2026-08-08.md` L1498; `TIGHTNESS_
HYP.137	lean:exists_anisotropic	stmt-dep	I	OPEN	cn-discharge	from:exact,to:exact	default	spec/CERTAIN_NODES_2026-08-14.md CN-15 -> HYP.137
HYP.140	EFF.GENTOW5.s2of2.25	stmt-dep	I	OPEN	ledger-loc	from:exact,to:body	default	HYPOTHESIS_LEDGER HYP.140 WHERE: `lean/notes/openmath/GENTOW5_WI_2026-08-10.md` L2 and S7 L465; `docs/TIGHTNESS_CENSUS_2026-08-11.md` I-2 L46; 
HYP.141	EFF.T1.05	stmt-dep	I	OPEN	ledger-loc	from:exact,to:gov	default	HYPOTHESIS_LEDGER HYP.141 WHERE: `spec/EFF-T3.md` L1599, L1610; `spec/EFF-T1-s1of3.md` §8 L1644–1670 (OPEN-CALLs 1–5).
HYP.141	EFF.T3.14	stmt-dep	I	OPEN	ledger-loc	from:exact,to:gov	default	HYPOTHESIS_LEDGER HYP.141 WHERE: `spec/EFF-T3.md` L1599, L1610; `spec/EFF-T1-s1of3.md` §8 L1644–1670 (OPEN-CALLs 1–5).
HYP.142	EFF.GENHN.12	stmt-dep	I	OPEN	ledger-loc	from:exact,to:stmt	default	HYPOTHESIS_LEDGER HYP.142 WHERE: `lean/notes/openmath/GENHN_PROOF_2026-08-08.md` L2593, L2624; `HE6R1_RECON_2026-08-08.md` L926, L1031.
HYP.142	EFF.HE6R1.20	stmt-dep	I	OPEN	ledger-loc	from:exact,to:stmt	default	HYPOTHESIS_LEDGER HYP.142 WHERE: `lean/notes/openmath/GENHN_PROOF_2026-08-08.md` L2593, L2624; `HE6R1_RECON_2026-08-08.md` L926, L1031.
HYP.143	EFF.HE3.44	stmt-dep	I	OPEN	ledger-loc	from:exact,to:stmt	default	HYPOTHESIS_LEDGER HYP.143 WHERE: `lean/notes/openmath/HE3_PROOF_2026-08-08.md` L1334–1361, L1694.
HYP.144	EFF.GENTOW4.36	stmt-dep	I	OPEN	ledger-loc	from:exact,to:body	default	HYPOTHESIS_LEDGER HYP.144 WHERE: `lean/notes/openmath/GENTOW4_PROOF_2026-08-09.md` L577–584, L585–590, L614–618.
HYP.145	EFF.GENTOW5.s1of2.06	stmt-dep	I	OPEN	ledger-loc	from:exact,to:gov	default	HYPOTHESIS_LEDGER HYP.145 WHERE: `lean/notes/openmath/GENTOW2_PROOF_2026-08-09.md` L1342; `GENTOW5_WI_2026-08-10.md` L480.
HYP.146	EFF.W11.33	stmt-dep	I	OPEN	ledger-loc	from:exact,to:stmt	default	HYPOTHESIS_LEDGER HYP.146 WHERE: `lean/notes/openmath/W11_PROOF_2026-08-08.md` L474.
HYP.147	lean:Anisotropic	stmt-dep	I	OPEN	ledger-discharge	from:exact,to:exact	default	HYPOTHESIS_LEDGER HYP.147 DISCHARGED stamp
HYP.147	lean:exists_anisotropic	stmt-dep	I	OPEN	ledger-discharge	from:exact,to:exact	default	HYPOTHESIS_LEDGER HYP.147 DISCHARGED stamp
HYP.147	lean:typeOf_prod_X_sub_C	stmt-dep	I	OPEN	cn-discharge	from:exact,to:exact	default	spec/CERTAIN_NODES_2026-08-14.md CN-14 -> HYP.147
HYP.148	EFF.GENHN.11	stmt-dep	I	OPEN	reverse-xref	from:ledger,to:exact	default	EFF-GENHN.md | 5.1 Reverse consumer edges: mathematical supply versus append/consumption protocol (merged from both shards' §3.2 tables; rows naming the same consumer note are kept as separate rows wh
HYP.148	EFF.GENHN.28	stmt-dep	I	OPEN	reverse-xref	from:ledger,to:exact	default	EFF-GENHN.md | 5.1 Reverse consumer edges: mathematical supply versus append/consumption protocol (merged from both shards' §3.2 tables; rows naming the same consumer note are kept as separate rows wh
HYP.148	EFF.GENHN.33	stmt-dep	I	OPEN	reverse-xref	from:ledger,to:exact	default	EFF-GENHN.md | 5.1 Reverse consumer edges: mathematical supply versus append/consumption protocol (merged from both shards' §3.2 tables; rows naming the same consumer note are kept as separate rows wh
HYP.148	EFF.GENHN.50	stmt-dep	I	OPEN	reverse-xref	from:ledger,to:exact	default	EFF-GENHN.md | 5.1 Reverse consumer edges: mathematical supply versus append/consumption protocol (merged from both shards' §3.2 tables; rows naming the same consumer note are kept as separate rows wh
HYP.149	EFF.GENHN.50	stmt-dep	I	OPEN	ledger-loc	from:exact,to:stmt	default	HYPOTHESIS_LEDGER HYP.149 WHERE: **`runs/qgen/WELD_FACE_AUDIT.md` §4 — the audit’s own synthesis.** Supplying displays, all re-verified at HEAD
HYP.149	EFF.GENTOW5.s1of2.12	stmt-dep	I	OPEN	ledger-loc	from:exact,to:stmt	default	HYPOTHESIS_LEDGER HYP.149 WHERE: **`runs/qgen/WELD_FACE_AUDIT.md` §4 — the audit’s own synthesis.** Supplying displays, all re-verified at HEAD
HYP.149	lean:exists_anisotropic	stmt-dep	I	OPEN	ledger-discharge	from:exact,to:exact	default	HYPOTHESIS_LEDGER HYP.149 DISCHARGED stamp
HYP.149	lean:exists_monic_factorization_finset	stmt-dep	I	OPEN	ledger-discharge	from:exact,to:exact	default	HYPOTHESIS_LEDGER HYP.149 DISCHARGED stamp
HYP.149	lean:genuineDensity	stmt-dep	I	OPEN	ledger-discharge	from:exact,to:exact	default	HYPOTHESIS_LEDGER HYP.149 DISCHARGED stamp
HYP.149	lean:typeOf_mul	stmt-dep	I	OPEN	ledger-discharge	from:exact,to:exact	default	HYPOTHESIS_LEDGER HYP.149 DISCHARGED stamp
HYP.19	EFF.W12.s1of2.09	stmt-dep	I	OPEN	ledger-loc	from:exact,to:gov	default	HYPOTHESIS_LEDGER HYP.19 WHERE: `lean/notes/openmath/W12_PROOF_2026-08-08.md`, §4.2 L1132–1167.
HYP.20	EFF.W12.s1of2.09	stmt-dep	I	OPEN	ledger-loc	from:exact,to:gov	default	HYPOTHESIS_LEDGER HYP.20 WHERE: `W12_PROOF_2026-08-08.md`, §4.2.
HYP.21	EFF.W12.s1of2.09	stmt-dep	I	OPEN	ledger-loc	from:exact,to:gov	default	HYPOTHESIS_LEDGER HYP.21 WHERE: `W12_PROOF_2026-08-08.md`, §4.2 L1143–1145.
HYP.22	EFF.W12.s1of2.09	stmt-dep	I	OPEN	ledger-loc	from:exact,to:gov	default	HYPOTHESIS_LEDGER HYP.22 WHERE: `W12_PROOF_2026-08-08.md`, §§4.2 L1146–1148, 5.
HYP.23	EFF.W12.s1of2.09	stmt-dep	I	OPEN	ledger-loc	from:exact,to:gov	default	HYPOTHESIS_LEDGER HYP.23 WHERE: `W12_PROOF_2026-08-08.md`, §4.2.
HYP.24	EFF.W12.s1of2.09	stmt-dep	I	OPEN	ledger-loc	from:exact,to:gov	default	HYPOTHESIS_LEDGER HYP.24 WHERE: `W12_PROOF_2026-08-08.md`, §4.2 L1153–1167; GENIND CS-3.
HYP.25	EFF.W12.s1of2.12	stmt-dep	I	OPEN	ledger-loc	from:exact,to:stmt	default	HYPOTHESIS_LEDGER HYP.25 WHERE: `W12_PROOF_2026-08-08.md`, W-12.D L267–303.
HYP.26	EFF.W12.s1of2.12	stmt-dep	I	OPEN	ledger-loc	from:exact,to:stmt	default	HYPOTHESIS_LEDGER HYP.26 WHERE: `W12_PROOF_2026-08-08.md`, W-12.D L267–303.
HYP.27	EFF.W12.s1of2.12	stmt-dep	I	OPEN	ledger-loc	from:exact,to:stmt	default	HYPOTHESIS_LEDGER HYP.27 WHERE: `W12_PROOF_2026-08-08.md`, W-12.D L267–303.
HYP.28	EFF.W12.s1of2.09	stmt-dep	I	OPEN	ledger-loc	from:exact,to:gov	default	HYPOTHESIS_LEDGER HYP.28 WHERE: `W12_PROOF_2026-08-08.md`, boxes.
HYP.28	EFF.W12.s1of2.50	stmt-dep	I	OPEN	ledger-loc	from:exact,to:stmt	default	HYPOTHESIS_LEDGER HYP.28 WHERE: `W12_PROOF_2026-08-08.md`, boxes.
HYP.29	EFF.W12.s1of2.09	stmt-dep	I	OPEN	ledger-loc	from:exact,to:gov	default	HYPOTHESIS_LEDGER HYP.29 WHERE: `W12_PROOF_2026-08-08.md`, boxes.
HYP.29	EFF.W12.s2of2.18	stmt-dep	I	OPEN	ledger-loc	from:exact,to:stmt	default	HYPOTHESIS_LEDGER HYP.29 WHERE: `W12_PROOF_2026-08-08.md`, boxes.
HYP.30	EFF.W12.s1of2.09	stmt-dep	I	OPEN	ledger-loc	from:exact,to:gov	default	HYPOTHESIS_LEDGER HYP.30 WHERE: `W12_PROOF_2026-08-08.md`; `TIGHTNESS_CENSUS_2026-08-11.md`, I-1.
HYP.30	EFF.W12.s1of2.50	stmt-dep	I	OPEN	ledger-loc	from:exact,to:stmt	default	HYPOTHESIS_LEDGER HYP.30 WHERE: `W12_PROOF_2026-08-08.md`; `TIGHTNESS_CENSUS_2026-08-11.md`, I-1.
HYP.31	EFF.GENIND.08	stmt-dep	I	OPEN	ledger-loc	from:exact,to:gov	default	HYPOTHESIS_LEDGER HYP.31 WHERE: `GENIND_PROOF_2026-08-08.md`, §S1 L186–227 and L3081–3084.
HYP.32	EFF.GENIND.63	stmt-dep	I	OPEN	ledger-loc	from:exact,to:stmt	default	HYPOTHESIS_LEDGER HYP.32 WHERE: `GENIND_PROOF_2026-08-08.md`, §S7.1 L1123–1146.
HYP.33	EFF.GENIND.64	stmt-dep	I	OPEN	ledger-loc	from:exact,to:stmt	default	HYPOTHESIS_LEDGER HYP.33 WHERE: `GENIND_PROOF_2026-08-08.md`, §S7.1 L1147–1168.
HYP.34	EFF.GENIND.65	stmt-dep	I	OPEN	ledger-loc	from:exact,to:stmt	default	HYPOTHESIS_LEDGER HYP.34 WHERE: `GENIND_PROOF_2026-08-08.md`, §S7.1 L1169–1171.
HYP.35	EFF.GENIND.66	stmt-dep	I	OPEN	ledger-loc	from:exact,to:stmt	default	HYPOTHESIS_LEDGER HYP.35 WHERE: `GENIND_PROOF_2026-08-08.md`, §S7.1 L1172–1190.
HYP.36	EFF.GENIND.37	stmt-dep	I	OPEN	ledger-loc	from:exact,to:stmt	default	HYPOTHESIS_LEDGER HYP.36 WHERE: `GENIND_PROOF_2026-08-08.md`, §C2-G1 L3592–3722.
HYP.37	EFF.GENIND.10	stmt-dep	I	OPEN	ledger-loc	from:exact,to:stmt	default	HYPOTHESIS_LEDGER HYP.37 WHERE: `GENIND_PROOF_2026-08-08.md`, §S8 L1357–1360.
HYP.40	EFF.GENTOW5.s1of2.06	stmt-dep	I	OPEN	ledger-loc	from:exact,to:gov	default	HYPOTHESIS_LEDGER HYP.40 WHERE: `TIGHTNESS_CENSUS_2026-08-11.md`, I-2; `GENTOW5_WI_2026-08-10.md`; SOL certification row 18.
HYP.41	EFF.T2.101	stmt-dep	I	OPEN	ledger-loc	from:exact,to:stmt	default	HYPOTHESIS_LEDGER HYP.41 WHERE: `T2_SIGMA_LADDER_MASTER_2026-08-12.md`, §S1.7B L2214 and acceptance.
HYP.42	EFF.T2.101	stmt-dep	I	OPEN	ledger-loc	from:exact,to:stmt	default	HYPOTHESIS_LEDGER HYP.42 WHERE: `T2_SIGMA_LADDER_MASTER_2026-08-12.md`, §S1.8A L2423–2438 and acceptance.
HYP.43	EFF.T2.26	stmt-dep	I	OPEN	ledger-loc	from:exact,to:stmt	default	HYPOTHESIS_LEDGER HYP.43 WHERE: `T2_SIGMA_LADDER_MASTER_2026-08-12.md`, L2341–2353, L2391, L4496.
HYP.44	EFF.T2.71	stmt-dep	I	OPEN	ledger-loc	from:exact,to:stmt	default	HYPOTHESIS_LEDGER HYP.44 WHERE: `T2_SIGMA_LADDER_MASTER_2026-08-12.md`, L3329–3333, L3357, L4497.
HYP.45	EFF.T2.103	stmt-dep	I	OPEN	ledger-loc	from:exact,to:stmt	default	HYPOTHESIS_LEDGER HYP.45 WHERE: `T2_SIGMA_LADDER_MASTER_2026-08-12.md`, L4503.
HYP.46	EFF.T1.05	stmt-dep	I	OPEN	ledger-loc	from:exact,to:gov	default	HYPOTHESIS_LEDGER HYP.46 WHERE: `T1_GAUGE_COCYCLE_2026-08-12.md`, §1.1 R2-1 L1388–1432 and §5 item 1.
HYP.47	EFF.T1.03	stmt-dep	I	OPEN	ledger-loc	from:exact,to:stmt	default	HYPOTHESIS_LEDGER HYP.47 WHERE: `T1_GAUGE_COCYCLE_2026-08-12.md`, L2413–2430 and §5 item 2.
HYP.48	EFF.T1.14	stmt-dep	I	OPEN	ledger-loc	from:exact,to:stmt	default	HYPOTHESIS_LEDGER HYP.48 WHERE: `T1_GAUGE_COCYCLE_2026-08-12.md`, L2457–2470 and §5 item 2.
HYP.49	EFF.T1.03	stmt-dep	I	OPEN	ledger-loc	from:exact,to:stmt	default	HYPOTHESIS_LEDGER HYP.49 WHERE: `T1_GAUGE_COCYCLE_2026-08-12.md`, L2432–2441 and §5 item 2.
HYP.50	EFF.T1.03	stmt-dep	I	OPEN	ledger-loc	from:exact,to:stmt	default	HYPOTHESIS_LEDGER HYP.50 WHERE: `T1_GAUGE_COCYCLE_2026-08-12.md`, L2993–3002.
HYP.51	EFF.T1.03	stmt-dep	I	OPEN	ledger-loc	from:exact,to:stmt	default	HYPOTHESIS_LEDGER HYP.51 WHERE: `T1_GAUGE_COCYCLE_2026-08-12.md`, L3315–3330 and §5 items 2/19.
HYP.52	EFF.T1.03	stmt-dep	I	OPEN	ledger-loc	from:exact,to:stmt	default	HYPOTHESIS_LEDGER HYP.52 WHERE: `T1_GAUGE_COCYCLE_2026-08-12.md`, R11-1 L3655–3672 and §5 item 22.
HYP.53	EFF.T1.05	stmt-dep	I	OPEN	ledger-loc	from:exact,to:gov	default	HYPOTHESIS_LEDGER HYP.53 WHERE: `T1_GAUGE_COCYCLE_2026-08-12.md`, L1388–1411 and §5 item 1.
HYP.54	EFF.T1.37	stmt-dep	I	OPEN	ledger-loc	from:exact,to:stmt	default	HYPOTHESIS_LEDGER HYP.54 WHERE: `T1_GAUGE_COCYCLE_2026-08-12.md`, L1448–1479.
HYP.55	EFF.T1.55	stmt-dep	I	OPEN	ledger-loc	from:exact,to:body	default	HYPOTHESIS_LEDGER HYP.55 WHERE: `T1_GAUGE_COCYCLE_2026-08-12.md`, L1554–1577.
HYP.56	EFF.T1.26	stmt-dep	I	OPEN	ledger-loc	from:exact,to:stmt	default	HYPOTHESIS_LEDGER HYP.56 WHERE: `T1_GAUGE_COCYCLE_2026-08-12.md`, L2590–2633.
HYP.57	EFF.T1.05	stmt-dep	I	OPEN	ledger-loc	from:exact,to:gov	default	HYPOTHESIS_LEDGER HYP.57 WHERE: `T1_GAUGE_COCYCLE_2026-08-12.md`, L3523–3541/§5 item 21; T5 honesty item 13.
HYP.58	EFF.T1.05	stmt-dep	I	OPEN	ledger-loc	from:exact,to:gov	default	HYPOTHESIS_LEDGER HYP.58 WHERE: `T1_GAUGE_COCYCLE_2026-08-12.md`, acceptance standing conditionality.
HYP.59	EFF.T1.32	stmt-dep	I	OPEN	ledger-loc	from:exact,to:stmt	default	HYPOTHESIS_LEDGER HYP.59 WHERE: `T1_GAUGE_COCYCLE_2026-08-12.md`, C7 L726–759 and §5 item 11.
HYP.60	EFF.T1.05	stmt-dep	I	OPEN	ledger-loc	from:exact,to:gov	default	HYPOTHESIS_LEDGER HYP.60 WHERE: `T1_GAUGE_COCYCLE_2026-08-12.md`, §5 item 5.
HYP.61	EFF.T1.05	stmt-dep	I	OPEN	ledger-loc	from:exact,to:gov	default	HYPOTHESIS_LEDGER HYP.61 WHERE: `T1_GAUGE_COCYCLE_2026-08-12.md`, L4239–4241 and L4416.
HYP.62	EFF.T3.30	stmt-dep	I	OPEN	ledger-loc	from:exact,to:stmt	default	HYPOTHESIS_LEDGER HYP.62 WHERE: `T3_COCYCLE_TELESCOPE_2026-08-12.md`, §8.5 L1065–1081.
HYP.63	EFF.T5.08	stmt-dep	I	OPEN	ledger-loc	from:exact,to:gov	default	HYPOTHESIS_LEDGER HYP.63 WHERE: `T5_WFRAME_2026-08-12.md`, L616, L926–930, L1499–1500; `Q4_output.log`.
HYP.63	EFF.T5.13	stmt-dep	I	OPEN	reverse-xref	from:ledger,to:exact	default	EFF-T5.md | 4.6 Reverse-XREFs: consumers of T5 | RX-1 | `spec/HYPOTHESIS_LEDGER.md` — `HYP.63 \`[GENTOW5-W(i)]\` / 𝒲_(≤i)` | 1 | EFF.T5.13/.14/.29; disposition “CARRY — WI proves only the induction st
HYP.63	EFF.T5.27	stmt-dep	I	OPEN	reverse-xref	from:ledger,to:exact	default	EFF-T5.md | 4.6 Reverse-XREFs: consumers of T5 | RX-1 | `spec/HYPOTHESIS_LEDGER.md` — `HYP.63 \`[GENTOW5-W(i)]\` / 𝒲_(≤i)` | 1 | EFF.T5.13/.14/.29; disposition “CARRY — WI proves only the induction st
HYP.64	EFF.T5.36	stmt-dep	I	OPEN	ledger-loc	from:exact,to:stmt	default	HYPOTHESIS_LEDGER HYP.64 WHERE: `T5_WFRAME_2026-08-12.md`, L388.
HYP.65	EFF.T5.36	stmt-dep	I	OPEN	ledger-loc	from:exact,to:stmt	default	HYPOTHESIS_LEDGER HYP.65 WHERE: `T5_WFRAME_2026-08-12.md`, L390 and L1185–1193.
HYP.66	EFF.T5.36	stmt-dep	I	OPEN	ledger-loc	from:exact,to:stmt	default	HYPOTHESIS_LEDGER HYP.66 WHERE: `T5_WFRAME_2026-08-12.md`, L283–286, L392.
HYP.67	EFF.T4.28	stmt-dep	I	OPEN	ledger-loc	from:exact,to:stmt	default	HYPOTHESIS_LEDGER HYP.67 WHERE: `T4_CERTIFICATE_WITNESS_2026-08-12.md`, §S7 L526–539; upstream GENTOW6.
HYP.70	EFF.GENTOW6.12	stmt-dep	I	OPEN	ledger-loc	from:exact,to:stmt	default	HYPOTHESIS_LEDGER HYP.70 WHERE: T4 §S7 L533–535/L2105–2109; `GENTOW6_PROOF_2026-08-09.md` L1249–1255.
HYP.72	EFF.T4.14	stmt-dep	I	OPEN	reverse-xref	from:ledger,to:gov	default	EFF-T4.md | 4.7 Reverse-XREFs: consumers of T4 | RX50 | same — `HYP.72 disc≠0 downstream fence` | 1 | NON-IMPORT N-1 threaded downstream (“CONSUMED BY: W12/other σ consumers; T4 consumes no σ-content.
HYP.74	EFF.JD0.22	stmt-dep	I	OPEN	ledger-loc	from:exact,to:stmt	default	HYPOTHESIS_LEDGER HYP.74 WHERE: census S-5; `lean/notes/openmath/JD0_PROOF_2026-08-08.md` §4 L219–225 (re-verified at L220).
HYP.75	EFF.GRTJB.31	stmt-dep	I	OPEN	ledger-loc	from:exact,to:gov	default	HYPOTHESIS_LEDGER HYP.75 WHERE: census S-6; `GRTJB_PROOF_2026-08-08.md` §0M.
HYP.76	EFF.GRTW2.04	stmt-dep	I	OPEN	ledger-loc	from:exact,to:gov	default	HYPOTHESIS_LEDGER HYP.76 WHERE: census S-7; `GRTW2_PROOF_2026-08-08.md` §5.3 L890–900 (re-verified), §5.2, §3.5.
HYP.77	EFF.GRTJC.54	stmt-dep	I	OPEN	ledger-loc	from:exact,to:gov	default	HYPOTHESIS_LEDGER HYP.77 WHERE: census S-8; `GRTJC_PROOF_2026-08-08.md` JC-BOX-3 [r2,G-1] L1985–1990 (re-verified at L1987–1989), L1220.
HYP.81	EFF.HE3.09	stmt-dep	I	OPEN	reverse-xref	from:ledger,to:exact	default	EFF-HE3-s1of2.md | 3.2 Reverse consumer edges: mathematical supply versus append protocol | `spec/HYPOTHESIS_LEDGER.md` | `HYP.81` (10) | `.09` | The ledger indexes `[GENHN-HE(μ≥3)]` as a live obligat
HYP.81	EFF.HE3.16	stmt-dep	I	OPEN	reverse-xref	from:ledger,to:gov	default	EFF-HE3.md | Sample re-verification (10 of 46, grep-rerun at merge time against the working tree — MUST include both reverse-edge designations per the merge charge) | `spec/HYPOTHESIS_LEDGER.md:HYP.81
HYP.94	lean:decidedAt_of_congr	stmt-dep	I	OPEN	cn-discharge	from:exact,to:exact	default	spec/CERTAIN_NODES_2026-08-14.md CN-08 -> HYP.94
HYP.94	lean:decidedDensity_ge_of_subset	stmt-dep	I	OPEN	cn-discharge	from:exact,to:exact	default	spec/CERTAIN_NODES_2026-08-14.md CN-09 -> HYP.94
HYP.94	lean:genuineDensity_eq_zero_of_degree_ne	stmt-dep	I	OPEN	cn-discharge	from:exact,to:exact	default	spec/CERTAIN_NODES_2026-08-14.md CN-06 -> HYP.94
HYP.95	lean:genuineDensity	stmt-dep	I	OPEN	ledger-discharge	from:exact,to:exact	default	HYPOTHESIS_LEDGER HYP.95 DISCHARGED stamp
HYP.98	lean:monicFactors_mul	stmt-dep	I	OPEN	cn-discharge	from:exact,to:exact	default	spec/CERTAIN_NODES_2026-08-14.md CN-02 -> HYP.98
HYP.98	lean:typeOf_mul	stmt-dep	I	OPEN	cn-discharge	from:exact,to:exact	default	spec/CERTAIN_NODES_2026-08-14.md CN-03 -> HYP.98
HYP.99	EFF.T5.09	stmt-dep	I	OPEN	reverse-xref	from:ledger,to:exact	default	EFF-T5.md | 4.6 Reverse-XREFs: consumers of T5 | RX-6 | same — `HYP.99 T3/T5 frame staleness` | 1 | **the two-clause-gate staleness of EFF.T5.09**
