BP.C.01	EFF.HE6.08	stmt-dep	C	OPEN	blueprint	from:exact,to:exact	blueprint	source=blueprint | CHAP-C NODE C.01 SOURCE (transcription)
BP.C.01	EFF.HE6.10	stmt-dep	C	OPEN	blueprint	from:exact,to:exact	blueprint	source=blueprint | CHAP-C NODE C.01 SOURCE (transcription)
BP.C.01	BP.B.01	proof-dep	C	OPEN	blueprint	from:exact,to:exact	blueprint	source=blueprint | CHAP-C NODE C.01 DEPENDS
BP.C.01	BP.B.16	proof-dep	C	OPEN	blueprint	from:exact,to:exact	blueprint	source=blueprint | CHAP-C NODE C.01 DEPENDS
BP.C.01	BP.B.20	proof-dep	C	OPEN	blueprint	from:exact,to:exact	blueprint	source=blueprint | CHAP-C NODE C.01 DEPENDS
BP.C.01	BP.B.28	proof-dep	C	OPEN	blueprint	from:exact,to:exact	blueprint	source=blueprint | CHAP-C NODE C.01 DEPENDS
BP.C.01	BP.B.34	proof-dep	C	OPEN	blueprint	from:exact,to:exact	blueprint	source=blueprint | CHAP-C NODE C.01 DEPENDS
BP.C.02	EFF.HE6.10	stmt-dep	C	OPEN	blueprint	from:exact,to:exact	blueprint	source=blueprint | CHAP-C NODE C.02 SOURCE (transcription)
BP.C.02	EFF.HE6R1.18	stmt-dep	C	OPEN	blueprint	from:exact,to:exact	blueprint	source=blueprint | CHAP-C NODE C.02 SOURCE (transcription)
BP.C.02	BP.C.01	proof-dep	C	OPEN	blueprint	from:exact,to:exact	blueprint	source=blueprint | CHAP-C NODE C.02 DEPENDS
BP.C.02	BP.B.14	proof-dep	C	OPEN	blueprint	from:exact,to:exact	blueprint	source=blueprint | CHAP-C NODE C.02 DEPENDS
BP.C.02	BP.B.15	proof-dep	C	OPEN	blueprint	from:exact,to:exact	blueprint	source=blueprint | CHAP-C NODE C.02 DEPENDS
BP.C.03	EFF.HE6.08	stmt-dep	C	OPEN	blueprint	from:exact,to:exact	blueprint	source=blueprint | CHAP-C NODE C.03 SOURCE (transcription)
BP.C.03	BP.C.01	proof-dep	C	OPEN	blueprint	from:exact,to:exact	blueprint	source=blueprint | CHAP-C NODE C.03 DEPENDS
BP.C.03	BP.B.21	proof-dep	C	OPEN	blueprint	from:exact,to:exact	blueprint	source=blueprint | CHAP-C NODE C.03 DEPENDS
BP.C.03	BP.B.25	proof-dep	C	OPEN	blueprint	from:exact,to:exact	blueprint	source=blueprint | CHAP-C NODE C.03 DEPENDS
BP.C.03	BP.B.28	proof-dep	C	OPEN	blueprint	from:exact,to:exact	blueprint	source=blueprint | CHAP-C NODE C.03 DEPENDS
BP.C.04	EFF.HE6.08	stmt-dep	C	OPEN	blueprint	from:exact,to:exact	blueprint	source=blueprint | CHAP-C NODE C.04 SOURCE (transcription)
BP.C.04	BP.C.01	proof-dep	C	OPEN	blueprint	from:exact,to:exact	blueprint	source=blueprint | CHAP-C NODE C.04 DEPENDS
BP.C.04	BP.C.03	proof-dep	C	OPEN	blueprint	from:exact,to:exact	blueprint	source=blueprint | CHAP-C NODE C.04 DEPENDS
BP.C.04	BP.B.22	proof-dep	C	OPEN	blueprint	from:exact,to:exact	blueprint	source=blueprint | CHAP-C NODE C.04 DEPENDS
BP.C.04	BP.B.23	proof-dep	C	OPEN	blueprint	from:exact,to:exact	blueprint	source=blueprint | CHAP-C NODE C.04 DEPENDS
BP.C.05	BP.C.01	proof-dep	C	OPEN	blueprint	from:exact,to:exact	blueprint	source=blueprint | CHAP-C NODE C.05 DEPENDS
BP.C.05	BP.C.02	proof-dep	C	OPEN	blueprint	from:exact,to:exact	blueprint	source=blueprint | CHAP-C NODE C.05 DEPENDS
BP.C.05	BP.C.06	proof-dep	C	OPEN	blueprint	from:exact,to:exact	blueprint	source=blueprint | CHAP-C NODE C.05 DEPENDS
BP.C.05	BP.B.08	proof-dep	C	OPEN	blueprint	from:exact,to:exact	blueprint	source=blueprint | CHAP-C NODE C.05 DEPENDS
BP.C.05	BP.B.11	proof-dep	C	OPEN	blueprint	from:exact,to:exact	blueprint	source=blueprint | CHAP-C NODE C.05 DEPENDS
BP.C.05	BP.B.14	proof-dep	C	OPEN	blueprint	from:exact,to:exact	blueprint	source=blueprint | CHAP-C NODE C.05 DEPENDS
BP.C.06	EFF.HE6.10	stmt-dep	C	OPEN	blueprint	from:exact,to:exact	blueprint	source=blueprint | CHAP-C NODE C.06 SOURCE (transcription)
BP.C.06	EFF.HE3.31	stmt-dep	C	OPEN	blueprint	from:exact,to:exact	blueprint	source=blueprint | CHAP-C NODE C.06 SOURCE (transcription)
BP.C.06	BP.C.01	proof-dep	C	OPEN	blueprint	from:exact,to:exact	blueprint	source=blueprint | CHAP-C NODE C.06 DEPENDS
BP.C.06	BP.C.02	proof-dep	C	OPEN	blueprint	from:exact,to:exact	blueprint	source=blueprint | CHAP-C NODE C.06 DEPENDS
BP.C.06	BP.B.02	proof-dep	C	OPEN	blueprint	from:exact,to:exact	blueprint	source=blueprint | CHAP-C NODE C.06 DEPENDS
BP.C.06	BP.B.11	proof-dep	C	OPEN	blueprint	from:exact,to:exact	blueprint	source=blueprint | CHAP-C NODE C.06 DEPENDS
BP.C.06	BP.B.14	proof-dep	C	OPEN	blueprint	from:exact,to:exact	blueprint	source=blueprint | CHAP-C NODE C.06 DEPENDS
BP.C.07	EFF.HE6.10	stmt-dep	C	OPEN	blueprint	from:exact,to:exact	blueprint	source=blueprint | CHAP-C NODE C.07 SOURCE (transcription)
BP.C.07	BP.C.06	proof-dep	C	OPEN	blueprint	from:exact,to:exact	blueprint	source=blueprint | CHAP-C NODE C.07 DEPENDS
BP.C.07	BP.B.16	proof-dep	C	OPEN	blueprint	from:exact,to:exact	blueprint	source=blueprint | CHAP-C NODE C.07 DEPENDS
BP.C.07	BP.B.20	proof-dep	C	OPEN	blueprint	from:exact,to:exact	blueprint	source=blueprint | CHAP-C NODE C.07 DEPENDS
BP.C.08	EFF.HE6.10	stmt-dep	C	OPEN	blueprint	from:exact,to:exact	blueprint	source=blueprint | CHAP-C NODE C.08 SOURCE (transcription)
BP.C.08	BP.C.06	proof-dep	C	OPEN	blueprint	from:exact,to:exact	blueprint	source=blueprint | CHAP-C NODE C.08 DEPENDS
BP.C.08	BP.C.07	proof-dep	C	OPEN	blueprint	from:exact,to:exact	blueprint	source=blueprint | CHAP-C NODE C.08 DEPENDS
BP.C.08	BP.B.17	proof-dep	C	OPEN	blueprint	from:exact,to:exact	blueprint	source=blueprint | CHAP-C NODE C.08 DEPENDS
BP.C.09	EFF.HE6.14	stmt-dep	C	OPEN	blueprint	from:exact,to:exact	blueprint	source=blueprint | CHAP-C NODE C.09 SOURCE (transcription)
BP.C.09	EFF.HE6R1.18	stmt-dep	C	OPEN	blueprint	from:exact,to:exact	blueprint	source=blueprint | CHAP-C NODE C.09 SOURCE (transcription)
BP.C.09	BP.C.01	proof-dep	C	OPEN	blueprint	from:exact,to:exact	blueprint	source=blueprint | CHAP-C NODE C.09 DEPENDS
BP.C.09	BP.C.03	proof-dep	C	OPEN	blueprint	from:exact,to:exact	blueprint	source=blueprint | CHAP-C NODE C.09 DEPENDS
BP.C.10	EFF.HE6R1.16	stmt-dep	C	OPEN	blueprint	from:exact,to:exact	blueprint	source=blueprint | CHAP-C NODE C.10 SOURCE (transcription)
BP.C.10	EFF.HE6R1.18	stmt-dep	C	OPEN	blueprint	from:exact,to:exact	blueprint	source=blueprint | CHAP-C NODE C.10 SOURCE (transcription)
BP.C.10	EFF.HE6R1.06	stmt-dep	C	OPEN	blueprint	from:exact,to:exact	blueprint	source=blueprint | CHAP-C NODE C.10 SOURCE (transcription)
BP.C.10	EFF.HE6R1.08	stmt-dep	C	OPEN	blueprint	from:exact,to:exact	blueprint	source=blueprint | CHAP-C NODE C.10 SOURCE (transcription)
BP.C.10	BP.C.09	proof-dep	C	OPEN	blueprint	from:exact,to:exact	blueprint	source=blueprint | CHAP-C NODE C.10 DEPENDS
BP.C.11	EFF.HE6R1.18	stmt-dep	C	OPEN	blueprint	from:exact,to:exact	blueprint	source=blueprint | CHAP-C NODE C.11 SOURCE (transcription)
BP.C.11	EFF.HE6R1.13	stmt-dep	C	OPEN	blueprint	from:exact,to:exact	blueprint	source=blueprint | CHAP-C NODE C.11 SOURCE (transcription)
BP.C.11	BP.C.06	proof-dep	C	OPEN	blueprint	from:exact,to:exact	blueprint	source=blueprint | CHAP-C NODE C.11 DEPENDS
BP.C.11	BP.C.09	proof-dep	C	OPEN	blueprint	from:exact,to:exact	blueprint	source=blueprint | CHAP-C NODE C.11 DEPENDS
BP.C.11	BP.B.02	proof-dep	C	OPEN	blueprint	from:exact,to:exact	blueprint	source=blueprint | CHAP-C NODE C.11 DEPENDS
BP.C.12	EFF.HE6R1.18	stmt-dep	C	OPEN	blueprint	from:exact,to:exact	blueprint	source=blueprint | CHAP-C NODE C.12 SOURCE (transcription)
BP.C.12	BP.C.03	proof-dep	C	OPEN	blueprint	from:exact,to:exact	blueprint	source=blueprint | CHAP-C NODE C.12 DEPENDS
BP.C.12	BP.C.04	proof-dep	C	OPEN	blueprint	from:exact,to:exact	blueprint	source=blueprint | CHAP-C NODE C.12 DEPENDS
BP.C.12	BP.C.09	proof-dep	C	OPEN	blueprint	from:exact,to:exact	blueprint	source=blueprint | CHAP-C NODE C.12 DEPENDS
BP.C.13	EFF.HE6.14	stmt-dep	C	OPEN	blueprint	from:exact,to:exact	blueprint	source=blueprint | CHAP-C NODE C.13 SOURCE (transcription)
BP.C.13	EFF.HE6.13	stmt-dep	C	OPEN	blueprint	from:exact,to:exact	blueprint	source=blueprint | CHAP-C NODE C.13 SOURCE (transcription)
BP.C.13	BP.C.01	proof-dep	C	OPEN	blueprint	from:exact,to:exact	blueprint	source=blueprint | CHAP-C NODE C.13 DEPENDS
BP.C.13	BP.C.02	proof-dep	C	OPEN	blueprint	from:exact,to:exact	blueprint	source=blueprint | CHAP-C NODE C.13 DEPENDS
BP.C.13	BP.C.09	proof-dep	C	OPEN	blueprint	from:exact,to:exact	blueprint	source=blueprint | CHAP-C NODE C.13 DEPENDS
BP.C.13	BP.C.21	proof-dep	C	OPEN	blueprint	from:exact,to:exact	blueprint	source=blueprint | CHAP-C NODE C.13 DEPENDS
BP.C.13	BP.B.02	proof-dep	C	OPEN	blueprint	from:exact,to:exact	blueprint	source=blueprint | CHAP-C NODE C.13 DEPENDS
BP.C.14	EFF.HE6.14	stmt-dep	C	OPEN	blueprint	from:exact,to:exact	blueprint	source=blueprint | CHAP-C NODE C.14 SOURCE (transcription)
BP.C.14	EFF.HE6.13	stmt-dep	C	OPEN	blueprint	from:exact,to:exact	blueprint	source=blueprint | CHAP-C NODE C.14 SOURCE (transcription)
BP.C.14	BP.C.09	proof-dep	C	OPEN	blueprint	from:exact,to:exact	blueprint	source=blueprint | CHAP-C NODE C.14 DEPENDS
BP.C.14	BP.C.10	proof-dep	C	OPEN	blueprint	from:exact,to:exact	blueprint	source=blueprint | CHAP-C NODE C.14 DEPENDS
BP.C.14	BP.C.13	proof-dep	C	OPEN	blueprint	from:exact,to:exact	blueprint	source=blueprint | CHAP-C NODE C.14 DEPENDS
BP.C.14	BP.H.54	proof-dep	C	OPEN	blueprint	from:exact,to:exact	blueprint	source=blueprint | CHAP-C NODE C.14 DEPENDS
BP.C.14	BP.H.55	proof-dep	C	OPEN	blueprint	from:exact,to:exact	blueprint	source=blueprint | CHAP-C NODE C.14 DEPENDS
BP.C.14	BP.H.56	proof-dep	C	OPEN	blueprint	from:exact,to:exact	blueprint	source=blueprint | CHAP-C NODE C.14 DEPENDS
BP.C.14	BP.H.57	proof-dep	C	OPEN	blueprint	from:exact,to:exact	blueprint	source=blueprint | CHAP-C NODE C.14 DEPENDS
BP.C.14	BP.B.02	proof-dep	C	OPEN	blueprint	from:exact,to:exact	blueprint	source=blueprint | CHAP-C NODE C.14 DEPENDS
BP.C.14	BP.B.06	proof-dep	C	OPEN	blueprint	from:exact,to:exact	blueprint	source=blueprint | CHAP-C NODE C.14 DEPENDS
BP.C.15	EFF.HE6.11	stmt-dep	C	OPEN	blueprint	from:exact,to:exact	blueprint	source=blueprint | CHAP-C NODE C.15 SOURCE (transcription)
BP.C.15	EFF.HE6.13	stmt-dep	C	OPEN	blueprint	from:exact,to:exact	blueprint	source=blueprint | CHAP-C NODE C.15 SOURCE (transcription)
BP.C.15	EFF.HE6.58	stmt-dep	C	OPEN	blueprint	from:exact,to:exact	blueprint	source=blueprint | CHAP-C NODE C.15 SOURCE (transcription)
BP.C.15	BP.C.01	proof-dep	C	OPEN	blueprint	from:exact,to:exact	blueprint	source=blueprint | CHAP-C NODE C.15 DEPENDS
BP.C.15	BP.H.51	proof-dep	C	OPEN	blueprint	from:exact,to:exact	blueprint	source=blueprint | CHAP-C NODE C.15 DEPENDS
BP.C.16	EFF.HE6.13	stmt-dep	C	OPEN	blueprint	from:exact,to:exact	blueprint	source=blueprint | CHAP-C NODE C.16 SOURCE (transcription)
BP.C.16	EFF.HE6.15	stmt-dep	C	OPEN	blueprint	from:exact,to:exact	blueprint	source=blueprint | CHAP-C NODE C.16 SOURCE (transcription)
BP.C.16	BP.C.15	proof-dep	C	OPEN	blueprint	from:exact,to:exact	blueprint	source=blueprint | CHAP-C NODE C.16 DEPENDS
BP.C.16	BP.H.51	proof-dep	C	OPEN	blueprint	from:exact,to:exact	blueprint	source=blueprint | CHAP-C NODE C.16 DEPENDS
BP.C.17	EFF.HE6.13	stmt-dep	C	OPEN	blueprint	from:exact,to:exact	blueprint	source=blueprint | CHAP-C NODE C.17 SOURCE (transcription)
BP.C.17	BP.C.15	proof-dep	C	OPEN	blueprint	from:exact,to:exact	blueprint	source=blueprint | CHAP-C NODE C.17 DEPENDS
BP.C.18	EFF.HE6.13	stmt-dep	C	OPEN	blueprint	from:exact,to:exact	blueprint	source=blueprint | CHAP-C NODE C.18 SOURCE (transcription)
BP.C.18	BP.C.15	proof-dep	C	OPEN	blueprint	from:exact,to:exact	blueprint	source=blueprint | CHAP-C NODE C.18 DEPENDS
BP.C.18	BP.C.16	proof-dep	C	OPEN	blueprint	from:exact,to:exact	blueprint	source=blueprint | CHAP-C NODE C.18 DEPENDS
BP.C.18	BP.C.17	proof-dep	C	OPEN	blueprint	from:exact,to:exact	blueprint	source=blueprint | CHAP-C NODE C.18 DEPENDS
BP.C.19	EFF.HE6.08	stmt-dep	C	OPEN	blueprint	from:exact,to:exact	blueprint	source=blueprint | CHAP-C NODE C.19 SOURCE (transcription)
BP.C.19	EFF.HE6.15	stmt-dep	C	OPEN	blueprint	from:exact,to:exact	blueprint	source=blueprint | CHAP-C NODE C.19 SOURCE (transcription)
BP.C.19	BP.C.03	proof-dep	C	OPEN	blueprint	from:exact,to:exact	blueprint	source=blueprint | CHAP-C NODE C.19 DEPENDS
BP.C.19	BP.C.04	proof-dep	C	OPEN	blueprint	from:exact,to:exact	blueprint	source=blueprint | CHAP-C NODE C.19 DEPENDS
BP.C.19	BP.B.30	proof-dep	C	OPEN	blueprint	from:exact,to:exact	blueprint	source=blueprint | CHAP-C NODE C.19 DEPENDS
BP.C.20	EFF.HE6.15	stmt-dep	C	OPEN	blueprint	from:exact,to:exact	blueprint	source=blueprint | CHAP-C NODE C.20 SOURCE (transcription)
BP.C.20	EFF.HE6.13	stmt-dep	C	OPEN	blueprint	from:exact,to:exact	blueprint	source=blueprint | CHAP-C NODE C.20 SOURCE (transcription)
BP.C.20	BP.C.02	proof-dep	C	OPEN	blueprint	from:exact,to:exact	blueprint	source=blueprint | CHAP-C NODE C.20 DEPENDS
BP.C.20	BP.C.15	proof-dep	C	OPEN	blueprint	from:exact,to:exact	blueprint	source=blueprint | CHAP-C NODE C.20 DEPENDS
BP.C.20	BP.C.16	proof-dep	C	OPEN	blueprint	from:exact,to:exact	blueprint	source=blueprint | CHAP-C NODE C.20 DEPENDS
BP.C.20	BP.C.17	proof-dep	C	OPEN	blueprint	from:exact,to:exact	blueprint	source=blueprint | CHAP-C NODE C.20 DEPENDS
BP.C.20	BP.H.52	proof-dep	C	OPEN	blueprint	from:exact,to:exact	blueprint	source=blueprint | CHAP-C NODE C.20 DEPENDS
BP.C.21	EFF.HE6.58	stmt-dep	C	OPEN	blueprint	from:exact,to:exact	blueprint	source=blueprint | CHAP-C NODE C.21 SOURCE (transcription)
BP.C.21	EFF.HE6.15	stmt-dep	C	OPEN	blueprint	from:exact,to:exact	blueprint	source=blueprint | CHAP-C NODE C.21 SOURCE (transcription)
BP.C.21	EFF.HE6.11	stmt-dep	C	OPEN	blueprint	from:exact,to:exact	blueprint	source=blueprint | CHAP-C NODE C.21 SOURCE (transcription)
BP.C.21	BP.C.02	proof-dep	C	OPEN	blueprint	from:exact,to:exact	blueprint	source=blueprint | CHAP-C NODE C.21 DEPENDS
BP.C.21	BP.C.15	proof-dep	C	OPEN	blueprint	from:exact,to:exact	blueprint	source=blueprint | CHAP-C NODE C.21 DEPENDS
BP.C.21	BP.C.17	proof-dep	C	OPEN	blueprint	from:exact,to:exact	blueprint	source=blueprint | CHAP-C NODE C.21 DEPENDS
BP.C.21	BP.C.19	proof-dep	C	OPEN	blueprint	from:exact,to:exact	blueprint	source=blueprint | CHAP-C NODE C.21 DEPENDS
BP.C.21	BP.B.24	proof-dep	C	OPEN	blueprint	from:exact,to:exact	blueprint	source=blueprint | CHAP-C NODE C.21 DEPENDS
BP.C.22	EFF.HE6.15	stmt-dep	C	OPEN	blueprint	from:exact,to:exact	blueprint	source=blueprint | CHAP-C NODE C.22 SOURCE (transcription)
BP.C.22	EFF.HE6.58	stmt-dep	C	OPEN	blueprint	from:exact,to:exact	blueprint	source=blueprint | CHAP-C NODE C.22 SOURCE (transcription)
BP.C.22	EFF.HE6.13	stmt-dep	C	OPEN	blueprint	from:exact,to:exact	blueprint	source=blueprint | CHAP-C NODE C.22 SOURCE (transcription)
BP.C.22	BP.C.15	proof-dep	C	OPEN	blueprint	from:exact,to:exact	blueprint	source=blueprint | CHAP-C NODE C.22 DEPENDS
BP.C.22	BP.C.19	proof-dep	C	OPEN	blueprint	from:exact,to:exact	blueprint	source=blueprint | CHAP-C NODE C.22 DEPENDS
BP.C.22	BP.C.21	proof-dep	C	OPEN	blueprint	from:exact,to:exact	blueprint	source=blueprint | CHAP-C NODE C.22 DEPENDS
BP.C.23	EFF.HE6.15	stmt-dep	C	OPEN	blueprint	from:exact,to:exact	blueprint	source=blueprint | CHAP-C NODE C.23 SOURCE (transcription)
BP.C.23	EFF.HE6.58	stmt-dep	C	OPEN	blueprint	from:exact,to:exact	blueprint	source=blueprint | CHAP-C NODE C.23 SOURCE (transcription)
BP.C.23	BP.C.02	proof-dep	C	OPEN	blueprint	from:exact,to:exact	blueprint	source=blueprint | CHAP-C NODE C.23 DEPENDS
BP.C.23	BP.C.19	proof-dep	C	OPEN	blueprint	from:exact,to:exact	blueprint	source=blueprint | CHAP-C NODE C.23 DEPENDS
BP.C.23	BP.C.20	proof-dep	C	OPEN	blueprint	from:exact,to:exact	blueprint	source=blueprint | CHAP-C NODE C.23 DEPENDS
BP.C.23	BP.C.21	proof-dep	C	OPEN	blueprint	from:exact,to:exact	blueprint	source=blueprint | CHAP-C NODE C.23 DEPENDS
BP.C.23	BP.B.24	proof-dep	C	OPEN	blueprint	from:exact,to:exact	blueprint	source=blueprint | CHAP-C NODE C.23 DEPENDS
BP.C.23	BP.H.53	proof-dep	C	OPEN	blueprint	from:exact,to:exact	blueprint	source=blueprint | CHAP-C NODE C.23 DEPENDS
BP.C.24	EFF.HE6.13	stmt-dep	C	OPEN	blueprint	from:exact,to:exact	blueprint	source=blueprint | CHAP-C NODE C.24 SOURCE (transcription)
BP.C.24	EFF.HE6.12	stmt-dep	C	OPEN	blueprint	from:exact,to:exact	blueprint	source=blueprint | CHAP-C NODE C.24 SOURCE (transcription)
BP.C.24	BP.C.15	proof-dep	C	OPEN	blueprint	from:exact,to:exact	blueprint	source=blueprint | CHAP-C NODE C.24 DEPENDS
BP.C.24	BP.C.21	proof-dep	C	OPEN	blueprint	from:exact,to:exact	blueprint	source=blueprint | CHAP-C NODE C.24 DEPENDS
BP.C.24	BP.C.23	proof-dep	C	OPEN	blueprint	from:exact,to:exact	blueprint	source=blueprint | CHAP-C NODE C.24 DEPENDS
BP.C.24	BP.H.54	proof-dep	C	OPEN	blueprint	from:exact,to:exact	blueprint	source=blueprint | CHAP-C NODE C.24 DEPENDS
BP.C.24	BP.H.55	proof-dep	C	OPEN	blueprint	from:exact,to:exact	blueprint	source=blueprint | CHAP-C NODE C.24 DEPENDS
BP.C.24	BP.H.56	proof-dep	C	OPEN	blueprint	from:exact,to:exact	blueprint	source=blueprint | CHAP-C NODE C.24 DEPENDS
BP.C.24	BP.C.14	proof-dep	C	OPEN	blueprint	from:exact,to:exact	blueprint	source=blueprint | CHAP-C NODE C.24 DEPENDS
BP.C.24	BP.B.24	proof-dep	C	OPEN	blueprint	from:exact,to:exact	blueprint	source=blueprint | CHAP-C NODE C.24 DEPENDS
BP.C.25	EFF.HE6.11	stmt-dep	C	OPEN	blueprint	from:exact,to:exact	blueprint	source=blueprint | CHAP-C NODE C.25 SOURCE (transcription)
BP.C.25	EFF.HE6.10	stmt-dep	C	OPEN	blueprint	from:exact,to:exact	blueprint	source=blueprint | CHAP-C NODE C.25 SOURCE (transcription)
BP.C.25	BP.C.06	proof-dep	C	OPEN	blueprint	from:exact,to:exact	blueprint	source=blueprint | CHAP-C NODE C.25 DEPENDS
BP.C.25	BP.C.07	proof-dep	C	OPEN	blueprint	from:exact,to:exact	blueprint	source=blueprint | CHAP-C NODE C.25 DEPENDS
BP.C.25	BP.C.22	proof-dep	C	OPEN	blueprint	from:exact,to:exact	blueprint	source=blueprint | CHAP-C NODE C.25 DEPENDS
BP.C.25	BP.B.02	proof-dep	C	OPEN	blueprint	from:exact,to:exact	blueprint	source=blueprint | CHAP-C NODE C.25 DEPENDS
BP.C.25	BP.B.28	proof-dep	C	OPEN	blueprint	from:exact,to:exact	blueprint	source=blueprint | CHAP-C NODE C.25 DEPENDS
BP.C.26	EFF.HE6.11	stmt-dep	C	OPEN	blueprint	from:exact,to:exact	blueprint	source=blueprint | CHAP-C NODE C.26 SOURCE (transcription)
BP.C.26	BP.C.07	proof-dep	C	OPEN	blueprint	from:exact,to:exact	blueprint	source=blueprint | CHAP-C NODE C.26 DEPENDS
BP.C.26	BP.C.08	proof-dep	C	OPEN	blueprint	from:exact,to:exact	blueprint	source=blueprint | CHAP-C NODE C.26 DEPENDS
BP.C.26	BP.C.20	proof-dep	C	OPEN	blueprint	from:exact,to:exact	blueprint	source=blueprint | CHAP-C NODE C.26 DEPENDS
BP.C.26	BP.C.22	proof-dep	C	OPEN	blueprint	from:exact,to:exact	blueprint	source=blueprint | CHAP-C NODE C.26 DEPENDS
BP.C.26	BP.C.23	proof-dep	C	OPEN	blueprint	from:exact,to:exact	blueprint	source=blueprint | CHAP-C NODE C.26 DEPENDS
BP.C.26	BP.C.25	proof-dep	C	OPEN	blueprint	from:exact,to:exact	blueprint	source=blueprint | CHAP-C NODE C.26 DEPENDS
BP.C.26	BP.B.30	proof-dep	C	OPEN	blueprint	from:exact,to:exact	blueprint	source=blueprint | CHAP-C NODE C.26 DEPENDS
BP.C.27	EFF.HE6R1.26	stmt-dep	C	OPEN	blueprint	from:exact,to:exact	blueprint	source=blueprint | CHAP-C NODE C.27 SOURCE (transcription)
BP.C.27	EFF.HE6R1.29	stmt-dep	C	OPEN	blueprint	from:exact,to:exact	blueprint	source=blueprint | CHAP-C NODE C.27 SOURCE (transcription)
BP.C.27	EFF.HE6.15	stmt-dep	C	OPEN	blueprint	from:exact,to:exact	blueprint	source=blueprint | CHAP-C NODE C.27 SOURCE (transcription)
BP.C.27	BP.C.09	proof-dep	C	OPEN	blueprint	from:exact,to:exact	blueprint	source=blueprint | CHAP-C NODE C.27 DEPENDS
BP.C.27	BP.C.11	proof-dep	C	OPEN	blueprint	from:exact,to:exact	blueprint	source=blueprint | CHAP-C NODE C.27 DEPENDS
BP.C.27	BP.C.12	proof-dep	C	OPEN	blueprint	from:exact,to:exact	blueprint	source=blueprint | CHAP-C NODE C.27 DEPENDS
BP.C.27	BP.C.20	proof-dep	C	OPEN	blueprint	from:exact,to:exact	blueprint	source=blueprint | CHAP-C NODE C.27 DEPENDS
BP.C.27	BP.C.23	proof-dep	C	OPEN	blueprint	from:exact,to:exact	blueprint	source=blueprint | CHAP-C NODE C.27 DEPENDS
BP.C.27	BP.C.29	proof-dep	C	OPEN	blueprint	from:exact,to:exact	blueprint	source=blueprint | CHAP-C NODE C.27 DEPENDS
BP.C.27	BP.C.33	proof-dep	C	OPEN	blueprint	from:exact,to:exact	blueprint	source=blueprint | CHAP-C NODE C.27 DEPENDS
BP.C.27	BP.C.34	proof-dep	C	OPEN	blueprint	from:exact,to:exact	blueprint	source=blueprint | CHAP-C NODE C.27 DEPENDS
BP.C.27	BP.H.53	proof-dep	C	OPEN	blueprint	from:exact,to:exact	blueprint	source=blueprint | CHAP-C NODE C.27 DEPENDS
BP.C.27	BP.B.31	proof-dep	C	OPEN	blueprint	from:exact,to:exact	blueprint	source=blueprint | CHAP-C NODE C.27 DEPENDS
BP.C.27	BP.B.32	proof-dep	C	OPEN	blueprint	from:exact,to:exact	blueprint	source=blueprint | CHAP-C NODE C.27 DEPENDS
BP.C.28	EFF.HE6R1.35	stmt-dep	C	OPEN	blueprint	from:exact,to:exact	blueprint	source=blueprint | CHAP-C NODE C.28 SOURCE (transcription)
BP.C.28	EFF.HE6R1.39	stmt-dep	C	OPEN	blueprint	from:exact,to:exact	blueprint	source=blueprint | CHAP-C NODE C.28 SOURCE (transcription)
BP.C.28	EFF.HE6R1.06	stmt-dep	C	OPEN	blueprint	from:exact,to:exact	blueprint	source=blueprint | CHAP-C NODE C.28 SOURCE (transcription)
BP.C.28	EFF.HE6R1.29	stmt-dep	C	OPEN	blueprint	from:exact,to:exact	blueprint	source=blueprint | CHAP-C NODE C.28 SOURCE (transcription)
BP.C.28	BP.C.09	proof-dep	C	OPEN	blueprint	from:exact,to:exact	blueprint	source=blueprint | CHAP-C NODE C.28 DEPENDS
BP.C.28	BP.C.15	proof-dep	C	OPEN	blueprint	from:exact,to:exact	blueprint	source=blueprint | CHAP-C NODE C.28 DEPENDS
BP.C.28	BP.C.16	proof-dep	C	OPEN	blueprint	from:exact,to:exact	blueprint	source=blueprint | CHAP-C NODE C.28 DEPENDS
BP.C.29	EFF.HE6.10	stmt-dep	C	OPEN	blueprint	from:exact,to:exact	blueprint	source=blueprint | CHAP-C NODE C.29 SOURCE (transcription)
BP.C.29	EFF.HE6R1.13	stmt-dep	C	OPEN	blueprint	from:exact,to:exact	blueprint	source=blueprint | CHAP-C NODE C.29 SOURCE (transcription)
BP.C.29	BP.C.06	proof-dep	C	OPEN	blueprint	from:exact,to:exact	blueprint	source=blueprint | CHAP-C NODE C.29 DEPENDS
BP.C.29	BP.C.07	proof-dep	C	OPEN	blueprint	from:exact,to:exact	blueprint	source=blueprint | CHAP-C NODE C.29 DEPENDS
BP.C.29	BP.C.09	proof-dep	C	OPEN	blueprint	from:exact,to:exact	blueprint	source=blueprint | CHAP-C NODE C.29 DEPENDS
BP.C.29	BP.C.25	proof-dep	C	OPEN	blueprint	from:exact,to:exact	blueprint	source=blueprint | CHAP-C NODE C.29 DEPENDS
BP.C.29	BP.B.34	proof-dep	C	OPEN	blueprint	from:exact,to:exact	blueprint	source=blueprint | CHAP-C NODE C.29 DEPENDS
BP.C.30	EFF.HE6R1.10	stmt-dep	C	OPEN	blueprint	from:exact,to:exact	blueprint	source=blueprint | CHAP-C NODE C.30 SOURCE (transcription)
BP.C.30	EFF.HE6.19	stmt-dep	C	OPEN	blueprint	from:exact,to:exact	blueprint	source=blueprint | CHAP-C NODE C.30 SOURCE (transcription)
BP.C.30	EFF.HE6R1.05	stmt-dep	C	OPEN	blueprint	from:exact,to:exact	blueprint	source=blueprint | CHAP-C NODE C.30 SOURCE (transcription)
BP.C.31	EFF.HE6R1.09	stmt-dep	C	OPEN	blueprint	from:exact,to:exact	blueprint	source=blueprint | CHAP-C NODE C.31 SOURCE (transcription)
BP.C.31	EFF.HE6.19	stmt-dep	C	OPEN	blueprint	from:exact,to:exact	blueprint	source=blueprint | CHAP-C NODE C.31 SOURCE (transcription)
BP.C.31	EFF.HE6.20	stmt-dep	C	OPEN	blueprint	from:exact,to:exact	blueprint	source=blueprint | CHAP-C NODE C.31 SOURCE (transcription)
BP.C.31	BP.C.30	proof-dep	C	OPEN	blueprint	from:exact,to:exact	blueprint	source=blueprint | CHAP-C NODE C.31 DEPENDS
BP.C.31	BP.C.33	proof-dep	C	OPEN	blueprint	from:exact,to:exact	blueprint	source=blueprint | CHAP-C NODE C.31 DEPENDS
BP.C.31	BP.C.35	proof-dep	C	OPEN	blueprint	from:exact,to:exact	blueprint	source=blueprint | CHAP-C NODE C.31 DEPENDS
BP.C.32	EFF.HE6R1.47	stmt-dep	C	OPEN	blueprint	from:exact,to:exact	blueprint	source=blueprint | CHAP-C NODE C.32 SOURCE (transcription)
BP.C.32	EFF.HE6R1.43	stmt-dep	C	OPEN	blueprint	from:exact,to:exact	blueprint	source=blueprint | CHAP-C NODE C.32 SOURCE (transcription)
BP.C.32	EFF.HE6R1.09	stmt-dep	C	OPEN	blueprint	from:exact,to:exact	blueprint	source=blueprint | CHAP-C NODE C.32 SOURCE (transcription)
BP.C.32	EFF.HE6R1.11	stmt-dep	C	OPEN	blueprint	from:exact,to:exact	blueprint	source=blueprint | CHAP-C NODE C.32 SOURCE (transcription)
BP.C.32	BP.C.31	proof-dep	C	OPEN	blueprint	from:exact,to:exact	blueprint	source=blueprint | CHAP-C NODE C.32 DEPENDS
BP.C.33	EFF.HE6.10	stmt-dep	C	OPEN	blueprint	from:exact,to:exact	blueprint	source=blueprint | CHAP-C NODE C.33 SOURCE (transcription)
BP.C.33	EFF.HE6R1.10	stmt-dep	C	OPEN	blueprint	from:exact,to:exact	blueprint	source=blueprint | CHAP-C NODE C.33 SOURCE (transcription)
BP.C.33	BP.C.01	proof-dep	C	OPEN	blueprint	from:exact,to:exact	blueprint	source=blueprint | CHAP-C NODE C.33 DEPENDS
BP.C.33	BP.C.06	proof-dep	C	OPEN	blueprint	from:exact,to:exact	blueprint	source=blueprint | CHAP-C NODE C.33 DEPENDS
BP.C.33	BP.C.07	proof-dep	C	OPEN	blueprint	from:exact,to:exact	blueprint	source=blueprint | CHAP-C NODE C.33 DEPENDS
BP.C.33	BP.C.08	proof-dep	C	OPEN	blueprint	from:exact,to:exact	blueprint	source=blueprint | CHAP-C NODE C.33 DEPENDS
BP.C.33	BP.C.20	proof-dep	C	OPEN	blueprint	from:exact,to:exact	blueprint	source=blueprint | CHAP-C NODE C.33 DEPENDS
BP.C.33	BP.C.23	proof-dep	C	OPEN	blueprint	from:exact,to:exact	blueprint	source=blueprint | CHAP-C NODE C.33 DEPENDS
BP.C.33	BP.C.26	proof-dep	C	OPEN	blueprint	from:exact,to:exact	blueprint	source=blueprint | CHAP-C NODE C.33 DEPENDS
BP.C.33	BP.C.29	proof-dep	C	OPEN	blueprint	from:exact,to:exact	blueprint	source=blueprint | CHAP-C NODE C.33 DEPENDS
BP.C.33	BP.B.41	proof-dep	C	OPEN	blueprint	from:exact,to:exact	blueprint	source=blueprint | CHAP-C NODE C.33 DEPENDS
BP.C.33	BP.B.42	proof-dep	C	OPEN	blueprint	from:exact,to:exact	blueprint	source=blueprint | CHAP-C NODE C.33 DEPENDS
BP.C.34	EFF.HE6R1.13	stmt-dep	C	OPEN	blueprint	from:exact,to:exact	blueprint	source=blueprint | CHAP-C NODE C.34 SOURCE (transcription)
BP.C.34	EFF.HE6.20	stmt-dep	C	OPEN	blueprint	from:exact,to:exact	blueprint	source=blueprint | CHAP-C NODE C.34 SOURCE (transcription)
BP.C.34	BP.C.25	proof-dep	C	OPEN	blueprint	from:exact,to:exact	blueprint	source=blueprint | CHAP-C NODE C.34 DEPENDS
BP.C.34	BP.C.26	proof-dep	C	OPEN	blueprint	from:exact,to:exact	blueprint	source=blueprint | CHAP-C NODE C.34 DEPENDS
BP.C.34	BP.C.29	proof-dep	C	OPEN	blueprint	from:exact,to:exact	blueprint	source=blueprint | CHAP-C NODE C.34 DEPENDS
BP.C.34	BP.C.33	proof-dep	C	OPEN	blueprint	from:exact,to:exact	blueprint	source=blueprint | CHAP-C NODE C.34 DEPENDS
BP.C.34	BP.B.44	proof-dep	C	OPEN	blueprint	from:exact,to:exact	blueprint	source=blueprint | CHAP-C NODE C.34 DEPENDS
BP.C.34	BP.B.48	proof-dep	C	OPEN	blueprint	from:exact,to:exact	blueprint	source=blueprint | CHAP-C NODE C.34 DEPENDS
BP.C.35	EFF.HE6R1.12	stmt-dep	C	OPEN	blueprint	from:exact,to:exact	blueprint	source=blueprint | CHAP-C NODE C.35 SOURCE (transcription)
BP.C.35	EFF.HE6R1.18	stmt-dep	C	OPEN	blueprint	from:exact,to:exact	blueprint	source=blueprint | CHAP-C NODE C.35 SOURCE (transcription)
BP.C.35	BP.C.09	proof-dep	C	OPEN	blueprint	from:exact,to:exact	blueprint	source=blueprint | CHAP-C NODE C.35 DEPENDS
BP.C.35	BP.C.33	proof-dep	C	OPEN	blueprint	from:exact,to:exact	blueprint	source=blueprint | CHAP-C NODE C.35 DEPENDS
BP.C.35	BP.C.34	proof-dep	C	OPEN	blueprint	from:exact,to:exact	blueprint	source=blueprint | CHAP-C NODE C.35 DEPENDS
BP.C.36	EFF.HE6R1.13	stmt-dep	C	OPEN	blueprint	from:exact,to:exact	blueprint	source=blueprint | CHAP-C NODE C.36 SOURCE (transcription)
BP.C.36	EFF.HE6.09	stmt-dep	C	OPEN	blueprint	from:exact,to:exact	blueprint	source=blueprint | CHAP-C NODE C.36 SOURCE (transcription)
BP.C.36	BP.C.13	proof-dep	C	OPEN	blueprint	from:exact,to:exact	blueprint	source=blueprint | CHAP-C NODE C.36 DEPENDS
BP.C.36	BP.C.29	proof-dep	C	OPEN	blueprint	from:exact,to:exact	blueprint	source=blueprint | CHAP-C NODE C.36 DEPENDS
BP.C.36	BP.C.34	proof-dep	C	OPEN	blueprint	from:exact,to:exact	blueprint	source=blueprint | CHAP-C NODE C.36 DEPENDS
BP.C.36	BP.C.35	proof-dep	C	OPEN	blueprint	from:exact,to:exact	blueprint	source=blueprint | CHAP-C NODE C.36 DEPENDS
BP.C.36	BP.B.31	proof-dep	C	OPEN	blueprint	from:exact,to:exact	blueprint	source=blueprint | CHAP-C NODE C.36 DEPENDS
BP.C.37	EFF.HE6R1.13	stmt-dep	C	OPEN	blueprint	from:exact,to:exact	blueprint	source=blueprint | CHAP-C NODE C.37 SOURCE (transcription)
BP.C.37	BP.C.11	proof-dep	C	OPEN	blueprint	from:exact,to:exact	blueprint	source=blueprint | CHAP-C NODE C.37 DEPENDS
BP.C.37	BP.C.13	proof-dep	C	OPEN	blueprint	from:exact,to:exact	blueprint	source=blueprint | CHAP-C NODE C.37 DEPENDS
BP.C.37	BP.C.27	proof-dep	C	OPEN	blueprint	from:exact,to:exact	blueprint	source=blueprint | CHAP-C NODE C.37 DEPENDS
BP.C.37	BP.C.35	proof-dep	C	OPEN	blueprint	from:exact,to:exact	blueprint	source=blueprint | CHAP-C NODE C.37 DEPENDS
BP.C.37	BP.C.36	proof-dep	C	OPEN	blueprint	from:exact,to:exact	blueprint	source=blueprint | CHAP-C NODE C.37 DEPENDS
BP.C.37	BP.C.34	proof-dep	C	OPEN	blueprint	from:exact,to:exact	blueprint	source=blueprint | CHAP-C NODE C.37 DEPENDS
BP.C.37	BP.B.32	proof-dep	C	OPEN	blueprint	from:exact,to:exact	blueprint	source=blueprint | CHAP-C NODE C.37 DEPENDS
BP.C.38	EFF.HE6R1.13	stmt-dep	C	OPEN	blueprint	from:exact,to:exact	blueprint	source=blueprint | CHAP-C NODE C.38 SOURCE (transcription)
BP.C.38	BP.C.25	proof-dep	C	OPEN	blueprint	from:exact,to:exact	blueprint	source=blueprint | CHAP-C NODE C.38 DEPENDS
BP.C.38	BP.C.37	proof-dep	C	OPEN	blueprint	from:exact,to:exact	blueprint	source=blueprint | CHAP-C NODE C.38 DEPENDS
BP.C.38	BP.C.39	proof-dep	C	OPEN	blueprint	from:exact,to:exact	blueprint	source=blueprint | CHAP-C NODE C.38 DEPENDS
BP.C.39	EFF.HE6R1.39	stmt-dep	C	OPEN	blueprint	from:exact,to:exact	blueprint	source=blueprint | CHAP-C NODE C.39 SOURCE (transcription)
BP.C.39	EFF.HE6R1.35	stmt-dep	C	OPEN	blueprint	from:exact,to:exact	blueprint	source=blueprint | CHAP-C NODE C.39 SOURCE (transcription)
BP.C.39	EFF.HE6R1.13	stmt-dep	C	OPEN	blueprint	from:exact,to:exact	blueprint	source=blueprint | CHAP-C NODE C.39 SOURCE (transcription)
BP.C.39	BP.C.12	proof-dep	C	OPEN	blueprint	from:exact,to:exact	blueprint	source=blueprint | CHAP-C NODE C.39 DEPENDS
BP.C.39	BP.C.22	proof-dep	C	OPEN	blueprint	from:exact,to:exact	blueprint	source=blueprint | CHAP-C NODE C.39 DEPENDS
BP.C.39	BP.C.28	proof-dep	C	OPEN	blueprint	from:exact,to:exact	blueprint	source=blueprint | CHAP-C NODE C.39 DEPENDS
BP.C.39	BP.C.36	proof-dep	C	OPEN	blueprint	from:exact,to:exact	blueprint	source=blueprint | CHAP-C NODE C.39 DEPENDS
BP.C.39	BP.C.37	proof-dep	C	OPEN	blueprint	from:exact,to:exact	blueprint	source=blueprint | CHAP-C NODE C.39 DEPENDS
BP.C.40	EFF.HE6R1.15	stmt-dep	C	OPEN	blueprint	from:exact,to:exact	blueprint	source=blueprint | CHAP-C NODE C.40 SOURCE (transcription)
BP.C.40	EFF.HE6R1.16	stmt-dep	C	OPEN	blueprint	from:exact,to:exact	blueprint	source=blueprint | CHAP-C NODE C.40 SOURCE (transcription)
BP.C.40	EFF.HE6R1.14	stmt-dep	C	OPEN	blueprint	from:exact,to:exact	blueprint	source=blueprint | CHAP-C NODE C.40 SOURCE (transcription)
BP.C.40	BP.C.10	proof-dep	C	OPEN	blueprint	from:exact,to:exact	blueprint	source=blueprint | CHAP-C NODE C.40 DEPENDS
BP.C.40	BP.C.13	proof-dep	C	OPEN	blueprint	from:exact,to:exact	blueprint	source=blueprint | CHAP-C NODE C.40 DEPENDS
BP.C.40	BP.C.35	proof-dep	C	OPEN	blueprint	from:exact,to:exact	blueprint	source=blueprint | CHAP-C NODE C.40 DEPENDS
BP.C.40	BP.C.36	proof-dep	C	OPEN	blueprint	from:exact,to:exact	blueprint	source=blueprint | CHAP-C NODE C.40 DEPENDS
BP.C.40	BP.C.60	proof-dep	C	OPEN	blueprint	from:exact,to:exact	blueprint	source=blueprint | CHAP-C NODE C.40 DEPENDS
BP.C.40	BP.C.61	proof-dep	C	OPEN	blueprint	from:exact,to:exact	blueprint	source=blueprint | CHAP-C NODE C.40 DEPENDS
BP.C.41	EFF.HETOW.12	stmt-dep	C	OPEN	blueprint	from:exact,to:exact	blueprint	source=blueprint | CHAP-C NODE C.41 SOURCE (transcription)
BP.C.41	EFF.HETOW.11	stmt-dep	C	OPEN	blueprint	from:exact,to:exact	blueprint	source=blueprint | CHAP-C NODE C.41 SOURCE (transcription)
BP.C.41	BP.C.15	proof-dep	C	OPEN	blueprint	from:exact,to:exact	blueprint	source=blueprint | CHAP-C NODE C.41 DEPENDS
BP.C.41	BP.C.16	proof-dep	C	OPEN	blueprint	from:exact,to:exact	blueprint	source=blueprint | CHAP-C NODE C.41 DEPENDS
BP.C.41	BP.H.57	proof-dep	C	OPEN	blueprint	from:exact,to:exact	blueprint	source=blueprint | CHAP-C NODE C.41 DEPENDS
BP.C.42	EFF.HETOW.15	stmt-dep	C	OPEN	blueprint	from:exact,to:exact	blueprint	source=blueprint | CHAP-C NODE C.42 SOURCE (transcription)
BP.C.42	EFF.GENTOW1.07	stmt-dep	C	OPEN	blueprint	from:exact,to:exact	blueprint	source=blueprint | CHAP-C NODE C.42 SOURCE (transcription)
BP.C.42	EFF.GENTOW1.14	stmt-dep	C	OPEN	blueprint	from:exact,to:exact	blueprint	source=blueprint | CHAP-C NODE C.42 SOURCE (transcription)
BP.C.42	BP.C.01	proof-dep	C	OPEN	blueprint	from:exact,to:exact	blueprint	source=blueprint | CHAP-C NODE C.42 DEPENDS
BP.C.42	BP.C.03	proof-dep	C	OPEN	blueprint	from:exact,to:exact	blueprint	source=blueprint | CHAP-C NODE C.42 DEPENDS
BP.C.43	EFF.HETOW.13	stmt-dep	C	OPEN	blueprint	from:exact,to:exact	blueprint	source=blueprint | CHAP-C NODE C.43 SOURCE (transcription)
BP.C.43	EFF.GENTOW1.06	stmt-dep	C	OPEN	blueprint	from:exact,to:exact	blueprint	source=blueprint | CHAP-C NODE C.43 SOURCE (transcription)
BP.C.43	EFF.HETOW.14	stmt-dep	C	OPEN	blueprint	from:exact,to:exact	blueprint	source=blueprint | CHAP-C NODE C.43 SOURCE (transcription)
BP.C.43	BP.C.15	proof-dep	C	OPEN	blueprint	from:exact,to:exact	blueprint	source=blueprint | CHAP-C NODE C.43 DEPENDS
BP.C.43	BP.C.19	proof-dep	C	OPEN	blueprint	from:exact,to:exact	blueprint	source=blueprint | CHAP-C NODE C.43 DEPENDS
BP.C.43	BP.C.41	proof-dep	C	OPEN	blueprint	from:exact,to:exact	blueprint	source=blueprint | CHAP-C NODE C.43 DEPENDS
BP.C.43	BP.C.42	proof-dep	C	OPEN	blueprint	from:exact,to:exact	blueprint	source=blueprint | CHAP-C NODE C.43 DEPENDS
BP.C.43	BP.H.54	proof-dep	C	OPEN	blueprint	from:exact,to:exact	blueprint	source=blueprint | CHAP-C NODE C.43 DEPENDS
BP.C.43	BP.H.56	proof-dep	C	OPEN	blueprint	from:exact,to:exact	blueprint	source=blueprint | CHAP-C NODE C.43 DEPENDS
BP.C.43	BP.C.14	proof-dep	C	OPEN	blueprint	from:exact,to:exact	blueprint	source=blueprint | CHAP-C NODE C.43 DEPENDS
BP.C.44	EFF.HETOW.15	stmt-dep	C	OPEN	blueprint	from:exact,to:exact	blueprint	source=blueprint | CHAP-C NODE C.44 SOURCE (transcription)
BP.C.44	EFF.HETOW.16	stmt-dep	C	OPEN	blueprint	from:exact,to:exact	blueprint	source=blueprint | CHAP-C NODE C.44 SOURCE (transcription)
BP.C.44	BP.C.09	proof-dep	C	OPEN	blueprint	from:exact,to:exact	blueprint	source=blueprint | CHAP-C NODE C.44 DEPENDS
BP.C.44	BP.C.19	proof-dep	C	OPEN	blueprint	from:exact,to:exact	blueprint	source=blueprint | CHAP-C NODE C.44 DEPENDS
BP.C.44	BP.C.42	proof-dep	C	OPEN	blueprint	from:exact,to:exact	blueprint	source=blueprint | CHAP-C NODE C.44 DEPENDS
BP.C.44	BP.C.15	proof-dep	C	OPEN	blueprint	from:exact,to:exact	blueprint	source=blueprint | CHAP-C NODE C.44 DEPENDS
BP.C.45	EFF.HETOW.15	stmt-dep	C	OPEN	blueprint	from:exact,to:exact	blueprint	source=blueprint | CHAP-C NODE C.45 SOURCE (transcription)
BP.C.45	EFF.HETOW.16	stmt-dep	C	OPEN	blueprint	from:exact,to:exact	blueprint	source=blueprint | CHAP-C NODE C.45 SOURCE (transcription)
BP.C.45	BP.C.12	proof-dep	C	OPEN	blueprint	from:exact,to:exact	blueprint	source=blueprint | CHAP-C NODE C.45 DEPENDS
BP.C.45	BP.C.44	proof-dep	C	OPEN	blueprint	from:exact,to:exact	blueprint	source=blueprint | CHAP-C NODE C.45 DEPENDS
BP.C.46	EFF.HETOW.15	stmt-dep	C	OPEN	blueprint	from:exact,to:exact	blueprint	source=blueprint | CHAP-C NODE C.46 SOURCE (transcription)
BP.C.46	EFF.HETOW.14	stmt-dep	C	OPEN	blueprint	from:exact,to:exact	blueprint	source=blueprint | CHAP-C NODE C.46 SOURCE (transcription)
BP.C.46	BP.C.21	proof-dep	C	OPEN	blueprint	from:exact,to:exact	blueprint	source=blueprint | CHAP-C NODE C.46 DEPENDS
BP.C.46	BP.C.22	proof-dep	C	OPEN	blueprint	from:exact,to:exact	blueprint	source=blueprint | CHAP-C NODE C.46 DEPENDS
BP.C.46	BP.C.41	proof-dep	C	OPEN	blueprint	from:exact,to:exact	blueprint	source=blueprint | CHAP-C NODE C.46 DEPENDS
BP.C.46	BP.C.43	proof-dep	C	OPEN	blueprint	from:exact,to:exact	blueprint	source=blueprint | CHAP-C NODE C.46 DEPENDS
BP.C.46	BP.C.44	proof-dep	C	OPEN	blueprint	from:exact,to:exact	blueprint	source=blueprint | CHAP-C NODE C.46 DEPENDS
BP.C.46	BP.H.55	proof-dep	C	OPEN	blueprint	from:exact,to:exact	blueprint	source=blueprint | CHAP-C NODE C.46 DEPENDS
BP.C.46	BP.H.56	proof-dep	C	OPEN	blueprint	from:exact,to:exact	blueprint	source=blueprint | CHAP-C NODE C.46 DEPENDS
BP.C.47	EFF.HETOW.17	stmt-dep	C	OPEN	blueprint	from:exact,to:exact	blueprint	source=blueprint | CHAP-C NODE C.47 SOURCE (transcription)
BP.C.47	EFF.HETOW.43	stmt-dep	C	OPEN	blueprint	from:exact,to:exact	blueprint	source=blueprint | CHAP-C NODE C.47 SOURCE (transcription)
BP.C.47	EFF.HETOW.19	stmt-dep	C	OPEN	blueprint	from:exact,to:exact	blueprint	source=blueprint | CHAP-C NODE C.47 SOURCE (transcription)
BP.C.47	BP.C.13	proof-dep	C	OPEN	blueprint	from:exact,to:exact	blueprint	source=blueprint | CHAP-C NODE C.47 DEPENDS
BP.C.47	BP.C.14	proof-dep	C	OPEN	blueprint	from:exact,to:exact	blueprint	source=blueprint | CHAP-C NODE C.47 DEPENDS
BP.C.47	BP.C.42	proof-dep	C	OPEN	blueprint	from:exact,to:exact	blueprint	source=blueprint | CHAP-C NODE C.47 DEPENDS
BP.C.47	BP.C.43	proof-dep	C	OPEN	blueprint	from:exact,to:exact	blueprint	source=blueprint | CHAP-C NODE C.47 DEPENDS
BP.C.47	BP.C.44	proof-dep	C	OPEN	blueprint	from:exact,to:exact	blueprint	source=blueprint | CHAP-C NODE C.47 DEPENDS
BP.C.47	BP.C.46	proof-dep	C	OPEN	blueprint	from:exact,to:exact	blueprint	source=blueprint | CHAP-C NODE C.47 DEPENDS
BP.C.47	BP.H.55	proof-dep	C	OPEN	blueprint	from:exact,to:exact	blueprint	source=blueprint | CHAP-C NODE C.47 DEPENDS
BP.C.48	EFF.HETOW.20	stmt-dep	C	OPEN	blueprint	from:exact,to:exact	blueprint	source=blueprint | CHAP-C NODE C.48 SOURCE (transcription)
BP.C.48	EFF.HETOW.54	stmt-dep	C	OPEN	blueprint	from:exact,to:exact	blueprint	source=blueprint | CHAP-C NODE C.48 SOURCE (transcription)
BP.C.48	BP.C.29	proof-dep	C	OPEN	blueprint	from:exact,to:exact	blueprint	source=blueprint | CHAP-C NODE C.48 DEPENDS
BP.C.48	BP.C.34	proof-dep	C	OPEN	blueprint	from:exact,to:exact	blueprint	source=blueprint | CHAP-C NODE C.48 DEPENDS
BP.C.48	BP.C.35	proof-dep	C	OPEN	blueprint	from:exact,to:exact	blueprint	source=blueprint | CHAP-C NODE C.48 DEPENDS
BP.C.48	BP.C.40	proof-dep	C	OPEN	blueprint	from:exact,to:exact	blueprint	source=blueprint | CHAP-C NODE C.48 DEPENDS
BP.C.48	BP.C.44	proof-dep	C	OPEN	blueprint	from:exact,to:exact	blueprint	source=blueprint | CHAP-C NODE C.48 DEPENDS
BP.C.48	BP.C.47	proof-dep	C	OPEN	blueprint	from:exact,to:exact	blueprint	source=blueprint | CHAP-C NODE C.48 DEPENDS
BP.C.49	EFF.HETOW.23	stmt-dep	C	OPEN	blueprint	from:exact,to:exact	blueprint	source=blueprint | CHAP-C NODE C.49 SOURCE (transcription)
BP.C.49	EFF.HETOW.24	stmt-dep	C	OPEN	blueprint	from:exact,to:exact	blueprint	source=blueprint | CHAP-C NODE C.49 SOURCE (transcription)
BP.C.49	EFF.HETOW.25	stmt-dep	C	OPEN	blueprint	from:exact,to:exact	blueprint	source=blueprint | CHAP-C NODE C.49 SOURCE (transcription)
BP.C.49	EFF.HETOW.22	stmt-dep	C	OPEN	blueprint	from:exact,to:exact	blueprint	source=blueprint | CHAP-C NODE C.49 SOURCE (transcription)
BP.C.49	BP.C.31	proof-dep	C	OPEN	blueprint	from:exact,to:exact	blueprint	source=blueprint | CHAP-C NODE C.49 DEPENDS
BP.C.49	BP.C.32	proof-dep	C	OPEN	blueprint	from:exact,to:exact	blueprint	source=blueprint | CHAP-C NODE C.49 DEPENDS
BP.C.49	BP.C.48	proof-dep	C	OPEN	blueprint	from:exact,to:exact	blueprint	source=blueprint | CHAP-C NODE C.49 DEPENDS
BP.C.49	BP.C.61	proof-dep	C	OPEN	blueprint	from:exact,to:exact	blueprint	source=blueprint | CHAP-C NODE C.49 DEPENDS
BP.C.49	BP.C.62	proof-dep	C	OPEN	blueprint	from:exact,to:exact	blueprint	source=blueprint | CHAP-C NODE C.49 DEPENDS
BP.C.49	BP.C.56	proof-dep	C	OPEN	blueprint	from:exact,to:exact	blueprint	source=blueprint | CHAP-C NODE C.49 DEPENDS
BP.C.49	BP.C.57	proof-dep	C	OPEN	blueprint	from:exact,to:exact	blueprint	source=blueprint | CHAP-C NODE C.49 DEPENDS
BP.C.50	EFF.GENTOW1.07	stmt-dep	C	OPEN	blueprint	from:exact,to:exact	blueprint	source=blueprint | CHAP-C NODE C.50 SOURCE (transcription)
BP.C.50	EFF.GENTOW1.08	stmt-dep	C	OPEN	blueprint	from:exact,to:exact	blueprint	source=blueprint | CHAP-C NODE C.50 SOURCE (transcription)
BP.C.50	BP.C.42	proof-dep	C	OPEN	blueprint	from:exact,to:exact	blueprint	source=blueprint | CHAP-C NODE C.50 DEPENDS
BP.C.51	EFF.GENTOW1.14	stmt-dep	C	OPEN	blueprint	from:exact,to:exact	blueprint	source=blueprint | CHAP-C NODE C.51 SOURCE (transcription)
BP.C.51	BP.C.25	proof-dep	C	OPEN	blueprint	from:exact,to:exact	blueprint	source=blueprint | CHAP-C NODE C.51 DEPENDS
BP.C.51	BP.C.29	proof-dep	C	OPEN	blueprint	from:exact,to:exact	blueprint	source=blueprint | CHAP-C NODE C.51 DEPENDS
BP.C.51	BP.C.42	proof-dep	C	OPEN	blueprint	from:exact,to:exact	blueprint	source=blueprint | CHAP-C NODE C.51 DEPENDS
BP.C.51	BP.C.44	proof-dep	C	OPEN	blueprint	from:exact,to:exact	blueprint	source=blueprint | CHAP-C NODE C.51 DEPENDS
BP.C.52	EFF.GENTOW1.15	stmt-dep	C	OPEN	blueprint	from:exact,to:exact	blueprint	source=blueprint | CHAP-C NODE C.52 SOURCE (transcription)
BP.C.52	BP.C.42	proof-dep	C	OPEN	blueprint	from:exact,to:exact	blueprint	source=blueprint | CHAP-C NODE C.52 DEPENDS
BP.C.52	BP.C.43	proof-dep	C	OPEN	blueprint	from:exact,to:exact	blueprint	source=blueprint | CHAP-C NODE C.52 DEPENDS
BP.C.52	BP.C.47	proof-dep	C	OPEN	blueprint	from:exact,to:exact	blueprint	source=blueprint | CHAP-C NODE C.52 DEPENDS
BP.C.52	BP.C.50	proof-dep	C	OPEN	blueprint	from:exact,to:exact	blueprint	source=blueprint | CHAP-C NODE C.52 DEPENDS
BP.C.52	BP.C.51	proof-dep	C	OPEN	blueprint	from:exact,to:exact	blueprint	source=blueprint | CHAP-C NODE C.52 DEPENDS
BP.C.52	BP.B.02	proof-dep	C	OPEN	blueprint	from:exact,to:exact	blueprint	source=blueprint | CHAP-C NODE C.52 DEPENDS
BP.C.52	BP.B.06	proof-dep	C	OPEN	blueprint	from:exact,to:exact	blueprint	source=blueprint | CHAP-C NODE C.52 DEPENDS
BP.C.52	BP.C.20	proof-dep	C	OPEN	blueprint	from:exact,to:exact	blueprint	source=blueprint | CHAP-C NODE C.52 DEPENDS
BP.C.53	EFF.GENTOW1.16	stmt-dep	C	OPEN	blueprint	from:exact,to:exact	blueprint	source=blueprint | CHAP-C NODE C.53 SOURCE (transcription)
BP.C.53	EFF.GENTOW1.22	stmt-dep	C	OPEN	blueprint	from:exact,to:exact	blueprint	source=blueprint | CHAP-C NODE C.53 SOURCE (transcription)
BP.C.53	EFF.GENTOW1.26	stmt-dep	C	OPEN	blueprint	from:exact,to:exact	blueprint	source=blueprint | CHAP-C NODE C.53 SOURCE (transcription)
BP.C.53	BP.C.52	proof-dep	C	OPEN	blueprint	from:exact,to:exact	blueprint	source=blueprint | CHAP-C NODE C.53 DEPENDS
BP.C.54	EFF.GENTOW1.17	stmt-dep	C	OPEN	blueprint	from:exact,to:exact	blueprint	source=blueprint | CHAP-C NODE C.54 SOURCE (transcription)
BP.C.54	BP.C.11	proof-dep	C	OPEN	blueprint	from:exact,to:exact	blueprint	source=blueprint | CHAP-C NODE C.54 DEPENDS
BP.C.54	BP.C.27	proof-dep	C	OPEN	blueprint	from:exact,to:exact	blueprint	source=blueprint | CHAP-C NODE C.54 DEPENDS
BP.C.54	BP.C.43	proof-dep	C	OPEN	blueprint	from:exact,to:exact	blueprint	source=blueprint | CHAP-C NODE C.54 DEPENDS
BP.C.54	BP.C.46	proof-dep	C	OPEN	blueprint	from:exact,to:exact	blueprint	source=blueprint | CHAP-C NODE C.54 DEPENDS
BP.C.54	BP.C.52	proof-dep	C	OPEN	blueprint	from:exact,to:exact	blueprint	source=blueprint | CHAP-C NODE C.54 DEPENDS
BP.C.54	BP.H.51	proof-dep	C	OPEN	blueprint	from:exact,to:exact	blueprint	source=blueprint | CHAP-C NODE C.54 DEPENDS
BP.C.54	BP.H.52	proof-dep	C	OPEN	blueprint	from:exact,to:exact	blueprint	source=blueprint | CHAP-C NODE C.54 DEPENDS
BP.C.54	BP.C.23	proof-dep	C	OPEN	blueprint	from:exact,to:exact	blueprint	source=blueprint | CHAP-C NODE C.54 DEPENDS
BP.C.55	EFF.GENTOW1.25	stmt-dep	C	OPEN	blueprint	from:exact,to:exact	blueprint	source=blueprint | CHAP-C NODE C.55 SOURCE (transcription)
BP.C.55	BP.C.11	proof-dep	C	OPEN	blueprint	from:exact,to:exact	blueprint	source=blueprint | CHAP-C NODE C.55 DEPENDS
BP.C.55	BP.C.50	proof-dep	C	OPEN	blueprint	from:exact,to:exact	blueprint	source=blueprint | CHAP-C NODE C.55 DEPENDS
BP.C.55	BP.C.54	proof-dep	C	OPEN	blueprint	from:exact,to:exact	blueprint	source=blueprint | CHAP-C NODE C.55 DEPENDS
BP.C.56a	EFF.GENTOW1.27	stmt-dep	C	OPEN	blueprint	from:exact,to:exact	blueprint	source=blueprint | CHAP-C NODE C.56a SOURCE (transcription)
BP.C.56a	EFF.GENTOW1.53	stmt-dep	C	OPEN	blueprint	from:exact,to:exact	blueprint	source=blueprint | CHAP-C NODE C.56a SOURCE (transcription)
BP.C.56a	BP.C.15	proof-dep	C	OPEN	blueprint	from:exact,to:exact	blueprint	source=blueprint | CHAP-C NODE C.56a DEPENDS
BP.C.56a	BP.C.16	proof-dep	C	OPEN	blueprint	from:exact,to:exact	blueprint	source=blueprint | CHAP-C NODE C.56a DEPENDS
BP.C.56a	BP.C.28	proof-dep	C	OPEN	blueprint	from:exact,to:exact	blueprint	source=blueprint | CHAP-C NODE C.56a DEPENDS
BP.C.56a	BP.C.42	proof-dep	C	OPEN	blueprint	from:exact,to:exact	blueprint	source=blueprint | CHAP-C NODE C.56a DEPENDS
BP.C.56a	BP.C.44	proof-dep	C	OPEN	blueprint	from:exact,to:exact	blueprint	source=blueprint | CHAP-C NODE C.56a DEPENDS
BP.C.56a	BP.C.50	proof-dep	C	OPEN	blueprint	from:exact,to:exact	blueprint	source=blueprint | CHAP-C NODE C.56a DEPENDS
BP.C.56a	BP.H.51	proof-dep	C	OPEN	blueprint	from:exact,to:exact	blueprint	source=blueprint | CHAP-C NODE C.56a DEPENDS
BP.C.56a	BP.H.52	proof-dep	C	OPEN	blueprint	from:exact,to:exact	blueprint	source=blueprint | CHAP-C NODE C.56a DEPENDS
BP.C.56a	BP.H.54	proof-dep	C	OPEN	blueprint	from:exact,to:exact	blueprint	source=blueprint | CHAP-C NODE C.56a DEPENDS
BP.C.56a	BP.H.56	proof-dep	C	OPEN	blueprint	from:exact,to:exact	blueprint	source=blueprint | CHAP-C NODE C.56a DEPENDS
BP.C.56	EFF.GENTOW1.28	stmt-dep	C	OPEN	blueprint	from:exact,to:exact	blueprint	source=blueprint | CHAP-C NODE C.56 SOURCE (transcription)
BP.C.56	BP.C.28	proof-dep	C	OPEN	blueprint	from:exact,to:exact	blueprint	source=blueprint | CHAP-C NODE C.56 DEPENDS
BP.C.56	BP.C.43	proof-dep	C	OPEN	blueprint	from:exact,to:exact	blueprint	source=blueprint | CHAP-C NODE C.56 DEPENDS
BP.C.56	BP.C.47	proof-dep	C	OPEN	blueprint	from:exact,to:exact	blueprint	source=blueprint | CHAP-C NODE C.56 DEPENDS
BP.C.56	BP.C.50	proof-dep	C	OPEN	blueprint	from:exact,to:exact	blueprint	source=blueprint | CHAP-C NODE C.56 DEPENDS
BP.C.56	BP.C.52	proof-dep	C	OPEN	blueprint	from:exact,to:exact	blueprint	source=blueprint | CHAP-C NODE C.56 DEPENDS
BP.C.56	BP.C.56a	proof-dep	C	OPEN	blueprint	from:exact,to:exact	blueprint	source=blueprint | CHAP-C NODE C.56 DEPENDS
BP.C.56	BP.C.85	proof-dep	C	OPEN	blueprint	from:exact,to:exact	blueprint	source=blueprint | CHAP-C NODE C.56 DEPENDS
BP.C.56	BP.H.51	proof-dep	C	OPEN	blueprint	from:exact,to:exact	blueprint	source=blueprint | CHAP-C NODE C.56 DEPENDS
BP.C.56	BP.H.52	proof-dep	C	OPEN	blueprint	from:exact,to:exact	blueprint	source=blueprint | CHAP-C NODE C.56 DEPENDS
BP.C.57	EFF.GENTOW1.30	stmt-dep	C	OPEN	blueprint	from:exact,to:exact	blueprint	source=blueprint | CHAP-C NODE C.57 SOURCE (transcription)
BP.C.57	BP.C.53	proof-dep	C	OPEN	blueprint	from:exact,to:exact	blueprint	source=blueprint | CHAP-C NODE C.57 DEPENDS
BP.C.57	BP.C.56	proof-dep	C	OPEN	blueprint	from:exact,to:exact	blueprint	source=blueprint | CHAP-C NODE C.57 DEPENDS
BP.C.57	BP.C.11	proof-dep	C	OPEN	blueprint	from:exact,to:exact	blueprint	source=blueprint | CHAP-C NODE C.57 DEPENDS
BP.C.58	EFF.GENTOW1.35	stmt-dep	C	OPEN	blueprint	from:exact,to:exact	blueprint	source=blueprint | CHAP-C NODE C.58 SOURCE (transcription)
BP.C.58	BP.C.11	proof-dep	C	OPEN	blueprint	from:exact,to:exact	blueprint	source=blueprint | CHAP-C NODE C.58 DEPENDS
BP.C.58	BP.C.12	proof-dep	C	OPEN	blueprint	from:exact,to:exact	blueprint	source=blueprint | CHAP-C NODE C.58 DEPENDS
BP.C.58	BP.C.19	proof-dep	C	OPEN	blueprint	from:exact,to:exact	blueprint	source=blueprint | CHAP-C NODE C.58 DEPENDS
BP.C.58	BP.C.50	proof-dep	C	OPEN	blueprint	from:exact,to:exact	blueprint	source=blueprint | CHAP-C NODE C.58 DEPENDS
BP.C.58	BP.C.52	proof-dep	C	OPEN	blueprint	from:exact,to:exact	blueprint	source=blueprint | CHAP-C NODE C.58 DEPENDS
BP.C.58	BP.C.53	proof-dep	C	OPEN	blueprint	from:exact,to:exact	blueprint	source=blueprint | CHAP-C NODE C.58 DEPENDS
BP.C.58	BP.C.56	proof-dep	C	OPEN	blueprint	from:exact,to:exact	blueprint	source=blueprint | CHAP-C NODE C.58 DEPENDS
BP.C.58	BP.H.53	proof-dep	C	OPEN	blueprint	from:exact,to:exact	blueprint	source=blueprint | CHAP-C NODE C.58 DEPENDS
BP.C.59	EFF.HE6.18	stmt-dep	C	OPEN	blueprint	from:exact,to:exact	blueprint	source=blueprint | CHAP-C NODE C.59 SOURCE (transcription)
BP.C.59	EFF.HE6R1.16	stmt-dep	C	OPEN	blueprint	from:exact,to:exact	blueprint	source=blueprint | CHAP-C NODE C.59 SOURCE (transcription)
BP.C.59	BP.C.27	proof-dep	C	OPEN	blueprint	from:exact,to:exact	blueprint	source=blueprint | CHAP-C NODE C.59 DEPENDS
BP.C.59	BP.C.29	proof-dep	C	OPEN	blueprint	from:exact,to:exact	blueprint	source=blueprint | CHAP-C NODE C.59 DEPENDS
BP.C.59	BP.B.49	proof-dep	C	OPEN	blueprint	from:exact,to:exact	blueprint	source=blueprint | CHAP-C NODE C.59 DEPENDS
BP.C.59	BP.B.54	proof-dep	C	OPEN	blueprint	from:exact,to:exact	blueprint	source=blueprint | CHAP-C NODE C.59 DEPENDS
BP.C.60	EFF.HE6.29	stmt-dep	C	OPEN	blueprint	from:exact,to:exact	blueprint	source=blueprint | CHAP-C NODE C.60 SOURCE (transcription)
BP.C.60	BP.C.09	proof-dep	C	OPEN	blueprint	from:exact,to:exact	blueprint	source=blueprint | CHAP-C NODE C.60 DEPENDS
BP.C.60	BP.B.55	proof-dep	C	OPEN	blueprint	from:exact,to:exact	blueprint	source=blueprint | CHAP-C NODE C.60 DEPENDS
BP.C.60	BP.B.56	proof-dep	C	OPEN	blueprint	from:exact,to:exact	blueprint	source=blueprint | CHAP-C NODE C.60 DEPENDS
BP.C.60	BP.B.62	proof-dep	C	OPEN	blueprint	from:exact,to:exact	blueprint	source=blueprint | CHAP-C NODE C.60 DEPENDS
BP.C.61	EFF.HE6R1.16	stmt-dep	C	OPEN	blueprint	from:exact,to:exact	blueprint	source=blueprint | CHAP-C NODE C.61 SOURCE (transcription)
BP.C.61	BP.C.10	proof-dep	C	OPEN	blueprint	from:exact,to:exact	blueprint	source=blueprint | CHAP-C NODE C.61 DEPENDS
BP.C.61	BP.C.26	proof-dep	C	OPEN	blueprint	from:exact,to:exact	blueprint	source=blueprint | CHAP-C NODE C.61 DEPENDS
BP.C.61	BP.C.29	proof-dep	C	OPEN	blueprint	from:exact,to:exact	blueprint	source=blueprint | CHAP-C NODE C.61 DEPENDS
BP.C.61	BP.C.33	proof-dep	C	OPEN	blueprint	from:exact,to:exact	blueprint	source=blueprint | CHAP-C NODE C.61 DEPENDS
BP.C.61	BP.C.34	proof-dep	C	OPEN	blueprint	from:exact,to:exact	blueprint	source=blueprint | CHAP-C NODE C.61 DEPENDS
BP.C.61	BP.C.59	proof-dep	C	OPEN	blueprint	from:exact,to:exact	blueprint	source=blueprint | CHAP-C NODE C.61 DEPENDS
BP.C.61	BP.C.60	proof-dep	C	OPEN	blueprint	from:exact,to:exact	blueprint	source=blueprint | CHAP-C NODE C.61 DEPENDS
BP.C.62	EFF.HETOW.23	stmt-dep	C	OPEN	blueprint	from:exact,to:exact	blueprint	source=blueprint | CHAP-C NODE C.62 SOURCE (transcription)
BP.C.62	BP.C.11	proof-dep	C	OPEN	blueprint	from:exact,to:exact	blueprint	source=blueprint | CHAP-C NODE C.62 DEPENDS
BP.C.62	BP.C.12	proof-dep	C	OPEN	blueprint	from:exact,to:exact	blueprint	source=blueprint | CHAP-C NODE C.62 DEPENDS
BP.C.62	BP.C.44	proof-dep	C	OPEN	blueprint	from:exact,to:exact	blueprint	source=blueprint | CHAP-C NODE C.62 DEPENDS
BP.C.62	BP.C.45	proof-dep	C	OPEN	blueprint	from:exact,to:exact	blueprint	source=blueprint | CHAP-C NODE C.62 DEPENDS
BP.C.62	BP.C.59	proof-dep	C	OPEN	blueprint	from:exact,to:exact	blueprint	source=blueprint | CHAP-C NODE C.62 DEPENDS
BP.C.62	BP.C.60	proof-dep	C	OPEN	blueprint	from:exact,to:exact	blueprint	source=blueprint | CHAP-C NODE C.62 DEPENDS
BP.C.62	BP.C.61	proof-dep	C	OPEN	blueprint	from:exact,to:exact	blueprint	source=blueprint | CHAP-C NODE C.62 DEPENDS
BP.C.63	EFF.HE6.18	stmt-dep	C	OPEN	blueprint	from:exact,to:exact	blueprint	source=blueprint | CHAP-C NODE C.63 SOURCE (transcription)
BP.C.63	EFF.HE6.32	stmt-dep	C	OPEN	blueprint	from:exact,to:exact	blueprint	source=blueprint | CHAP-C NODE C.63 SOURCE (transcription)
BP.C.63	EFF.HE6.19	stmt-dep	C	OPEN	blueprint	from:exact,to:exact	blueprint	source=blueprint | CHAP-C NODE C.63 SOURCE (transcription)
BP.C.63	BP.C.26	proof-dep	C	OPEN	blueprint	from:exact,to:exact	blueprint	source=blueprint | CHAP-C NODE C.63 DEPENDS
BP.C.63	BP.C.33	proof-dep	C	OPEN	blueprint	from:exact,to:exact	blueprint	source=blueprint | CHAP-C NODE C.63 DEPENDS
BP.C.63	BP.C.34	proof-dep	C	OPEN	blueprint	from:exact,to:exact	blueprint	source=blueprint | CHAP-C NODE C.63 DEPENDS
BP.C.63	BP.C.61	proof-dep	C	OPEN	blueprint	from:exact,to:exact	blueprint	source=blueprint | CHAP-C NODE C.63 DEPENDS
BP.C.63	BP.B.26	proof-dep	C	OPEN	blueprint	from:exact,to:exact	blueprint	source=blueprint | CHAP-C NODE C.63 DEPENDS
BP.C.63	BP.B.27	proof-dep	C	OPEN	blueprint	from:exact,to:exact	blueprint	source=blueprint | CHAP-C NODE C.63 DEPENDS
BP.C.64	EFF.HE6R1.13	stmt-dep	C	OPEN	blueprint	from:exact,to:exact	blueprint	source=blueprint | CHAP-C NODE C.64 SOURCE (transcription)
BP.C.64	EFF.HE6R1.21	stmt-dep	C	OPEN	blueprint	from:exact,to:exact	blueprint	source=blueprint | CHAP-C NODE C.64 SOURCE (transcription)
BP.C.64	BP.C.35	proof-dep	C	OPEN	blueprint	from:exact,to:exact	blueprint	source=blueprint | CHAP-C NODE C.64 DEPENDS
BP.C.64	BP.C.36	proof-dep	C	OPEN	blueprint	from:exact,to:exact	blueprint	source=blueprint | CHAP-C NODE C.64 DEPENDS
BP.C.64	BP.C.37	proof-dep	C	OPEN	blueprint	from:exact,to:exact	blueprint	source=blueprint | CHAP-C NODE C.64 DEPENDS
BP.C.64	BP.C.65	proof-dep	C	OPEN	blueprint	from:exact,to:exact	blueprint	source=blueprint | CHAP-C NODE C.64 DEPENDS
BP.C.65	EFF.HE6R1.13	stmt-dep	C	OPEN	blueprint	from:exact,to:exact	blueprint	source=blueprint | CHAP-C NODE C.65 SOURCE (transcription)
BP.C.65	EFF.HE6R1.14	stmt-dep	C	OPEN	blueprint	from:exact,to:exact	blueprint	source=blueprint | CHAP-C NODE C.65 SOURCE (transcription)
BP.C.65	BP.C.11	proof-dep	C	OPEN	blueprint	from:exact,to:exact	blueprint	source=blueprint | CHAP-C NODE C.65 DEPENDS
BP.C.65	BP.C.36	proof-dep	C	OPEN	blueprint	from:exact,to:exact	blueprint	source=blueprint | CHAP-C NODE C.65 DEPENDS
BP.C.65	BP.C.37	proof-dep	C	OPEN	blueprint	from:exact,to:exact	blueprint	source=blueprint | CHAP-C NODE C.65 DEPENDS
BP.C.65	BP.C.38a	proof-dep	C	OPEN	blueprint	from:exact,to:exact	blueprint	source=blueprint | CHAP-C NODE C.65 DEPENDS
BP.C.65	BP.C.13	proof-dep	C	OPEN	blueprint	from:exact,to:exact	blueprint	source=blueprint | CHAP-C NODE C.65 DEPENDS
BP.C.66	EFF.GENTOW6.09	stmt-dep	C	OPEN	blueprint	from:exact,to:exact	blueprint	source=blueprint | CHAP-C NODE C.66 SOURCE (transcription)
BP.C.66	BP.C.25	proof-dep	C	OPEN	blueprint	from:exact,to:exact	blueprint	source=blueprint | CHAP-C NODE C.66 DEPENDS
BP.C.66	BP.C.97	proof-dep	C	OPEN	blueprint	from:exact,to:exact	blueprint	source=blueprint | CHAP-C NODE C.66 DEPENDS
BP.C.66	BP.C.98	proof-dep	C	OPEN	blueprint	from:exact,to:exact	blueprint	source=blueprint | CHAP-C NODE C.66 DEPENDS
BP.C.67	EFF.GENTOW6.07	stmt-dep	C	OPEN	blueprint	from:exact,to:exact	blueprint	source=blueprint | CHAP-C NODE C.67 SOURCE (transcription)
BP.C.67	EFF.GENTOW4.36	stmt-dep	C	OPEN	blueprint	from:exact,to:exact	blueprint	source=blueprint | CHAP-C NODE C.67 SOURCE (transcription)
BP.C.67	BP.C.26	proof-dep	C	OPEN	blueprint	from:exact,to:exact	blueprint	source=blueprint | CHAP-C NODE C.67 DEPENDS
BP.C.67	BP.C.33	proof-dep	C	OPEN	blueprint	from:exact,to:exact	blueprint	source=blueprint | CHAP-C NODE C.67 DEPENDS
BP.C.67	BP.C.34	proof-dep	C	OPEN	blueprint	from:exact,to:exact	blueprint	source=blueprint | CHAP-C NODE C.67 DEPENDS
BP.C.67	BP.C.35	proof-dep	C	OPEN	blueprint	from:exact,to:exact	blueprint	source=blueprint | CHAP-C NODE C.67 DEPENDS
BP.C.67	BP.C.66	proof-dep	C	OPEN	blueprint	from:exact,to:exact	blueprint	source=blueprint | CHAP-C NODE C.67 DEPENDS
BP.C.68	EFF.GENTOW4.33	stmt-dep	C	OPEN	blueprint	from:exact,to:exact	blueprint	source=blueprint | CHAP-C NODE C.68 SOURCE (transcription)
BP.C.68	EFF.HE6R1.13	stmt-dep	C	OPEN	blueprint	from:exact,to:exact	blueprint	source=blueprint | CHAP-C NODE C.68 SOURCE (transcription)
BP.C.68	BP.C.37	proof-dep	C	OPEN	blueprint	from:exact,to:exact	blueprint	source=blueprint | CHAP-C NODE C.68 DEPENDS
BP.C.68	BP.C.38	proof-dep	C	OPEN	blueprint	from:exact,to:exact	blueprint	source=blueprint | CHAP-C NODE C.68 DEPENDS
BP.C.68	BP.C.39	proof-dep	C	OPEN	blueprint	from:exact,to:exact	blueprint	source=blueprint | CHAP-C NODE C.68 DEPENDS
BP.C.69	BP.C.63	proof-dep	C	OPEN	blueprint	from:exact,to:exact	blueprint	source=blueprint | CHAP-C NODE C.69 DEPENDS
BP.C.69	BP.C.64	proof-dep	C	OPEN	blueprint	from:exact,to:exact	blueprint	source=blueprint | CHAP-C NODE C.69 DEPENDS
BP.C.69	BP.C.65	proof-dep	C	OPEN	blueprint	from:exact,to:exact	blueprint	source=blueprint | CHAP-C NODE C.69 DEPENDS
BP.C.69	BP.C.67	proof-dep	C	OPEN	blueprint	from:exact,to:exact	blueprint	source=blueprint | CHAP-C NODE C.69 DEPENDS
BP.C.70	EFF.HE6R1.10	stmt-dep	C	OPEN	blueprint	from:exact,to:exact	blueprint	source=blueprint | CHAP-C NODE C.70 SOURCE (transcription)
BP.C.70	EFF.HE6R1.12	stmt-dep	C	OPEN	blueprint	from:exact,to:exact	blueprint	source=blueprint | CHAP-C NODE C.70 SOURCE (transcription)
BP.C.70	BP.C.08	proof-dep	C	OPEN	blueprint	from:exact,to:exact	blueprint	source=blueprint | CHAP-C NODE C.70 DEPENDS
BP.C.70	BP.C.26	proof-dep	C	OPEN	blueprint	from:exact,to:exact	blueprint	source=blueprint | CHAP-C NODE C.70 DEPENDS
BP.C.70	BP.C.33	proof-dep	C	OPEN	blueprint	from:exact,to:exact	blueprint	source=blueprint | CHAP-C NODE C.70 DEPENDS
BP.C.70	BP.C.67	proof-dep	C	OPEN	blueprint	from:exact,to:exact	blueprint	source=blueprint | CHAP-C NODE C.70 DEPENDS
BP.C.70	BP.C.63	proof-dep	C	OPEN	blueprint	from:exact,to:exact	blueprint	source=blueprint | CHAP-C NODE C.70 DEPENDS
BP.C.71	EFF.GENTOW3.16	stmt-dep	C	OPEN	blueprint	from:exact,to:exact	blueprint	source=blueprint | CHAP-C NODE C.71 SOURCE (transcription)
BP.C.71	EFF.GENTOW3.18	stmt-dep	C	OPEN	blueprint	from:exact,to:exact	blueprint	source=blueprint | CHAP-C NODE C.71 SOURCE (transcription)
BP.C.71	BP.B.02	proof-dep	C	OPEN	blueprint	from:exact,to:exact	blueprint	source=blueprint | CHAP-C NODE C.71 DEPENDS
BP.C.71	BP.C.42	proof-dep	C	OPEN	blueprint	from:exact,to:exact	blueprint	source=blueprint | CHAP-C NODE C.71 DEPENDS
BP.C.71	BP.C.43	proof-dep	C	OPEN	blueprint	from:exact,to:exact	blueprint	source=blueprint | CHAP-C NODE C.71 DEPENDS
BP.C.71	BP.C.50	proof-dep	C	OPEN	blueprint	from:exact,to:exact	blueprint	source=blueprint | CHAP-C NODE C.71 DEPENDS
BP.C.72	EFF.GENTOW3.18	stmt-dep	C	OPEN	blueprint	from:exact,to:exact	blueprint	source=blueprint | CHAP-C NODE C.72 SOURCE (transcription)
BP.C.72	BP.C.11	proof-dep	C	OPEN	blueprint	from:exact,to:exact	blueprint	source=blueprint | CHAP-C NODE C.72 DEPENDS
BP.C.72	BP.C.50	proof-dep	C	OPEN	blueprint	from:exact,to:exact	blueprint	source=blueprint | CHAP-C NODE C.72 DEPENDS
BP.C.72	BP.C.52	proof-dep	C	OPEN	blueprint	from:exact,to:exact	blueprint	source=blueprint | CHAP-C NODE C.72 DEPENDS
BP.C.72	BP.C.71	proof-dep	C	OPEN	blueprint	from:exact,to:exact	blueprint	source=blueprint | CHAP-C NODE C.72 DEPENDS
BP.C.73	EFF.GENTOW3.17	stmt-dep	C	OPEN	blueprint	from:exact,to:exact	blueprint	source=blueprint | CHAP-C NODE C.73 SOURCE (transcription)
BP.C.73	BP.C.43	proof-dep	C	OPEN	blueprint	from:exact,to:exact	blueprint	source=blueprint | CHAP-C NODE C.73 DEPENDS
BP.C.73	BP.C.71	proof-dep	C	OPEN	blueprint	from:exact,to:exact	blueprint	source=blueprint | CHAP-C NODE C.73 DEPENDS
BP.C.73	BP.C.52	proof-dep	C	OPEN	blueprint	from:exact,to:exact	blueprint	source=blueprint | CHAP-C NODE C.73 DEPENDS
BP.C.74	EFF.GENTOW3.21	stmt-dep	C	OPEN	blueprint	from:exact,to:exact	blueprint	source=blueprint | CHAP-C NODE C.74 SOURCE (transcription)
BP.C.74	BP.C.43	proof-dep	C	OPEN	blueprint	from:exact,to:exact	blueprint	source=blueprint | CHAP-C NODE C.74 DEPENDS
BP.C.74	BP.C.52	proof-dep	C	OPEN	blueprint	from:exact,to:exact	blueprint	source=blueprint | CHAP-C NODE C.74 DEPENDS
BP.C.74	BP.C.53	proof-dep	C	OPEN	blueprint	from:exact,to:exact	blueprint	source=blueprint | CHAP-C NODE C.74 DEPENDS
BP.C.74	BP.C.71	proof-dep	C	OPEN	blueprint	from:exact,to:exact	blueprint	source=blueprint | CHAP-C NODE C.74 DEPENDS
BP.C.74	BP.C.72	proof-dep	C	OPEN	blueprint	from:exact,to:exact	blueprint	source=blueprint | CHAP-C NODE C.74 DEPENDS
BP.C.74	BP.C.73	proof-dep	C	OPEN	blueprint	from:exact,to:exact	blueprint	source=blueprint | CHAP-C NODE C.74 DEPENDS
BP.C.75	EFF.GENTOW3.29	stmt-dep	C	OPEN	blueprint	from:exact,to:exact	blueprint	source=blueprint | CHAP-C NODE C.75 SOURCE (transcription)
BP.C.75	BP.C.50	proof-dep	C	OPEN	blueprint	from:exact,to:exact	blueprint	source=blueprint | CHAP-C NODE C.75 DEPENDS
BP.C.75	BP.C.52	proof-dep	C	OPEN	blueprint	from:exact,to:exact	blueprint	source=blueprint | CHAP-C NODE C.75 DEPENDS
BP.C.75	BP.C.71	proof-dep	C	OPEN	blueprint	from:exact,to:exact	blueprint	source=blueprint | CHAP-C NODE C.75 DEPENDS
BP.C.75	BP.C.72	proof-dep	C	OPEN	blueprint	from:exact,to:exact	blueprint	source=blueprint | CHAP-C NODE C.75 DEPENDS
BP.C.76	EFF.GENTOW4.11	stmt-dep	C	OPEN	blueprint	from:exact,to:exact	blueprint	source=blueprint | CHAP-C NODE C.76 SOURCE (transcription)
BP.C.76	EFF.GENTOW4.15	stmt-dep	C	OPEN	blueprint	from:exact,to:exact	blueprint	source=blueprint | CHAP-C NODE C.76 SOURCE (transcription)
BP.C.76	BP.C.07	proof-dep	C	OPEN	blueprint	from:exact,to:exact	blueprint	source=blueprint | CHAP-C NODE C.76 DEPENDS
BP.C.76	BP.C.26	proof-dep	C	OPEN	blueprint	from:exact,to:exact	blueprint	source=blueprint | CHAP-C NODE C.76 DEPENDS
BP.C.76	BP.C.30	proof-dep	C	OPEN	blueprint	from:exact,to:exact	blueprint	source=blueprint | CHAP-C NODE C.76 DEPENDS
BP.C.76	BP.C.40	proof-dep	C	OPEN	blueprint	from:exact,to:exact	blueprint	source=blueprint | CHAP-C NODE C.76 DEPENDS
BP.C.76	BP.C.44	proof-dep	C	OPEN	blueprint	from:exact,to:exact	blueprint	source=blueprint | CHAP-C NODE C.76 DEPENDS
BP.C.76	BP.C.47	proof-dep	C	OPEN	blueprint	from:exact,to:exact	blueprint	source=blueprint | CHAP-C NODE C.76 DEPENDS
BP.C.76	BP.C.61	proof-dep	C	OPEN	blueprint	from:exact,to:exact	blueprint	source=blueprint | CHAP-C NODE C.76 DEPENDS
BP.C.77	EFF.GENTOW4.18	stmt-dep	C	OPEN	blueprint	from:exact,to:exact	blueprint	source=blueprint | CHAP-C NODE C.77 SOURCE (transcription)
BP.C.77	BP.C.33	proof-dep	C	OPEN	blueprint	from:exact,to:exact	blueprint	source=blueprint | CHAP-C NODE C.77 DEPENDS
BP.C.77	BP.C.34	proof-dep	C	OPEN	blueprint	from:exact,to:exact	blueprint	source=blueprint | CHAP-C NODE C.77 DEPENDS
BP.C.77	BP.C.35	proof-dep	C	OPEN	blueprint	from:exact,to:exact	blueprint	source=blueprint | CHAP-C NODE C.77 DEPENDS
BP.C.77	BP.C.36	proof-dep	C	OPEN	blueprint	from:exact,to:exact	blueprint	source=blueprint | CHAP-C NODE C.77 DEPENDS
BP.C.77	BP.C.37	proof-dep	C	OPEN	blueprint	from:exact,to:exact	blueprint	source=blueprint | CHAP-C NODE C.77 DEPENDS
BP.C.77	BP.C.38	proof-dep	C	OPEN	blueprint	from:exact,to:exact	blueprint	source=blueprint | CHAP-C NODE C.77 DEPENDS
BP.C.77	BP.C.39	proof-dep	C	OPEN	blueprint	from:exact,to:exact	blueprint	source=blueprint | CHAP-C NODE C.77 DEPENDS
BP.C.77	BP.C.64	proof-dep	C	OPEN	blueprint	from:exact,to:exact	blueprint	source=blueprint | CHAP-C NODE C.77 DEPENDS
BP.C.77	BP.C.65	proof-dep	C	OPEN	blueprint	from:exact,to:exact	blueprint	source=blueprint | CHAP-C NODE C.77 DEPENDS
BP.C.77	BP.C.76	proof-dep	C	OPEN	blueprint	from:exact,to:exact	blueprint	source=blueprint | CHAP-C NODE C.77 DEPENDS
BP.C.78	EFF.GENTOW4.20	stmt-dep	C	OPEN	blueprint	from:exact,to:exact	blueprint	source=blueprint | CHAP-C NODE C.78 SOURCE (transcription)
BP.C.78	EFF.GENTOW4.52	stmt-dep	C	OPEN	blueprint	from:exact,to:exact	blueprint	source=blueprint | CHAP-C NODE C.78 SOURCE (transcription)
BP.C.78	BP.C.30	proof-dep	C	OPEN	blueprint	from:exact,to:exact	blueprint	source=blueprint | CHAP-C NODE C.78 DEPENDS
BP.C.78	BP.C.49	proof-dep	C	OPEN	blueprint	from:exact,to:exact	blueprint	source=blueprint | CHAP-C NODE C.78 DEPENDS
BP.C.78	BP.C.56	proof-dep	C	OPEN	blueprint	from:exact,to:exact	blueprint	source=blueprint | CHAP-C NODE C.78 DEPENDS
BP.C.78	BP.C.57	proof-dep	C	OPEN	blueprint	from:exact,to:exact	blueprint	source=blueprint | CHAP-C NODE C.78 DEPENDS
BP.C.78	BP.C.62	proof-dep	C	OPEN	blueprint	from:exact,to:exact	blueprint	source=blueprint | CHAP-C NODE C.78 DEPENDS
BP.C.78	BP.C.63	proof-dep	C	OPEN	blueprint	from:exact,to:exact	blueprint	source=blueprint | CHAP-C NODE C.78 DEPENDS
BP.C.78	BP.C.76	proof-dep	C	OPEN	blueprint	from:exact,to:exact	blueprint	source=blueprint | CHAP-C NODE C.78 DEPENDS
BP.C.78	BP.C.77	proof-dep	C	OPEN	blueprint	from:exact,to:exact	blueprint	source=blueprint | CHAP-C NODE C.78 DEPENDS
BP.C.79	EFF.GENTOW4.22	stmt-dep	C	OPEN	blueprint	from:exact,to:exact	blueprint	source=blueprint | CHAP-C NODE C.79 SOURCE (transcription)
BP.C.79	BP.C.38	proof-dep	C	OPEN	blueprint	from:exact,to:exact	blueprint	source=blueprint | CHAP-C NODE C.79 DEPENDS
BP.C.79	BP.C.39	proof-dep	C	OPEN	blueprint	from:exact,to:exact	blueprint	source=blueprint | CHAP-C NODE C.79 DEPENDS
BP.C.79	BP.C.56	proof-dep	C	OPEN	blueprint	from:exact,to:exact	blueprint	source=blueprint | CHAP-C NODE C.79 DEPENDS
BP.C.79	BP.C.57	proof-dep	C	OPEN	blueprint	from:exact,to:exact	blueprint	source=blueprint | CHAP-C NODE C.79 DEPENDS
BP.C.79	BP.C.62	proof-dep	C	OPEN	blueprint	from:exact,to:exact	blueprint	source=blueprint | CHAP-C NODE C.79 DEPENDS
BP.C.79	BP.C.77	proof-dep	C	OPEN	blueprint	from:exact,to:exact	blueprint	source=blueprint | CHAP-C NODE C.79 DEPENDS
BP.C.79	BP.C.78	proof-dep	C	OPEN	blueprint	from:exact,to:exact	blueprint	source=blueprint | CHAP-C NODE C.79 DEPENDS
BP.C.80	EFF.GENTOW4.24	stmt-dep	C	OPEN	blueprint	from:exact,to:exact	blueprint	source=blueprint | CHAP-C NODE C.80 SOURCE (transcription)
BP.C.80	EFF.GENTOW6.07	stmt-dep	C	OPEN	blueprint	from:exact,to:exact	blueprint	source=blueprint | CHAP-C NODE C.80 SOURCE (transcription)
BP.C.80	BP.C.34	proof-dep	C	OPEN	blueprint	from:exact,to:exact	blueprint	source=blueprint | CHAP-C NODE C.80 DEPENDS
BP.C.80	BP.C.64	proof-dep	C	OPEN	blueprint	from:exact,to:exact	blueprint	source=blueprint | CHAP-C NODE C.80 DEPENDS
BP.C.80	BP.C.70	proof-dep	C	OPEN	blueprint	from:exact,to:exact	blueprint	source=blueprint | CHAP-C NODE C.80 DEPENDS
BP.C.80	BP.C.67	proof-dep	C	OPEN	blueprint	from:exact,to:exact	blueprint	source=blueprint | CHAP-C NODE C.80 DEPENDS
BP.C.81	EFF.GENTOW4.26	stmt-dep	C	OPEN	blueprint	from:exact,to:exact	blueprint	source=blueprint | CHAP-C NODE C.81 SOURCE (transcription)
BP.C.81	BP.C.37	proof-dep	C	OPEN	blueprint	from:exact,to:exact	blueprint	source=blueprint | CHAP-C NODE C.81 DEPENDS
BP.C.81	BP.C.54	proof-dep	C	OPEN	blueprint	from:exact,to:exact	blueprint	source=blueprint | CHAP-C NODE C.81 DEPENDS
BP.C.81	BP.C.64	proof-dep	C	OPEN	blueprint	from:exact,to:exact	blueprint	source=blueprint | CHAP-C NODE C.81 DEPENDS
BP.C.81	BP.C.68	proof-dep	C	OPEN	blueprint	from:exact,to:exact	blueprint	source=blueprint | CHAP-C NODE C.81 DEPENDS
BP.C.81	BP.C.76	proof-dep	C	OPEN	blueprint	from:exact,to:exact	blueprint	source=blueprint | CHAP-C NODE C.81 DEPENDS
BP.C.81	BP.C.77	proof-dep	C	OPEN	blueprint	from:exact,to:exact	blueprint	source=blueprint | CHAP-C NODE C.81 DEPENDS
BP.C.82	EFF.GENTOW6.11	stmt-dep	C	OPEN	blueprint	from:exact,to:exact	blueprint	source=blueprint | CHAP-C NODE C.82 SOURCE (transcription)
BP.C.82	BP.C.52	proof-dep	C	OPEN	blueprint	from:exact,to:exact	blueprint	source=blueprint | CHAP-C NODE C.82 DEPENDS
BP.C.82	BP.C.53	proof-dep	C	OPEN	blueprint	from:exact,to:exact	blueprint	source=blueprint | CHAP-C NODE C.82 DEPENDS
BP.C.82	BP.C.77	proof-dep	C	OPEN	blueprint	from:exact,to:exact	blueprint	source=blueprint | CHAP-C NODE C.82 DEPENDS
BP.C.82	BP.C.81	proof-dep	C	OPEN	blueprint	from:exact,to:exact	blueprint	source=blueprint | CHAP-C NODE C.82 DEPENDS
BP.C.82	BP.C.89	proof-dep	C	OPEN	blueprint	from:exact,to:exact	blueprint	source=blueprint | CHAP-C NODE C.82 DEPENDS
BP.C.83	EFF.GENTOW5.s1of2.14	stmt-dep	C	OPEN	blueprint	from:exact,to:exact	blueprint	source=blueprint | CHAP-C NODE C.83 SOURCE (transcription); contiguous EFF.GENTOW5.14 (merged) — remap mechanical per GC-12
BP.C.83	EFF.GENTOW5.s1of2.21	stmt-dep	C	OPEN	blueprint	from:exact,to:exact	blueprint	source=blueprint | CHAP-C NODE C.83 SOURCE (transcription); contiguous EFF.GENTOW5.21 (merged) — remap mechanical per GC-12
BP.C.83	BP.C.01	proof-dep	C	OPEN	blueprint	from:exact,to:exact	blueprint	source=blueprint | CHAP-C NODE C.83 DEPENDS
BP.C.83	BP.C.09	proof-dep	C	OPEN	blueprint	from:exact,to:exact	blueprint	source=blueprint | CHAP-C NODE C.83 DEPENDS
BP.C.83	BP.C.12	proof-dep	C	OPEN	blueprint	from:exact,to:exact	blueprint	source=blueprint | CHAP-C NODE C.83 DEPENDS
BP.C.83	BP.C.15	proof-dep	C	OPEN	blueprint	from:exact,to:exact	blueprint	source=blueprint | CHAP-C NODE C.83 DEPENDS
BP.C.83	BP.C.16	proof-dep	C	OPEN	blueprint	from:exact,to:exact	blueprint	source=blueprint | CHAP-C NODE C.83 DEPENDS
BP.C.83	BP.C.28	proof-dep	C	OPEN	blueprint	from:exact,to:exact	blueprint	source=blueprint | CHAP-C NODE C.83 DEPENDS
BP.C.83	BP.C.42	proof-dep	C	OPEN	blueprint	from:exact,to:exact	blueprint	source=blueprint | CHAP-C NODE C.83 DEPENDS
BP.C.84	EFF.GENTOW5.s1of2.24	stmt-dep	C	OPEN	blueprint	from:exact,to:exact	blueprint	source=blueprint | CHAP-C NODE C.84 SOURCE (transcription); contiguous EFF.GENTOW5.24 (merged) — remap mechanical per GC-12
BP.C.84	BP.C.83	proof-dep	C	OPEN	blueprint	from:exact,to:exact	blueprint	source=blueprint | CHAP-C NODE C.84 DEPENDS
BP.C.84	BP.H.54	proof-dep	C	OPEN	blueprint	from:exact,to:exact	blueprint	source=blueprint | CHAP-C NODE C.84 DEPENDS
BP.C.84	BP.H.57	proof-dep	C	OPEN	blueprint	from:exact,to:exact	blueprint	source=blueprint | CHAP-C NODE C.84 DEPENDS
BP.C.84	BP.C.56a	proof-dep	C	OPEN	blueprint	from:exact,to:exact	blueprint	source=blueprint | CHAP-C NODE C.84 DEPENDS
BP.C.85	EFF.GENTOW5.s1of2.06	stmt-dep	C	OPEN	blueprint	from:exact,to:exact	blueprint	source=blueprint | CHAP-C NODE C.85 SOURCE (transcription); contiguous EFF.GENTOW5.06 (merged) — remap mechanical per GC-12
BP.C.85	BP.C.11	proof-dep	C	OPEN	blueprint	from:exact,to:exact	blueprint	source=blueprint | CHAP-C NODE C.85 DEPENDS
BP.C.85	BP.C.21	proof-dep	C	OPEN	blueprint	from:exact,to:exact	blueprint	source=blueprint | CHAP-C NODE C.85 DEPENDS
BP.C.85	BP.C.27	proof-dep	C	OPEN	blueprint	from:exact,to:exact	blueprint	source=blueprint | CHAP-C NODE C.85 DEPENDS
BP.C.85	BP.C.28	proof-dep	C	OPEN	blueprint	from:exact,to:exact	blueprint	source=blueprint | CHAP-C NODE C.85 DEPENDS
BP.C.85	BP.C.52	proof-dep	C	OPEN	blueprint	from:exact,to:exact	blueprint	source=blueprint | CHAP-C NODE C.85 DEPENDS
BP.C.85	BP.C.87	proof-dep	C	OPEN	blueprint	from:exact,to:exact	blueprint	source=blueprint | CHAP-C NODE C.85 DEPENDS
BP.C.85	BP.C.84	proof-dep	C	OPEN	blueprint	from:exact,to:exact	blueprint	source=blueprint | CHAP-C NODE C.85 DEPENDS
BP.C.86	EFF.GENTOW5.s1of2.11	stmt-dep	C	OPEN	blueprint	from:exact,to:exact	blueprint	source=blueprint | CHAP-C NODE C.86 SOURCE (transcription); contiguous EFF.GENTOW5.11 (merged) — remap mechanical per GC-12
BP.C.86	BP.C.56	proof-dep	C	OPEN	blueprint	from:exact,to:exact	blueprint	source=blueprint | CHAP-C NODE C.86 DEPENDS
BP.C.86	BP.C.57	proof-dep	C	OPEN	blueprint	from:exact,to:exact	blueprint	source=blueprint | CHAP-C NODE C.86 DEPENDS
BP.C.86	BP.C.85	proof-dep	C	OPEN	blueprint	from:exact,to:exact	blueprint	source=blueprint | CHAP-C NODE C.86 DEPENDS
BP.C.87	EFF.GENTOW5.s1of2.25	stmt-dep	C	OPEN	blueprint	from:exact,to:exact	blueprint	source=blueprint | CHAP-C NODE C.87 SOURCE (transcription); contiguous EFF.GENTOW5.25 (merged) — remap mechanical per GC-12
BP.C.87	BP.C.83	proof-dep	C	OPEN	blueprint	from:exact,to:exact	blueprint	source=blueprint | CHAP-C NODE C.87 DEPENDS
BP.C.87	BP.C.84	proof-dep	C	OPEN	blueprint	from:exact,to:exact	blueprint	source=blueprint | CHAP-C NODE C.87 DEPENDS
BP.C.87	BP.C.50	proof-dep	C	OPEN	blueprint	from:exact,to:exact	blueprint	source=blueprint | CHAP-C NODE C.87 DEPENDS
BP.C.87	BP.C.52	proof-dep	C	OPEN	blueprint	from:exact,to:exact	blueprint	source=blueprint | CHAP-C NODE C.87 DEPENDS
BP.C.88	EFF.GENTOW5.s1of2.22	stmt-dep	C	OPEN	blueprint	from:exact,to:exact	blueprint	source=blueprint | CHAP-C NODE C.88 SOURCE (transcription); contiguous EFF.GENTOW5.22 (merged) — remap mechanical per GC-12
BP.C.88	BP.C.23	proof-dep	C	OPEN	blueprint	from:exact,to:exact	blueprint	source=blueprint | CHAP-C NODE C.88 DEPENDS
BP.C.88	BP.C.24	proof-dep	C	OPEN	blueprint	from:exact,to:exact	blueprint	source=blueprint | CHAP-C NODE C.88 DEPENDS
BP.C.88	BP.C.27	proof-dep	C	OPEN	blueprint	from:exact,to:exact	blueprint	source=blueprint | CHAP-C NODE C.88 DEPENDS
BP.C.88	BP.C.83	proof-dep	C	OPEN	blueprint	from:exact,to:exact	blueprint	source=blueprint | CHAP-C NODE C.88 DEPENDS
BP.C.88	BP.C.84	proof-dep	C	OPEN	blueprint	from:exact,to:exact	blueprint	source=blueprint | CHAP-C NODE C.88 DEPENDS
BP.C.88	BP.C.87	proof-dep	C	OPEN	blueprint	from:exact,to:exact	blueprint	source=blueprint | CHAP-C NODE C.88 DEPENDS
BP.C.88	BP.H.51	proof-dep	C	OPEN	blueprint	from:exact,to:exact	blueprint	source=blueprint | CHAP-C NODE C.88 DEPENDS
BP.C.88	BP.H.53	proof-dep	C	OPEN	blueprint	from:exact,to:exact	blueprint	source=blueprint | CHAP-C NODE C.88 DEPENDS
BP.C.89	EFF.GENTOW5.s1of2.27	stmt-dep	C	OPEN	blueprint	from:exact,to:exact	blueprint	source=blueprint | CHAP-C NODE C.89 SOURCE (transcription); contiguous EFF.GENTOW5.27 (merged) — remap mechanical per GC-12
BP.C.89	BP.C.83	proof-dep	C	OPEN	blueprint	from:exact,to:exact	blueprint	source=blueprint | CHAP-C NODE C.89 DEPENDS
BP.C.89	BP.C.85	proof-dep	C	OPEN	blueprint	from:exact,to:exact	blueprint	source=blueprint | CHAP-C NODE C.89 DEPENDS
BP.C.89	BP.C.99	proof-dep	C	OPEN	blueprint	from:exact,to:exact	blueprint	source=blueprint | CHAP-C NODE C.89 DEPENDS
BP.C.89	BP.C.100	proof-dep	C	OPEN	blueprint	from:exact,to:exact	blueprint	source=blueprint | CHAP-C NODE C.89 DEPENDS
BP.C.90	EFF.GENTOW5.s1of2.26	stmt-dep	C	OPEN	blueprint	from:exact,to:exact	blueprint	source=blueprint | CHAP-C NODE C.90 SOURCE (transcription); contiguous EFF.GENTOW5.26 (merged) — remap mechanical per GC-12
BP.C.90	BP.C.83	proof-dep	C	OPEN	blueprint	from:exact,to:exact	blueprint	source=blueprint | CHAP-C NODE C.90 DEPENDS
BP.C.90	BP.C.84	proof-dep	C	OPEN	blueprint	from:exact,to:exact	blueprint	source=blueprint | CHAP-C NODE C.90 DEPENDS
BP.C.90	BP.C.85	proof-dep	C	OPEN	blueprint	from:exact,to:exact	blueprint	source=blueprint | CHAP-C NODE C.90 DEPENDS
BP.C.90	BP.C.88	proof-dep	C	OPEN	blueprint	from:exact,to:exact	blueprint	source=blueprint | CHAP-C NODE C.90 DEPENDS
BP.C.90	BP.C.89	proof-dep	C	OPEN	blueprint	from:exact,to:exact	blueprint	source=blueprint | CHAP-C NODE C.90 DEPENDS
BP.C.90	BP.C.92	proof-dep	C	OPEN	blueprint	from:exact,to:exact	blueprint	source=blueprint | CHAP-C NODE C.90 DEPENDS
BP.C.90	BP.C.99	proof-dep	C	OPEN	blueprint	from:exact,to:exact	blueprint	source=blueprint | CHAP-C NODE C.90 DEPENDS
BP.C.90	BP.C.100	proof-dep	C	OPEN	blueprint	from:exact,to:exact	blueprint	source=blueprint | CHAP-C NODE C.90 DEPENDS
BP.C.91	EFF.GENTOW5.s1of2.29	stmt-dep	C	OPEN	blueprint	from:exact,to:exact	blueprint	source=blueprint | CHAP-C NODE C.91 SOURCE (transcription); contiguous EFF.GENTOW5.29 (merged) — remap mechanical per GC-12
BP.C.91	BP.C.52	proof-dep	C	OPEN	blueprint	from:exact,to:exact	blueprint	source=blueprint | CHAP-C NODE C.91 DEPENDS
BP.C.91	BP.C.55	proof-dep	C	OPEN	blueprint	from:exact,to:exact	blueprint	source=blueprint | CHAP-C NODE C.91 DEPENDS
BP.C.91	BP.C.83	proof-dep	C	OPEN	blueprint	from:exact,to:exact	blueprint	source=blueprint | CHAP-C NODE C.91 DEPENDS
BP.C.91	BP.C.84	proof-dep	C	OPEN	blueprint	from:exact,to:exact	blueprint	source=blueprint | CHAP-C NODE C.91 DEPENDS
BP.C.91	BP.C.85	proof-dep	C	OPEN	blueprint	from:exact,to:exact	blueprint	source=blueprint | CHAP-C NODE C.91 DEPENDS
BP.C.91	BP.C.87	proof-dep	C	OPEN	blueprint	from:exact,to:exact	blueprint	source=blueprint | CHAP-C NODE C.91 DEPENDS
BP.C.91	BP.C.88	proof-dep	C	OPEN	blueprint	from:exact,to:exact	blueprint	source=blueprint | CHAP-C NODE C.91 DEPENDS
BP.C.91	BP.C.89	proof-dep	C	OPEN	blueprint	from:exact,to:exact	blueprint	source=blueprint | CHAP-C NODE C.91 DEPENDS
BP.C.91	BP.C.90	proof-dep	C	OPEN	blueprint	from:exact,to:exact	blueprint	source=blueprint | CHAP-C NODE C.91 DEPENDS
BP.C.91	BP.C.92	proof-dep	C	OPEN	blueprint	from:exact,to:exact	blueprint	source=blueprint | CHAP-C NODE C.91 DEPENDS
BP.C.92	EFF.GENTOW5.s1of2.27	stmt-dep	C	OPEN	blueprint	from:exact,to:exact	blueprint	source=blueprint | CHAP-C NODE C.92 SOURCE (transcription); contiguous EFF.GENTOW5.27 (merged) — remap mechanical per GC-12
BP.C.92	BP.C.25	proof-dep	C	OPEN	blueprint	from:exact,to:exact	blueprint	source=blueprint | CHAP-C NODE C.92 DEPENDS
BP.C.92	BP.C.83	proof-dep	C	OPEN	blueprint	from:exact,to:exact	blueprint	source=blueprint | CHAP-C NODE C.92 DEPENDS
BP.C.92	BP.C.97	proof-dep	C	OPEN	blueprint	from:exact,to:exact	blueprint	source=blueprint | CHAP-C NODE C.92 DEPENDS
BP.C.92	BP.C.98	proof-dep	C	OPEN	blueprint	from:exact,to:exact	blueprint	source=blueprint | CHAP-C NODE C.92 DEPENDS
BP.C.93	EFF.GENTOW5.s1of2.20	stmt-dep	C	OPEN	blueprint	from:exact,to:exact	blueprint	source=blueprint | CHAP-C NODE C.93 SOURCE (transcription); contiguous EFF.GENTOW5.20 (merged) — remap mechanical per GC-12
BP.C.93	EFF.GENIND.176	stmt-dep	C	OPEN	blueprint	from:exact,to:exact	blueprint	source=blueprint | CHAP-C NODE C.93 SOURCE (transcription)
BP.C.93	BP.C.31	proof-dep	C	OPEN	blueprint	from:exact,to:exact	blueprint	source=blueprint | CHAP-C NODE C.93 DEPENDS
BP.C.93	BP.C.32	proof-dep	C	OPEN	blueprint	from:exact,to:exact	blueprint	source=blueprint | CHAP-C NODE C.93 DEPENDS
BP.C.93	BP.C.55	proof-dep	C	OPEN	blueprint	from:exact,to:exact	blueprint	source=blueprint | CHAP-C NODE C.93 DEPENDS
BP.C.94	BP.C.30	proof-dep	C	OPEN	blueprint	from:exact,to:exact	blueprint	source=blueprint | CHAP-C NODE C.94 DEPENDS
BP.C.94	BP.C.32	proof-dep	C	OPEN	blueprint	from:exact,to:exact	blueprint	source=blueprint | CHAP-C NODE C.94 DEPENDS
BP.C.94	BP.C.83	proof-dep	C	OPEN	blueprint	from:exact,to:exact	blueprint	source=blueprint | CHAP-C NODE C.94 DEPENDS
BP.C.95	EFF.GENTOW6.21	stmt-dep	C	OPEN	blueprint	from:exact,to:exact	blueprint	source=blueprint | CHAP-C NODE C.95 SOURCE (transcription)
BP.C.95	EFF.GENTOW6.31	stmt-dep	C	OPEN	blueprint	from:exact,to:exact	blueprint	source=blueprint | CHAP-C NODE C.95 SOURCE (transcription)
BP.C.95	EFF.GENTOW6.12	stmt-dep	C	OPEN	blueprint	from:exact,to:exact	blueprint	source=blueprint | CHAP-C NODE C.95 SOURCE (transcription)
BP.C.95	BP.C.50	proof-dep	C	OPEN	blueprint	from:exact,to:exact	blueprint	source=blueprint | CHAP-C NODE C.95 DEPENDS
BP.C.95	BP.C.52	proof-dep	C	OPEN	blueprint	from:exact,to:exact	blueprint	source=blueprint | CHAP-C NODE C.95 DEPENDS
BP.C.95	BP.C.58	proof-dep	C	OPEN	blueprint	from:exact,to:exact	blueprint	source=blueprint | CHAP-C NODE C.95 DEPENDS
BP.C.95	BP.C.74	proof-dep	C	OPEN	blueprint	from:exact,to:exact	blueprint	source=blueprint | CHAP-C NODE C.95 DEPENDS
BP.C.95	BP.C.77	proof-dep	C	OPEN	blueprint	from:exact,to:exact	blueprint	source=blueprint | CHAP-C NODE C.95 DEPENDS
BP.C.96	EFF.GENTOW6.34	stmt-dep	C	OPEN	blueprint	from:exact,to:exact	blueprint	source=blueprint | CHAP-C NODE C.96 SOURCE (transcription)
BP.C.96	BP.C.50	proof-dep	C	OPEN	blueprint	from:exact,to:exact	blueprint	source=blueprint | CHAP-C NODE C.96 DEPENDS
BP.C.96	BP.C.74	proof-dep	C	OPEN	blueprint	from:exact,to:exact	blueprint	source=blueprint | CHAP-C NODE C.96 DEPENDS
BP.C.96	BP.C.85	proof-dep	C	OPEN	blueprint	from:exact,to:exact	blueprint	source=blueprint | CHAP-C NODE C.96 DEPENDS
BP.C.96	BP.C.95	proof-dep	C	OPEN	blueprint	from:exact,to:exact	blueprint	source=blueprint | CHAP-C NODE C.96 DEPENDS
BP.C.97	EFF.GENTOW2.05	stmt-dep	C	OPEN	blueprint	from:exact,to:exact	blueprint	source=blueprint | CHAP-C NODE C.97 SOURCE (transcription); GENTOW2 absent from HEAD harvest (manifest-gap recovery, PA-3(i)) — row lands at re-harvest
BP.C.97	EFF.GENTOW5.s1of2.21	stmt-dep	C	OPEN	blueprint	from:exact,to:exact	blueprint	source=blueprint | CHAP-C NODE C.97 SOURCE (transcription); contiguous EFF.GENTOW5.21 (merged) — remap mechanical per GC-12
BP.C.97	BP.C.83	proof-dep	C	OPEN	blueprint	from:exact,to:exact	blueprint	source=blueprint | CHAP-C NODE C.97 DEPENDS
BP.C.97	BP.C.42	proof-dep	C	OPEN	blueprint	from:exact,to:exact	blueprint	source=blueprint | CHAP-C NODE C.97 DEPENDS
BP.C.97	BP.C.43	proof-dep	C	OPEN	blueprint	from:exact,to:exact	blueprint	source=blueprint | CHAP-C NODE C.97 DEPENDS
BP.C.98	EFF.GENTOW2.06	stmt-dep	C	OPEN	blueprint	from:exact,to:exact	blueprint	source=blueprint | CHAP-C NODE C.98 SOURCE (transcription); GENTOW2 absent from HEAD harvest (manifest-gap recovery, PA-3(i)) — row lands at re-harvest
BP.C.98	BP.C.06	proof-dep	C	OPEN	blueprint	from:exact,to:exact	blueprint	source=blueprint | CHAP-C NODE C.98 DEPENDS
BP.C.98	BP.C.07	proof-dep	C	OPEN	blueprint	from:exact,to:exact	blueprint	source=blueprint | CHAP-C NODE C.98 DEPENDS
BP.C.99	EFF.GENTOW2.43	stmt-dep	C	OPEN	blueprint	from:exact,to:exact	blueprint	source=blueprint | CHAP-C NODE C.99 SOURCE (transcription); GENTOW2 absent from HEAD harvest (manifest-gap recovery, PA-3(i)) — row lands at re-harvest
BP.C.99	BP.C.83	proof-dep	C	OPEN	blueprint	from:exact,to:exact	blueprint	source=blueprint | CHAP-C NODE C.99 DEPENDS
BP.C.99	BP.C.84	proof-dep	C	OPEN	blueprint	from:exact,to:exact	blueprint	source=blueprint | CHAP-C NODE C.99 DEPENDS
BP.C.99	BP.C.92	proof-dep	C	OPEN	blueprint	from:exact,to:exact	blueprint	source=blueprint | CHAP-C NODE C.99 DEPENDS
BP.C.99	BP.C.21	proof-dep	C	OPEN	blueprint	from:exact,to:exact	blueprint	source=blueprint | CHAP-C NODE C.99 DEPENDS
BP.C.99	BP.C.28	proof-dep	C	OPEN	blueprint	from:exact,to:exact	blueprint	source=blueprint | CHAP-C NODE C.99 DEPENDS
BP.C.99	BP.C.100	proof-dep	C	OPEN	blueprint	from:exact,to:exact	blueprint	source=blueprint | CHAP-C NODE C.99 DEPENDS
BP.C.100	EFF.GENTOW2.34	stmt-dep	C	OPEN	blueprint	from:exact,to:exact	blueprint	source=blueprint | CHAP-C NODE C.100 SOURCE (transcription); GENTOW2 absent from HEAD harvest (manifest-gap recovery, PA-3(i)) — row lands at re-harvest
BP.C.100	BP.C.83	proof-dep	C	OPEN	blueprint	from:exact,to:exact	blueprint	source=blueprint | CHAP-C NODE C.100 DEPENDS
BP.C.100	BP.C.84	proof-dep	C	OPEN	blueprint	from:exact,to:exact	blueprint	source=blueprint | CHAP-C NODE C.100 DEPENDS
BP.C.100	BP.C.92	proof-dep	C	OPEN	blueprint	from:exact,to:exact	blueprint	source=blueprint | CHAP-C NODE C.100 DEPENDS
BP.C.100	BP.C.21	proof-dep	C	OPEN	blueprint	from:exact,to:exact	blueprint	source=blueprint | CHAP-C NODE C.100 DEPENDS
BP.C.100	BP.C.104	proof-dep	C	OPEN	blueprint	from:exact,to:exact	blueprint	source=blueprint | CHAP-C NODE C.100 DEPENDS
BP.C.101	EFF.GENTOW2.25	stmt-dep	C	OPEN	blueprint	from:exact,to:exact	blueprint	source=blueprint | CHAP-C NODE C.101 SOURCE (transcription); GENTOW2 absent from HEAD harvest (manifest-gap recovery, PA-3(i)) — row lands at re-harvest
BP.C.101	BP.C.55	proof-dep	C	OPEN	blueprint	from:exact,to:exact	blueprint	source=blueprint | CHAP-C NODE C.101 DEPENDS
BP.C.101	BP.C.92	proof-dep	C	OPEN	blueprint	from:exact,to:exact	blueprint	source=blueprint | CHAP-C NODE C.101 DEPENDS
BP.C.101	BP.C.99	proof-dep	C	OPEN	blueprint	from:exact,to:exact	blueprint	source=blueprint | CHAP-C NODE C.101 DEPENDS
BP.C.101	BP.C.100	proof-dep	C	OPEN	blueprint	from:exact,to:exact	blueprint	source=blueprint | CHAP-C NODE C.101 DEPENDS
BP.C.101	BP.C.84	proof-dep	C	OPEN	blueprint	from:exact,to:exact	blueprint	source=blueprint | CHAP-C NODE C.101 DEPENDS
BP.C.102	EFF.GENTOW2.37	stmt-dep	C	OPEN	blueprint	from:exact,to:exact	blueprint	source=blueprint | CHAP-C NODE C.102 SOURCE (transcription); GENTOW2 absent from HEAD harvest (manifest-gap recovery, PA-3(i)) — row lands at re-harvest
BP.C.102	BP.C.19	proof-dep	C	OPEN	blueprint	from:exact,to:exact	blueprint	source=blueprint | CHAP-C NODE C.102 DEPENDS
BP.C.102	BP.C.44	proof-dep	C	OPEN	blueprint	from:exact,to:exact	blueprint	source=blueprint | CHAP-C NODE C.102 DEPENDS
BP.C.102	BP.C.92	proof-dep	C	OPEN	blueprint	from:exact,to:exact	blueprint	source=blueprint | CHAP-C NODE C.102 DEPENDS
BP.C.102	BP.C.99	proof-dep	C	OPEN	blueprint	from:exact,to:exact	blueprint	source=blueprint | CHAP-C NODE C.102 DEPENDS
BP.C.103	EFF.GENTOW2.20	stmt-dep	C	OPEN	blueprint	from:exact,to:exact	blueprint	source=blueprint | CHAP-C NODE C.103 SOURCE (transcription); GENTOW2 absent from HEAD harvest (manifest-gap recovery, PA-3(i)) — row lands at re-harvest
BP.C.103	BP.C.92	proof-dep	C	OPEN	blueprint	from:exact,to:exact	blueprint	source=blueprint | CHAP-C NODE C.103 DEPENDS
BP.C.103	BP.C.97	proof-dep	C	OPEN	blueprint	from:exact,to:exact	blueprint	source=blueprint | CHAP-C NODE C.103 DEPENDS
BP.C.103	BP.C.99	proof-dep	C	OPEN	blueprint	from:exact,to:exact	blueprint	source=blueprint | CHAP-C NODE C.103 DEPENDS
BP.C.103	BP.C.100	proof-dep	C	OPEN	blueprint	from:exact,to:exact	blueprint	source=blueprint | CHAP-C NODE C.103 DEPENDS
BP.C.103	BP.C.101	proof-dep	C	OPEN	blueprint	from:exact,to:exact	blueprint	source=blueprint | CHAP-C NODE C.103 DEPENDS
BP.C.104	EFF.GENTOW2.33	stmt-dep	C	OPEN	blueprint	from:exact,to:exact	blueprint	source=blueprint | CHAP-C NODE C.104 SOURCE (transcription); GENTOW2 absent from HEAD harvest (manifest-gap recovery, PA-3(i)) — row lands at re-harvest
BP.C.104	BP.C.12	proof-dep	C	OPEN	blueprint	from:exact,to:exact	blueprint	source=blueprint | CHAP-C NODE C.104 DEPENDS
BP.C.104	BP.C.21	proof-dep	C	OPEN	blueprint	from:exact,to:exact	blueprint	source=blueprint | CHAP-C NODE C.104 DEPENDS
BP.C.104	BP.C.22	proof-dep	C	OPEN	blueprint	from:exact,to:exact	blueprint	source=blueprint | CHAP-C NODE C.104 DEPENDS
BP.C.104	BP.C.42	proof-dep	C	OPEN	blueprint	from:exact,to:exact	blueprint	source=blueprint | CHAP-C NODE C.104 DEPENDS
BP.C.104	BP.C.92	proof-dep	C	OPEN	blueprint	from:exact,to:exact	blueprint	source=blueprint | CHAP-C NODE C.104 DEPENDS
BP.C.105	EFF.GENTOW2.25	stmt-dep	C	OPEN	blueprint	from:exact,to:exact	blueprint	source=blueprint | CHAP-C NODE C.105 SOURCE (transcription); GENTOW2 absent from HEAD harvest (manifest-gap recovery, PA-3(i)) — row lands at re-harvest
BP.C.105	EFF.GENTOW5.s1of2.27	stmt-dep	C	OPEN	blueprint	from:exact,to:exact	blueprint	source=blueprint | CHAP-C NODE C.105 SOURCE (transcription); contiguous EFF.GENTOW5.27 (merged) — remap mechanical per GC-12
BP.C.106	EFF.GENTOW2.52	stmt-dep	C	OPEN	blueprint	from:exact,to:exact	blueprint	source=blueprint | CHAP-C NODE C.106 SOURCE (transcription); GENTOW2 absent from HEAD harvest (manifest-gap recovery, PA-3(i)) — row lands at re-harvest
BP.C.106	BP.C.97	proof-dep	C	OPEN	blueprint	from:exact,to:exact	blueprint	source=blueprint | CHAP-C NODE C.106 DEPENDS
BP.C.106	BP.C.105	proof-dep	C	OPEN	blueprint	from:exact,to:exact	blueprint	source=blueprint | CHAP-C NODE C.106 DEPENDS
BP.C.107	EFF.W12.s2of2.31	stmt-dep	C	OPEN	blueprint	from:exact,to:exact	blueprint	source=blueprint | CHAP-C NODE C.107 SOURCE (transcription); contiguous EFF.W12.83 (merged 2026-08-14) — remap mechanical per GC-12/H-9
BP.C.107	BP.B.26	proof-dep	C	OPEN	blueprint	from:exact,to:exact	blueprint	source=blueprint | CHAP-C NODE C.107 DEPENDS
BP.C.107	BP.B.27	proof-dep	C	OPEN	blueprint	from:exact,to:exact	blueprint	source=blueprint | CHAP-C NODE C.107 DEPENDS
BP.C.108	EFF.W12.s2of2.31	stmt-dep	C	OPEN	blueprint	from:exact,to:exact	blueprint	source=blueprint | CHAP-C NODE C.108 SOURCE (transcription); contiguous EFF.W12.83 (merged 2026-08-14) — remap mechanical per GC-12/H-9
BP.C.108	BP.C.06	proof-dep	C	OPEN	blueprint	from:exact,to:exact	blueprint	source=blueprint | CHAP-C NODE C.108 DEPENDS
BP.C.108	BP.C.07	proof-dep	C	OPEN	blueprint	from:exact,to:exact	blueprint	source=blueprint | CHAP-C NODE C.108 DEPENDS
BP.C.108	BP.C.107	proof-dep	C	OPEN	blueprint	from:exact,to:exact	blueprint	source=blueprint | CHAP-C NODE C.108 DEPENDS
BP.C.109	EFF.W12.s2of2.32	stmt-dep	C	OPEN	blueprint	from:exact,to:exact	blueprint	source=blueprint | CHAP-C NODE C.109 SOURCE (transcription); contiguous EFF.W12.84 (merged 2026-08-14) — remap mechanical per GC-12/H-9
BP.C.109	BP.C.107	proof-dep	C	OPEN	blueprint	from:exact,to:exact	blueprint	source=blueprint | CHAP-C NODE C.109 DEPENDS
BP.C.109	BP.C.108	proof-dep	C	OPEN	blueprint	from:exact,to:exact	blueprint	source=blueprint | CHAP-C NODE C.109 DEPENDS
BP.C.109	BP.B.20	proof-dep	C	OPEN	blueprint	from:exact,to:exact	blueprint	source=blueprint | CHAP-C NODE C.109 DEPENDS
BP.C.109	BP.B.24	proof-dep	C	OPEN	blueprint	from:exact,to:exact	blueprint	source=blueprint | CHAP-C NODE C.109 DEPENDS
BP.C.109	BP.B.28	proof-dep	C	OPEN	blueprint	from:exact,to:exact	blueprint	source=blueprint | CHAP-C NODE C.109 DEPENDS
BP.C.109	BP.B.30	proof-dep	C	OPEN	blueprint	from:exact,to:exact	blueprint	source=blueprint | CHAP-C NODE C.109 DEPENDS
BP.C.109	BP.C.109a	proof-dep	C	OPEN	blueprint	from:exact,to:exact	blueprint	source=blueprint | CHAP-C NODE C.109 DEPENDS — added A-C.2 (2026-08-16): the development bridge
BP.C.109a	EFF.W12.s1of2.23	stmt-dep	C	OPEN	blueprint	from:exact,to:exact	blueprint	source=blueprint | CHAP-C NODE C.109a SOURCE (transcription); contiguous EFF.W12.23 (merged 2026-08-14) — remap mechanical per GC-12/H-9; NEW node per A-C.2 (2026-08-16)
BP.C.109a	BP.B.02	proof-dep	C	OPEN	blueprint	from:exact,to:exact	blueprint	source=blueprint | CHAP-C NODE C.109a DEPENDS (A-C.2)
BP.C.109a	BP.B.06	proof-dep	C	OPEN	blueprint	from:exact,to:exact	blueprint	source=blueprint | CHAP-C NODE C.109a DEPENDS (A-C.2)
BP.C.109a	BP.B.10	proof-dep	C	OPEN	blueprint	from:exact,to:exact	blueprint	source=blueprint | CHAP-C NODE C.109a DEPENDS (A-C.2)
BP.C.110	EFF.W12.s2of2.32	stmt-dep	C	OPEN	blueprint	from:exact,to:exact	blueprint	source=blueprint | CHAP-C NODE C.110 SOURCE (transcription); contiguous EFF.W12.84 (merged 2026-08-14) — remap mechanical per GC-12/H-9
BP.C.110	BP.C.108	proof-dep	C	OPEN	blueprint	from:exact,to:exact	blueprint	source=blueprint | CHAP-C NODE C.110 DEPENDS
BP.C.110	BP.B.02	proof-dep	C	OPEN	blueprint	from:exact,to:exact	blueprint	source=blueprint | CHAP-C NODE C.110 DEPENDS
BP.C.110	BP.B.06	proof-dep	C	OPEN	blueprint	from:exact,to:exact	blueprint	source=blueprint | CHAP-C NODE C.110 DEPENDS
BP.C.110	BP.B.48	proof-dep	C	OPEN	blueprint	from:exact,to:exact	blueprint	source=blueprint | CHAP-C NODE C.110 DEPENDS
BP.C.110	BP.B.69	proof-dep	C	OPEN	blueprint	from:exact,to:exact	blueprint	source=blueprint | CHAP-C NODE C.110 DEPENDS
BP.C.111	EFF.W12.s2of2.33	stmt-dep	C	OPEN	blueprint	from:exact,to:exact	blueprint	source=blueprint | CHAP-C NODE C.111 SOURCE (transcription); contiguous EFF.W12.85 (merged 2026-08-14) — remap mechanical per GC-12/H-9
BP.C.111	BP.C.109	proof-dep	C	OPEN	blueprint	from:exact,to:exact	blueprint	source=blueprint | CHAP-C NODE C.111 DEPENDS
BP.C.111	BP.C.110	proof-dep	C	OPEN	blueprint	from:exact,to:exact	blueprint	source=blueprint | CHAP-C NODE C.111 DEPENDS
BP.C.111	BP.B.37	proof-dep	C	OPEN	blueprint	from:exact,to:exact	blueprint	source=blueprint | CHAP-C NODE C.111 DEPENDS
BP.C.111	BP.B.40	proof-dep	C	OPEN	blueprint	from:exact,to:exact	blueprint	source=blueprint | CHAP-C NODE C.111 DEPENDS
BP.C.111	BP.B.39	proof-dep	C	OPEN	blueprint	from:exact,to:exact	blueprint	source=blueprint | CHAP-C NODE C.111 DEPENDS
BP.C.112	EFF.W12.s2of2.33	stmt-dep	C	OPEN	blueprint	from:exact,to:exact	blueprint	source=blueprint | CHAP-C NODE C.112 SOURCE (transcription); contiguous EFF.W12.85 (merged 2026-08-14) — remap mechanical per GC-12/H-9
BP.C.112	BP.C.108	proof-dep	C	OPEN	blueprint	from:exact,to:exact	blueprint	source=blueprint | CHAP-C NODE C.112 DEPENDS
BP.C.112	BP.C.109	proof-dep	C	OPEN	blueprint	from:exact,to:exact	blueprint	source=blueprint | CHAP-C NODE C.112 DEPENDS
BP.C.112	BP.C.110	proof-dep	C	OPEN	blueprint	from:exact,to:exact	blueprint	source=blueprint | CHAP-C NODE C.112 DEPENDS
BP.C.112	BP.C.111	proof-dep	C	OPEN	blueprint	from:exact,to:exact	blueprint	source=blueprint | CHAP-C NODE C.112 DEPENDS
BP.C.113	EFF.W12.s2of2.34	stmt-dep	C	OPEN	blueprint	from:exact,to:exact	blueprint	source=blueprint | CHAP-C NODE C.113 SOURCE (transcription); contiguous EFF.W12.86 (merged 2026-08-14) — remap mechanical per GC-12/H-9
BP.C.113	BP.C.07	proof-dep	C	OPEN	blueprint	from:exact,to:exact	blueprint	source=blueprint | CHAP-C NODE C.113 DEPENDS
BP.C.113	BP.C.08	proof-dep	C	OPEN	blueprint	from:exact,to:exact	blueprint	source=blueprint | CHAP-C NODE C.113 DEPENDS
BP.C.113	BP.C.108	proof-dep	C	OPEN	blueprint	from:exact,to:exact	blueprint	source=blueprint | CHAP-C NODE C.113 DEPENDS
BP.C.113	BP.B.58	proof-dep	C	OPEN	blueprint	from:exact,to:exact	blueprint	source=blueprint | CHAP-C NODE C.113 DEPENDS
BP.C.113	BP.B.63	proof-dep	C	OPEN	blueprint	from:exact,to:exact	blueprint	source=blueprint | CHAP-C NODE C.113 DEPENDS
BP.C.113	BP.B.79	proof-dep	C	OPEN	blueprint	from:exact,to:exact	blueprint	source=blueprint | CHAP-C NODE C.113 DEPENDS
BP.C.113	BP.B.82	proof-dep	C	OPEN	blueprint	from:exact,to:exact	blueprint	source=blueprint | CHAP-C NODE C.113 DEPENDS
BP.C.114	EFF.W12.s2of2.31	stmt-dep	C	OPEN	blueprint	from:exact,to:exact	blueprint	source=blueprint | CHAP-C NODE C.114 SOURCE (transcription); contiguous EFF.W12.83 (merged 2026-08-14) — remap mechanical per GC-12/H-9
BP.C.114	BP.C.107	proof-dep	C	OPEN	blueprint	from:exact,to:exact	blueprint	source=blueprint | CHAP-C NODE C.114 DEPENDS
BP.C.114	BP.C.113	proof-dep	C	OPEN	blueprint	from:exact,to:exact	blueprint	source=blueprint | CHAP-C NODE C.114 DEPENDS
BP.C.114	EFF.W12.s2of2.32	stmt-dep	C	OPEN	blueprint	from:exact,to:exact	blueprint	source=blueprint | CHAP-C NODE C.114 SOURCE (transcription); contiguous EFF.W12.84 (merged 2026-08-14) - remap mechanical per GC-12/H-9; ADDED A-C.3 (2026-08-16): step 2's "Choose a lift z-tilde" is the D5 IsRepSystem clause
BP.C.114	EFF.W12.s2of2.33	stmt-dep	C	OPEN	blueprint	from:exact,to:exact	blueprint	source=blueprint | CHAP-C NODE C.114 SOURCE (transcription); contiguous EFF.W12.85 (merged 2026-08-14) - remap mechanical per GC-12/H-9; ADDED A-C.3 (2026-08-16): step 3's per-node nonnegativity is the CARRIED hnode (finding D6: its derivation is refuted at multi-child nodes), step 4's "repeated roots are distinguished by their values" is sibling distinctness
BP.C.114	BP.C.108	proof-dep	C	OPEN	blueprint	from:exact,to:exact	blueprint	source=blueprint | CHAP-C NODE C.114 DEPENDS - added A-C.3 (2026-08-16): the DEPENDS field reads C.107-C.113; the C.108 row was missing
BP.C.114	BP.C.109	proof-dep	C	OPEN	blueprint	from:exact,to:exact	blueprint	source=blueprint | CHAP-C NODE C.114 DEPENDS - added A-C.3 (2026-08-16): the DEPENDS field reads C.107-C.113; the C.109 row was missing
BP.C.114	BP.C.110	proof-dep	C	OPEN	blueprint	from:exact,to:exact	blueprint	source=blueprint | CHAP-C NODE C.114 DEPENDS - added A-C.3 (2026-08-16): the DEPENDS field reads C.107-C.113; the C.110 row was missing
BP.C.114	BP.C.111	proof-dep	C	OPEN	blueprint	from:exact,to:exact	blueprint	source=blueprint | CHAP-C NODE C.114 DEPENDS - added A-C.3 (2026-08-16): the DEPENDS field reads C.107-C.113; the C.111 row was missing
BP.C.114	BP.C.112	proof-dep	C	OPEN	blueprint	from:exact,to:exact	blueprint	source=blueprint | CHAP-C NODE C.114 DEPENDS - added A-C.3 (2026-08-16): the DEPENDS field reads C.107-C.113; the C.112 row was missing
BP.C.115	EFF.W12.s2of2.35	stmt-dep	C	OPEN	blueprint	from:exact,to:exact	blueprint	source=blueprint | CHAP-C NODE C.115 SOURCE (transcription); contiguous EFF.W12.87 (merged 2026-08-14) — remap mechanical per GC-12/H-9
BP.C.115	BP.C.107	proof-dep	C	OPEN	blueprint	from:exact,to:exact	blueprint	source=blueprint | CHAP-C NODE C.115 DEPENDS
BP.C.115	BP.C.114	proof-dep	C	OPEN	blueprint	from:exact,to:exact	blueprint	source=blueprint | CHAP-C NODE C.115 DEPENDS
BP.C.116	EFF.W12.s2of2.35	stmt-dep	C	OPEN	blueprint	from:exact,to:exact	blueprint	source=blueprint | CHAP-C NODE C.116 SOURCE (transcription); contiguous EFF.W12.87 (merged 2026-08-14) — remap mechanical per GC-12/H-9
BP.C.116	BP.C.108	proof-dep	C	OPEN	blueprint	from:exact,to:exact	blueprint	source=blueprint | CHAP-C NODE C.116 DEPENDS
BP.C.116	BP.C.114	proof-dep	C	OPEN	blueprint	from:exact,to:exact	blueprint	source=blueprint | CHAP-C NODE C.116 DEPENDS
BP.C.117	EFF.GENTOW1.39	stmt-dep	C	OPEN	blueprint	from:exact,to:exact	blueprint	source=blueprint | CHAP-C NODE C.117 SOURCE (transcription)
BP.C.117	BP.C.11	proof-dep	C	OPEN	blueprint	from:exact,to:exact	blueprint	source=blueprint | CHAP-C NODE C.117 DEPENDS
BP.C.117	BP.C.21	proof-dep	C	OPEN	blueprint	from:exact,to:exact	blueprint	source=blueprint | CHAP-C NODE C.117 DEPENDS
BP.C.117	BP.B.75	proof-dep	C	OPEN	blueprint	from:exact,to:exact	blueprint	source=blueprint | CHAP-C NODE C.117 DEPENDS
BP.C.118	BP.C.11	proof-dep	C	OPEN	blueprint	from:exact,to:exact	blueprint	source=blueprint | CHAP-C NODE C.118 DEPENDS
BP.C.118	BP.C.25	proof-dep	C	OPEN	blueprint	from:exact,to:exact	blueprint	source=blueprint | CHAP-C NODE C.118 DEPENDS
BP.C.118	BP.C.117	proof-dep	C	OPEN	blueprint	from:exact,to:exact	blueprint	source=blueprint | CHAP-C NODE C.118 DEPENDS
BP.C.118	BP.B.77	proof-dep	C	OPEN	blueprint	from:exact,to:exact	blueprint	source=blueprint | CHAP-C NODE C.118 DEPENDS
BP.C.118	BP.B.10	proof-dep	C	OPEN	blueprint	from:exact,to:exact	blueprint	source=blueprint | CHAP-C NODE C.118 DEPENDS
BP.C.119	EFF.HE6R1.30	stmt-dep	C	OPEN	blueprint	from:exact,to:exact	blueprint	source=blueprint | CHAP-C NODE C.119 SOURCE (transcription)
BP.C.119	BP.C.37	proof-dep	C	OPEN	blueprint	from:exact,to:exact	blueprint	source=blueprint | CHAP-C NODE C.119 DEPENDS
BP.C.119	BP.C.61	proof-dep	C	OPEN	blueprint	from:exact,to:exact	blueprint	source=blueprint | CHAP-C NODE C.119 DEPENDS
BP.C.119	BP.C.62	proof-dep	C	OPEN	blueprint	from:exact,to:exact	blueprint	source=blueprint | CHAP-C NODE C.119 DEPENDS
BP.C.119	BP.C.117	proof-dep	C	OPEN	blueprint	from:exact,to:exact	blueprint	source=blueprint | CHAP-C NODE C.119 DEPENDS
BP.C.119	BP.C.118	proof-dep	C	OPEN	blueprint	from:exact,to:exact	blueprint	source=blueprint | CHAP-C NODE C.119 DEPENDS
BP.C.119	BP.B.79	proof-dep	C	OPEN	blueprint	from:exact,to:exact	blueprint	source=blueprint | CHAP-C NODE C.119 DEPENDS
BP.C.120	EFF.HE6R1.25	stmt-dep	C	OPEN	blueprint	from:exact,to:exact	blueprint	source=blueprint | CHAP-C NODE C.120 SOURCE (transcription)
BP.C.120	BP.C.33	proof-dep	C	OPEN	blueprint	from:exact,to:exact	blueprint	source=blueprint | CHAP-C NODE C.120 DEPENDS
BP.C.120	BP.C.34	proof-dep	C	OPEN	blueprint	from:exact,to:exact	blueprint	source=blueprint | CHAP-C NODE C.120 DEPENDS
BP.C.120	BP.C.119	proof-dep	C	OPEN	blueprint	from:exact,to:exact	blueprint	source=blueprint | CHAP-C NODE C.120 DEPENDS
BP.C.120	BP.B.82	proof-dep	C	OPEN	blueprint	from:exact,to:exact	blueprint	source=blueprint | CHAP-C NODE C.120 DEPENDS
BP.C.121	BP.C.113	proof-dep	C	OPEN	blueprint	from:exact,to:exact	blueprint	source=blueprint | CHAP-C NODE C.121 DEPENDS
BP.C.121	BP.C.117	proof-dep	C	OPEN	blueprint	from:exact,to:exact	blueprint	source=blueprint | CHAP-C NODE C.121 DEPENDS
BP.C.121	BP.C.120	proof-dep	C	OPEN	blueprint	from:exact,to:exact	blueprint	source=blueprint | CHAP-C NODE C.121 DEPENDS
BP.C.121	BP.B.81	proof-dep	C	OPEN	blueprint	from:exact,to:exact	blueprint	source=blueprint | CHAP-C NODE C.121 DEPENDS
BP.C.122	EFF.HE6R1.14	stmt-dep	C	OPEN	blueprint	from:exact,to:exact	blueprint	source=blueprint | CHAP-C NODE C.122 SOURCE (transcription)
BP.C.122	BP.C.36	proof-dep	C	OPEN	blueprint	from:exact,to:exact	blueprint	source=blueprint | CHAP-C NODE C.122 DEPENDS
BP.C.122	BP.C.40	proof-dep	C	OPEN	blueprint	from:exact,to:exact	blueprint	source=blueprint | CHAP-C NODE C.122 DEPENDS
BP.C.122	BP.C.119	proof-dep	C	OPEN	blueprint	from:exact,to:exact	blueprint	source=blueprint | CHAP-C NODE C.122 DEPENDS
BP.C.122	BP.C.120	proof-dep	C	OPEN	blueprint	from:exact,to:exact	blueprint	source=blueprint | CHAP-C NODE C.122 DEPENDS
BP.C.127	BP.C.11	proof-dep	C	OPEN	blueprint	from:exact,to:exact	blueprint	source=blueprint | CHAP-C NODE C.127 DEPENDS (A-C.4)
BP.C.127	BP.C.42	proof-dep	C	OPEN	blueprint	from:exact,to:exact	blueprint	source=blueprint | CHAP-C NODE C.127 DEPENDS (A-C.4)
BP.C.127	BP.C.43	proof-dep	C	OPEN	blueprint	from:exact,to:exact	blueprint	source=blueprint | CHAP-C NODE C.127 DEPENDS (A-C.4)
BP.C.127	BP.C.44	proof-dep	C	OPEN	blueprint	from:exact,to:exact	blueprint	source=blueprint | CHAP-C NODE C.127 DEPENDS (A-C.4)
BP.C.127	BP.C.50	proof-dep	C	OPEN	blueprint	from:exact,to:exact	blueprint	source=blueprint | CHAP-C NODE C.127 DEPENDS (A-C.4)
BP.C.127	BP.C.71	proof-dep	C	OPEN	blueprint	from:exact,to:exact	blueprint	source=blueprint | CHAP-C NODE C.127 DEPENDS (A-C.4)
BP.C.128	BP.C.15	proof-dep	C	OPEN	blueprint	from:exact,to:exact	blueprint	source=blueprint | CHAP-C NODE C.128 DEPENDS (A-C.4)
BP.C.128	BP.C.42	proof-dep	C	OPEN	blueprint	from:exact,to:exact	blueprint	source=blueprint | CHAP-C NODE C.128 DEPENDS (A-C.4)
BP.C.128	BP.C.43	proof-dep	C	OPEN	blueprint	from:exact,to:exact	blueprint	source=blueprint | CHAP-C NODE C.128 DEPENDS (A-C.4)
BP.C.128	BP.C.44	proof-dep	C	OPEN	blueprint	from:exact,to:exact	blueprint	source=blueprint | CHAP-C NODE C.128 DEPENDS (A-C.4)
BP.C.128	BP.C.71	proof-dep	C	OPEN	blueprint	from:exact,to:exact	blueprint	source=blueprint | CHAP-C NODE C.128 DEPENDS (A-C.4)
BP.C.128	BP.C.74	proof-dep	C	OPEN	blueprint	from:exact,to:exact	blueprint	source=blueprint | CHAP-C NODE C.128 DEPENDS (A-C.4)
BP.C.113	BP.B.11	proof-dep	C	OPEN	blueprint	from:exact,to:exact	blueprint	source=blueprint | CHAP-C NODE C.113 DEPENDS — added A-C.5 (2026-08-16): clause (i)'s repaired form reads npHgt at the named support point
BP.C.113	BP.B.16	proof-dep	C	OPEN	blueprint	from:exact,to:exact	blueprint	source=blueprint | CHAP-C NODE C.113 DEPENDS — added A-C.5 (2026-08-16): clause (i)'s repaired form consumes OnSide/sideSet/suppVal (the vacuous-hne cure)
BP.C.129	BP.C.02	proof-dep	C	OPEN	blueprint	from:exact,to:exact	blueprint	source=blueprint | CHAP-C NODE C.129 DEPENDS — NEW node per A-C.5 (2026-08-16): stageHeight + stageHeight_eq_inf
BP.C.129	BP.C.71	proof-dep	C	OPEN	blueprint	from:exact,to:exact	blueprint	source=blueprint | CHAP-C NODE C.129 DEPENDS — NEW node per A-C.5 (2026-08-16): clause (b) reads the reassembly half of shadowDev (C.71(iii); the landed carrier happens to sit in C127.lean, but the OBJECT is C.71's — edging to C.127 would create the cycle C.127 <-> C.129)
BP.C.129	BP.B.02	proof-dep	C	OPEN	blueprint	from:exact,to:exact	blueprint	source=blueprint | CHAP-C NODE C.129 DEPENDS — NEW node per A-C.5 (2026-08-16): dev
BP.C.129	BP.B.07	proof-dep	C	OPEN	blueprint	from:exact,to:exact	blueprint	source=blueprint | CHAP-C NODE C.129 DEPENDS — NEW node per A-C.5 (2026-08-16): gaussVal
BP.C.129	BP.B.08	proof-dep	C	OPEN	blueprint	from:exact,to:exact	blueprint	source=blueprint | CHAP-C NODE C.129 DEPENDS — NEW node per A-C.5 (2026-08-16): le_gaussVal_iff / the addVal API
BP.C.127	BP.C.129	proof-dep	C	OPEN	blueprint	from:exact,to:exact	blueprint	source=blueprint | CHAP-C NODE C.127 DEPENDS — added A-C.5 (2026-08-16): the pin clause lawEW_pin consumes the slot-height calculus (its named blocker)
BP.C.128	BP.C.129	proof-dep	C	OPEN	blueprint	from:exact,to:exact	blueprint	source=blueprint | CHAP-C NODE C.128 DEPENDS — added A-C.5 (2026-08-16): the Lean transcription shares C.127's slot-height bottleneck
BP.C.13	BP.C.22	proof-dep	C	OPEN	blueprint	from:exact,to:exact	blueprint	source=blueprint | CHAP-C NODE C.13 DEPENDS — added A-C.5 (2026-08-16): clause 5's residue read is C.22's twistRead (the source's ϖ-read), the C.47 refutation's repair site
BP.C.13	EFF.HE6.15	stmt-dep	C	OPEN	blueprint	from:exact,to:exact	blueprint	source=blueprint | CHAP-C NODE C.13 SOURCE — added A-C.5 (2026-08-16): the [r2] sign correction (ϖ-read = n(k)-read × η^{−q}) is what makes clause 5's read adjudicable
BP.C.109	BP.C.109-i	proof-dep	C	OPEN	blueprint	from:exact,to:exact	blueprint	source=blueprint | CHAP-C NODE C.109 DEPENDS — added A-C.5 (2026-08-16): the SPLIT, layer (i) class-invariance
BP.C.109	BP.C.109-ii	proof-dep	C	OPEN	blueprint	from:exact,to:exact	blueprint	source=blueprint | CHAP-C NODE C.109 DEPENDS — added A-C.5 (2026-08-16): the SPLIT, layer (ii) block slot count
BP.C.109	BP.C.109-iii	proof-dep	C	OPEN	blueprint	from:exact,to:exact	blueprint	source=blueprint | CHAP-C NODE C.109 DEPENDS — added A-C.5 (2026-08-16): the SPLIT, layer (iii) the priced-digit fibre
BP.C.109	BP.C.109-iv	proof-dep	C	OPEN	blueprint	from:exact,to:exact	blueprint	source=blueprint | CHAP-C NODE C.109 DEPENDS — added A-C.5 (2026-08-16): the SPLIT, layer (iv) the side dictionary
BP.C.109	BP.C.109-v	proof-dep	C	OPEN	blueprint	from:exact,to:exact	blueprint	source=blueprint | CHAP-C NODE C.109 DEPENDS — added A-C.5 (2026-08-16): the SPLIT, layer (v) the sweep + census product
BP.C.109-i	EFF.W12.s1of2.23	stmt-dep	C	OPEN	blueprint	from:exact,to:exact	blueprint	source=blueprint | CHAP-C NODE C.109-i SOURCE — NEW node per A-C.5 (2026-08-16): the in-window/no-truncation sentence; contiguous EFF.W12.23 (merged 2026-08-14)
BP.C.109-i	BP.C.108	proof-dep	C	OPEN	blueprint	from:exact,to:exact	blueprint	source=blueprint | CHAP-C NODE C.109-i DEPENDS (A-C.5)
BP.C.109-i	BP.B.02	proof-dep	C	OPEN	blueprint	from:exact,to:exact	blueprint	source=blueprint | CHAP-C NODE C.109-i DEPENDS (A-C.5)
BP.C.109-i	BP.B.11	proof-dep	C	OPEN	blueprint	from:exact,to:exact	blueprint	source=blueprint | CHAP-C NODE C.109-i DEPENDS (A-C.5)
BP.C.109-i	BP.B.24	proof-dep	C	OPEN	blueprint	from:exact,to:exact	blueprint	source=blueprint | CHAP-C NODE C.109-i DEPENDS (A-C.5): the digit congruences under the k < N guard
BP.C.109-ii	EFF.W12.s1of2.24	stmt-dep	C	OPEN	blueprint	from:exact,to:exact	blueprint	source=blueprint | CHAP-C NODE C.109-ii SOURCE — NEW node per A-C.5 (2026-08-16): slot j contributes N − ceil(P(j)) free digits; contiguous EFF.W12.24 (merged 2026-08-14)
BP.C.109-ii	BP.C.109a	proof-dep	C	OPEN	blueprint	from:exact,to:exact	blueprint	source=blueprint | CHAP-C NODE C.109-ii DEPENDS (A-C.5): the development bridge
BP.C.109-ii	BP.B.08	proof-dep	C	OPEN	blueprint	from:exact,to:exact	blueprint	source=blueprint | CHAP-C NODE C.109-ii DEPENDS (A-C.5): le_gaussVal_iff
BP.C.109-ii	BP.B.11	proof-dep	C	OPEN	blueprint	from:exact,to:exact	blueprint	source=blueprint | CHAP-C NODE C.109-ii DEPENDS (A-C.5)
BP.C.109-ii	BP.C.107	proof-dep	C	OPEN	blueprint	from:exact,to:exact	blueprint	source=blueprint | CHAP-C NODE C.109-ii DEPENDS (A-C.5): Q = card resField
BP.C.109-iii	EFF.W12.s1of2.23	stmt-dep	C	OPEN	blueprint	from:exact,to:exact	blueprint	source=blueprint | CHAP-C NODE C.109-iii SOURCE — NEW node per A-C.5 (2026-08-16): the three slot regimes, incl. the possibly-zero on-side residual coefficient
BP.C.109-iii	BP.B.08	proof-dep	C	OPEN	blueprint	from:exact,to:exact	blueprint	source=blueprint | CHAP-C NODE C.109-iii DEPENDS (A-C.5)
BP.C.109-iii	BP.B.21	proof-dep	C	OPEN	blueprint	from:exact,to:exact	blueprint	source=blueprint | CHAP-C NODE C.109-iii DEPENDS (A-C.5): digAt
BP.C.109-iii	BP.B.23	proof-dep	C	OPEN	blueprint	from:exact,to:exact	blueprint	source=blueprint | CHAP-C NODE C.109-iii DEPENDS (A-C.5): digPoly
BP.C.109-iii	BP.B.25	proof-dep	C	OPEN	blueprint	from:exact,to:exact	blueprint	source=blueprint | CHAP-C NODE C.109-iii DEPENDS (A-C.5): resField / resMk, the class-map bijection
BP.C.109-iv	EFF.W12.s2of2.83	stmt-dep	C	OPEN	blueprint	from:exact,to:exact	blueprint	source=blueprint | CHAP-C NODE C.109-iv SOURCE — NEW node per A-C.5 (2026-08-16): the L_v display, sides OF THE POLYGON; contiguous EFF.W12.83
BP.C.109-iv	BP.C.108	proof-dep	C	OPEN	blueprint	from:exact,to:exact	blueprint	source=blueprint | CHAP-C NODE C.109-iv DEPENDS (A-C.5): the A-C.2 WF apparatus in A-C.3's forms
BP.C.109-iv	BP.B.14	proof-dep	C	OPEN	blueprint	from:exact,to:exact	blueprint	source=blueprint | CHAP-C NODE C.109-iv DEPENDS (A-C.5): suppVal
BP.C.109-iv	BP.B.16	proof-dep	C	OPEN	blueprint	from:exact,to:exact	blueprint	source=blueprint | CHAP-C NODE C.109-iv DEPENDS (A-C.5): OnSide / sideSet
BP.C.109-iv	BP.B.20	proof-dep	C	OPEN	blueprint	from:exact,to:exact	blueprint	source=blueprint | CHAP-C NODE C.109-iv DEPENDS (A-C.5): sideMin / sideMax / sideDeg
BP.C.109-v	EFF.W12.s1of2.24	stmt-dep	C	OPEN	blueprint	from:exact,to:exact	blueprint	source=blueprint | CHAP-C NODE C.109-v SOURCE — NEW node per A-C.5 (2026-08-16): the census normalization (sweep right-to-left), no extra unit factors
BP.C.109-v	BP.C.107	proof-dep	C	OPEN	blueprint	from:exact,to:exact	blueprint	source=blueprint | CHAP-C NODE C.109-v DEPENDS (A-C.5): residualTypeOf / sideCensus
BP.C.109-v	BP.C.108	proof-dep	C	OPEN	blueprint	from:exact,to:exact	blueprint	source=blueprint | CHAP-C NODE C.109-v DEPENDS (A-C.5): the WF side apparatus
