==============================================================================
M1 EXACT INTEGER EXPONENT FIT — level-3 cocycle, tiny towers
POST-SEAL DIAGNOSTIC; NOT PREREGISTERED (seal 911431c read-only)
==============================================================================
train rosters: ['T01', 'T02', 'T03', 'T04', 'T05', 'T06', 'T07', 'T08', 'T09', 'T10', 'T11', 'T12', 'T13', 'T14', 'T15']
holdout rosters (seed 20260810): ['H01', 'H02', 'H03', 'H04', 'H05', 'H06', 'H07s', 'H90r', 'H91r', 'H92r']
  measured Zp,p=3,T01             E3= 4 pairs= 16 struct= 16 exact_b= 16 exact_c= 16 orders(zb,z2,z1)=(41,5,8)
  measured Fpt,p=2,T02            E3= 4 pairs= 16 struct= 16 exact_b= 16 exact_c= 16 orders(zb,z2,z1)=(17,5,3)
  measured Zp,p=2,T03             E3= 4 pairs= 16 struct= 16 exact_b= 16 exact_c= 16 orders(zb,z2,z1)=(17,5,3)
  measured Fpt,p=3,T04            E3= 4 pairs= 16 struct= 16 exact_b= 16 exact_c= 16 orders(zb,z2,z1)=(41,5,8)
  measured Zp,p=3,T05             E3= 8 pairs= 64 struct= 64 exact_b= 64 exact_c= 64 orders(zb,z2,z1)=(41,5,8)
  measured Fpt,p=3,T06            E3= 8 pairs= 64 struct= 64 exact_b= 64 exact_c=  0 orders(zb,z2,z1)=(10,8,2)
  measured Zp,p=3,T07             E3= 8 pairs= 64 struct= 52 exact_b= 48 exact_c= 48 orders(zb,z2,z1)=(10,2,8)
  measured Fpt,p=2,T08            E3= 8 pairs= 64 struct= 64 exact_b= 48 exact_c=  0 orders(zb,z2,z1)=(3,1,1)
  measured Zp,p=3,T09             E3= 6 pairs= 36 struct= 36 exact_b= 36 exact_c= 36 orders(zb,z2,z1)=(41,10,8)
  measured Fpt,p=2,T10            E3= 6 pairs= 36 struct= 36 exact_b= 36 exact_c= 36 orders(zb,z2,z1)=(17,5,3)
  measured Zp,p=3,T11             E3= 6 pairs= 36 struct= 36 exact_b= 36 exact_c= 36 orders(zb,z2,z1)=(41,5,8)
  measured Fpt,p=3,T12            E3= 6 pairs= 36 struct= 36 exact_b= 36 exact_c= 36 orders(zb,z2,z1)=(82,5,4)
  measured Zp,p=2,T13             E3= 8 pairs= 64 struct= 64 exact_b= 64 exact_c= 64 orders(zb,z2,z1)=(1,5,3)
  measured Fpt,p=2,T14            E3= 8 pairs= 64 struct= 64 exact_b= 64 exact_c= 64 orders(zb,z2,z1)=(17,5,3)
  measured Zp,p=3,T15             E3= 8 pairs= 64 struct= 64 exact_b= 64 exact_c= 64 orders(zb,z2,z1)=(1,5,8)
TRAIN: 656 pairs, 644 structural, 512 exact-c [2.4s]
  measured Zp,p=2,H01             E3= 8 pairs= 64 struct= 64
  measured Fpt,p=3,H02            E3= 6 pairs= 36 struct= 35
  measured Zp,p=3,H03             E3= 6 pairs= 36 struct= 36
  measured Fpt,p=2,H04            E3= 8 pairs= 64 struct= 64
  measured Fpt,p=3,H05            E3= 8 pairs= 64 struct= 64
  measured Zp,p=2,H06             E3= 8 pairs= 64 struct= 64
  measured Zp,p=3,H07s            E3=12 pairs=144 struct=144
  measured Zp,p=3,H90r            E3= 6 pairs= 36 struct= 36
  measured Fpt,p=2,H91r           E3= 4 pairs= 16 struct= 16
  measured Fpt,p=2,H92r           E3= 8 pairs= 64 struct= 64
HOLDOUT measured [4.9s]

FIT MATRICES: a-slot 644->30 distinct rows; b-slot 624->57; c-slot 512->58

  [a-slot (zbar)] 30 rows, 10 features -> 8 merged classes:
      class[1]: 1
      class[d3]: d3, sdef3/e2, Sig2/g3c
      class[d2]: d2
      class[d1]: d1
      class[sdef2/e1]: sdef2/e1
      class[fl(s3+s3p,e1)]: fl(s3+s3p,e1)
      class[l2*d3]: l2*d3
      class[h2*d3]: h2*d3

  [b-slot (z2)] 57 rows, 14 features -> 13 merged classes:
      class[1]: 1
      class[d2]: d2
      class[d3]: d3
      class[d1]: d1
      class[sdef2/e1]: sdef2/e1
      class[l1*g3c*d3/e1]: l1*g3c*d3/e1, l1*Sig2/e1
      class[l1*g2c*d2/e1]: l1*g2c*d2/e1
      class[l1p*g3c*d3/e1]: l1p*g3c*d3/e1
      class[l1*g3c*d2/e1]: l1*g3c*d2/e1
      class[l1*g2c*d3/e1]: l1*g2c*d3/e1
      class[l1*h2*d3/e1]: l1*h2*d3/e1
      class[l2*d3]: l2*d3
      class[sdef2]: sdef2

  [c-slot (z1)] 58 rows, 16 features -> 16 merged classes:
      class[1]: 1
      class[d1]: d1
      class[d2]: d2
      class[d3]: d3
      class[sdef1/e0]: sdef1/e0
      class[l0*g2c*d2/e0]: l0*g2c*d2/e0
      class[l0*Sig1/e0]: l0*Sig1/e0
      class[l0*g3c*d3/e0]: l0*g3c*d3/e0
      class[l0*g2c*D2f/e0]: l0*g2c*D2f/e0
      class[l0*g3c*(l1p-l1*w1P)*d3/e0]: l0*g3c*(l1p-l1*w1P)*d3/e0
      class[l0*g3c*l1p*d3/e0]: l0*g3c*l1p*d3/e0
      class[l0*g3c*l1*w1P*d3/e0]: l0*g3c*l1*w1P*d3/e0
      class[l0p*g2c*d2/e0]: l0p*g2c*d2/e0
      class[l0*h1*d3/e0]: l0*h1*d3/e0
      class[sdef1]: sdef1
      class[l0*g2c*Sig2/(e0*g3c)]: l0*g2c*Sig2/(e0*g3c)
  [a-slot] minimal support size = 1; 1 minimal fit(s):
      a = d3
  [b-slot] minimal support size = 2; 1 minimal fit(s):
      b = sdef2/e1 + l1*g3c*d3/e1
  [c-slot] minimal support size = 2; 1 minimal fit(s):
      c = sdef1/e0 + l0*Sig1/e0

FORCED-FEATURE ANALYSIS (substitute search up to minimal+1):
  [a-slot]
      class[d3]: FORCED (no substitute up to size 2)
  [b-slot]
      class[sdef2/e1]: FORCED (no substitute up to size 3)
      class[l1*g3c*d3/e1]: FORCED (no substitute up to size 3)
  [c-slot]
      class[sdef1/e0]: FORCED (no substitute up to size 3)
      class[l0*Sig1/e0]: substitutable

C-SLOT REFIT WITHOUT the realized-shift class [l0*Sig1/e0] (the closed composed form, discovered by search):
  minimal support size = 3; 1 minimal fit(s):
      c = sdef1/e0 + l0*g2c*D2f/e0 + l0*g3c*(l1p-l1*w1P)*d3/e0

THE FITTED LAW (primary minimal fit per slot):
    c3(g,g') = zbar^a * z2^b * z1^c   with
    a = d3
    b = sdef2/e1 + l1*g3c*d3/e1
    c = sdef1/e0 + l0*Sig1/e0

FIELD VERIFICATION (every pair, incl. non-structural rows):
  TRAIN:   656/656 exact (0 nonintegral, 0 mismatch)
  HOLDOUT: 588/588 exact (0 nonintegral, 0 mismatch)

ALTERNATIVE-TEMPLATE CENSUSES (same fitted a,b; c-slot swapped):
  NAIVE per-level template (l0*gamma2*d2 correction): 1010/1244 exact; 186 NONINTEGRAL exponent; 48 integral-but-wrong-value
    failing towers: H01(ok=48,ni=8,mm=8), H04(ok=40,ni=24,mm=0), H05(ok=48,ni=8,mm=8), H06(ok=56,ni=8,mm=0), H07s(ok=108,ni=36,mm=0), H91r(ok=12,ni=4,mm=0), H92r(ok=48,ni=16,mm=0), T01(ok=12,ni=4,mm=0), T02(ok=12,ni=4,mm=0), T05(ok=56,ni=8,mm=0), T06(ok=48,ni=8,mm=8), T07(ok=48,ni=8,mm=8), T08(ok=56,ni=8,mm=0), T09(ok=27,ni=9,mm=0), T10(ok=27,ni=9,mm=0), T13(ok=48,ni=8,mm=8), T14(ok=48,ni=8,mm=8), T15(ok=56,ni=8,mm=0)
  NO-CORRECTION template (bare s1-defect): 834/1244 exact; 378 NONINTEGRAL exponent; 32 integral-but-wrong-value
    failing towers: H01(ok=36,ni=24,mm=4), H02(ok=27,ni=9,mm=0), H04(ok=40,ni=24,mm=0), H05(ok=36,ni=24,mm=4), H06(ok=40,ni=24,mm=0), H07s(ok=81,ni=63,mm=0), H91r(ok=12,ni=4,mm=0), H92r(ok=48,ni=16,mm=0), T01(ok=12,ni=4,mm=0), T02(ok=12,ni=4,mm=0), T04(ok=12,ni=4,mm=0), T05(ok=40,ni=24,mm=0), T06(ok=36,ni=24,mm=4), T07(ok=36,ni=16,mm=12), T08(ok=40,ni=24,mm=0), T09(ok=27,ni=9,mm=0), T10(ok=27,ni=9,mm=0), T13(ok=36,ni=24,mm=4), T14(ok=36,ni=24,mm=4), T15(ok=40,ni=24,mm=0)
  BARE-d3 template (l0*gamma3*d3 correction): 936/1244 exact; 244 NONINTEGRAL exponent; 64 integral-but-wrong-value
    failing towers: H01(ok=36,ni=16,mm=12), H02(ok=27,ni=9,mm=0), H05(ok=36,ni=16,mm=12), H06(ok=48,ni=16,mm=0), H07s(ok=81,ni=63,mm=0), T04(ok=12,ni=4,mm=0), T05(ok=48,ni=16,mm=0), T06(ok=36,ni=16,mm=12), T07(ok=36,ni=24,mm=4), T08(ok=48,ni=16,mm=0), T13(ok=36,ni=16,mm=12), T14(ok=36,ni=16,mm=12), T15(ok=48,ni=16,mm=0)
  B-SLOT no-correction (bare s2-defect, fitted c): 1023/1244 exact; 221 NONINTEGRAL exponent; 0 integral-but-wrong-value
    failing towers: H01(ok=48,ni=16,mm=0), H03(ok=24,ni=12,mm=0), H05(ok=48,ni=16,mm=0), H06(ok=48,ni=16,mm=0), H07s(ok=108,ni=36,mm=0), T03(ok=12,ni=4,mm=0), T05(ok=48,ni=16,mm=0), T06(ok=48,ni=16,mm=0), T07(ok=48,ni=16,mm=0), T08(ok=48,ni=16,mm=0), T12(ok=27,ni=9,mm=0), T13(ok=48,ni=16,mm=0), T14(ok=48,ni=16,mm=0), T15(ok=48,ni=16,mm=0)

M5 CROSS-HARNESS SPOT-CHECK (20 tuples, transplanted psi data):
    M5-XCHK T01 (32,32): fitted (a,b,c)=(0,0,0) -> MATCH
    M5-XCHK T01 (33,34): fitted (a,b,c)=(0,0,0) -> MATCH
    M5-XCHK T01 (32,33): fitted (a,b,c)=(0,0,0) -> MATCH
    M5-XCHK T01 (35,34): fitted (a,b,c)=(0,0,1) -> MATCH
    M5-XCHK T05 (116,114): fitted (a,b,c)=(0,0,0) -> MATCH
    M5-XCHK T05 (112,117): fitted (a,b,c)=(0,0,0) -> MATCH
    M5-XCHK T05 (116,119): fitted (a,b,c)=(0,0,1) -> MATCH
    M5-XCHK T05 (119,119): fitted (a,b,c)=(1,37,21) -> MATCH
    M5-XCHK T09 (86,84): fitted (a,b,c)=(0,0,0) -> MATCH
    M5-XCHK T09 (87,84): fitted (a,b,c)=(0,0,0) -> MATCH
    M5-XCHK T09 (84,84): fitted (a,b,c)=(0,0,0) -> MATCH
    M5-XCHK T09 (87,86): fitted (a,b,c)=(0,0,1) -> MATCH
    M5-XCHK T02 (33,35): fitted (a,b,c)=(1,0,11) -> MATCH
    M5-XCHK T02 (35,35): fitted (a,b,c)=(1,0,11) -> MATCH
    M5-XCHK T02 (33,32): fitted (a,b,c)=(0,0,0) -> MATCH
    M5-XCHK T02 (35,34): fitted (a,b,c)=(0,0,1) -> MATCH
    M5-XCHK T07 (91,91): fitted (a,b,c)=(1,23,14) +liftdev z1^-5 -> MATCH
    M5-XCHK T07 (94,91): fitted (a,b,c)=(0,1,5) +liftdev z1^-5 -> MATCH
    M5-XCHK T07 (89,94): fitted (a,b,c)=(0,0,0) -> MATCH
    M5-XCHK T07 (91,93): fitted (a,b,c)=(1,23,14) -> MATCH
  M5 spot-check: 20/20 match, 0 fail

==============================================================================
FULL SMALL-CASE TABLES (per-pair rows; measured vs fitted)
==============================================================================

== T01 (Zp,p=3,T01): d0=1 reads=(2, 1, 2),(1, 1, 2),(2, 1, 2)  E3=4
   gamma2=5 gamma3=21 w1Phi1=4 w2Phi2=10  bez (l0,l0p)=(1,0) (l1,l1p)=(0,1) (l2,l2p)=(1,0)
   letter orders: zbar=41 z2=5 z1=8   Gamma0=32
       g    gp | s3 s3p s3s | s2 s2p s2s | s1 s1p s1s | d3 d2 d1 | Sig2 Sig1 | measured (a,b,c) | fitted (A,B,C) | ok
      32    32 |  0   0   0 |  0   0   0 |  0   0   0 |  0  0  0 |    0    0 |          (0,0,0) |      (0,0,0) | Y
      32    33 |  0   1   1 |  0   0   0 |  0   0   0 |  0  0  0 |    0    0 |          (0,0,0) |      (0,0,0) | Y
      32    34 |  0   0   0 |  0   0   0 |  0   1   1 |  0  0  0 |    0    0 |          (0,0,0) |      (0,0,0) | Y
      32    35 |  0   1   1 |  0   0   0 |  0   1   1 |  0  0  0 |    0    0 |          (0,0,0) |      (0,0,0) | Y
      33    32 |  1   0   1 |  0   0   0 |  0   0   0 |  0  0  0 |    0    0 |          (0,0,0) |      (0,0,0) | Y
      33    33 |  1   1   0 |  0   0   0 |  0   0   1 |  1  0  0 |   21   21 |         (1,0,10) |     (1,0,10) | Y
      33    34 |  1   0   1 |  0   0   0 |  0   1   1 |  0  0  0 |    0    0 |          (0,0,0) |      (0,0,0) | Y
      33    35 |  1   1   0 |  0   0   0 |  0   1   0 |  1  0  0 |   21   21 |         (1,0,11) |     (1,0,11) | Y
      34    32 |  0   0   0 |  0   0   0 |  1   0   1 |  0  0  0 |    0    0 |          (0,0,0) |      (0,0,0) | Y
      34    33 |  0   1   1 |  0   0   0 |  1   0   1 |  0  0  0 |    0    0 |          (0,0,0) |      (0,0,0) | Y
      34    34 |  0   0   0 |  0   0   0 |  1   1   0 |  0  0  1 |    0    0 |          (0,0,1) |      (0,0,1) | Y
      34    35 |  0   1   1 |  0   0   0 |  1   1   0 |  0  0  1 |    0    0 |          (0,0,1) |      (0,0,1) | Y
      35    32 |  1   0   1 |  0   0   0 |  1   0   1 |  0  0  0 |    0    0 |          (0,0,0) |      (0,0,0) | Y
      35    33 |  1   1   0 |  0   0   0 |  1   0   0 |  1  0  0 |   21   21 |         (1,0,11) |     (1,0,11) | Y
      35    34 |  1   0   1 |  0   0   0 |  1   1   0 |  0  0  1 |    0    0 |          (0,0,1) |      (0,0,1) | Y
      35    35 |  1   1   0 |  0   0   0 |  1   1   1 |  1  0  1 |   21   21 |         (1,0,11) |     (1,0,11) | Y

== T02 (Fpt,p=2,T02): d0=1 reads=(2, 1, 2),(1, 1, 2),(2, 1, 2)  E3=4
   gamma2=5 gamma3=21 w1Phi1=4 w2Phi2=10  bez (l0,l0p)=(1,0) (l1,l1p)=(0,1) (l2,l2p)=(1,0)
   letter orders: zbar=17 z2=5 z1=3   Gamma0=32
       g    gp | s3 s3p s3s | s2 s2p s2s | s1 s1p s1s | d3 d2 d1 | Sig2 Sig1 | measured (a,b,c) | fitted (A,B,C) | ok
      32    32 |  0   0   0 |  0   0   0 |  0   0   0 |  0  0  0 |    0    0 |          (0,0,0) |      (0,0,0) | Y
      32    33 |  0   1   1 |  0   0   0 |  0   0   0 |  0  0  0 |    0    0 |          (0,0,0) |      (0,0,0) | Y
      32    34 |  0   0   0 |  0   0   0 |  0   1   1 |  0  0  0 |    0    0 |          (0,0,0) |      (0,0,0) | Y
      32    35 |  0   1   1 |  0   0   0 |  0   1   1 |  0  0  0 |    0    0 |          (0,0,0) |      (0,0,0) | Y
      33    32 |  1   0   1 |  0   0   0 |  0   0   0 |  0  0  0 |    0    0 |          (0,0,0) |      (0,0,0) | Y
      33    33 |  1   1   0 |  0   0   0 |  0   0   1 |  1  0  0 |   21   21 |         (1,0,10) |     (1,0,10) | Y
      33    34 |  1   0   1 |  0   0   0 |  0   1   1 |  0  0  0 |    0    0 |          (0,0,0) |      (0,0,0) | Y
      33    35 |  1   1   0 |  0   0   0 |  0   1   0 |  1  0  0 |   21   21 |         (1,0,11) |     (1,0,11) | Y
      34    32 |  0   0   0 |  0   0   0 |  1   0   1 |  0  0  0 |    0    0 |          (0,0,0) |      (0,0,0) | Y
      34    33 |  0   1   1 |  0   0   0 |  1   0   1 |  0  0  0 |    0    0 |          (0,0,0) |      (0,0,0) | Y
      34    34 |  0   0   0 |  0   0   0 |  1   1   0 |  0  0  1 |    0    0 |          (0,0,1) |      (0,0,1) | Y
      34    35 |  0   1   1 |  0   0   0 |  1   1   0 |  0  0  1 |    0    0 |          (0,0,1) |      (0,0,1) | Y
      35    32 |  1   0   1 |  0   0   0 |  1   0   1 |  0  0  0 |    0    0 |          (0,0,0) |      (0,0,0) | Y
      35    33 |  1   1   0 |  0   0   0 |  1   0   0 |  1  0  0 |   21   21 |         (1,0,11) |     (1,0,11) | Y
      35    34 |  1   0   1 |  0   0   0 |  1   1   0 |  0  0  1 |    0    0 |          (0,0,1) |      (0,0,1) | Y
      35    35 |  1   1   0 |  0   0   0 |  1   1   1 |  1  0  1 |   21   21 |         (1,0,11) |     (1,0,11) | Y

== T03 (Zp,p=2,T03): d0=1 reads=(1, 1, 2),(2, 1, 2),(2, 1, 2)  E3=4
   gamma2=5 gamma3=41 w1Phi1=2 w2Phi2=20  bez (l0,l0p)=(0,1) (l1,l1p)=(1,0) (l2,l2p)=(1,0)
   letter orders: zbar=17 z2=5 z1=3   Gamma0=56
       g    gp | s3 s3p s3s | s2 s2p s2s | s1 s1p s1s | d3 d2 d1 | Sig2 Sig1 | measured (a,b,c) | fitted (A,B,C) | ok
      56    56 |  0   0   0 |  0   0   0 |  0   0   0 |  0  0  0 |    0    0 |          (0,0,0) |      (0,0,0) | Y
      56    57 |  0   1   1 |  0   0   0 |  0   0   0 |  0  0  0 |    0    0 |          (0,0,0) |      (0,0,0) | Y
      56    58 |  0   0   0 |  0   1   1 |  0   0   0 |  0  0  0 |    0    0 |          (0,0,0) |      (0,0,0) | Y
      56    59 |  0   1   1 |  0   1   1 |  0   0   0 |  0  0  0 |    0    0 |          (0,0,0) |      (0,0,0) | Y
      57    56 |  1   0   1 |  0   0   0 |  0   0   0 |  0  0  0 |    0    0 |          (0,0,0) |      (0,0,0) | Y
      57    57 |  1   1   0 |  0   0   1 |  0   0   0 |  1  0  0 |   41   18 |         (1,20,0) |     (1,20,0) | Y
      57    58 |  1   0   1 |  0   1   1 |  0   0   0 |  0  0  0 |    0    0 |          (0,0,0) |      (0,0,0) | Y
      57    59 |  1   1   0 |  0   1   0 |  0   0   0 |  1  0  0 |   41   23 |         (1,21,0) |     (1,21,0) | Y
      58    56 |  0   0   0 |  1   0   1 |  0   0   0 |  0  0  0 |    0    0 |          (0,0,0) |      (0,0,0) | Y
      58    57 |  0   1   1 |  1   0   1 |  0   0   0 |  0  0  0 |    0    0 |          (0,0,0) |      (0,0,0) | Y
      58    58 |  0   0   0 |  1   1   0 |  0   0   0 |  0  1  0 |    0    5 |          (0,1,0) |      (0,1,0) | Y
      58    59 |  0   1   1 |  1   1   0 |  0   0   0 |  0  1  0 |    0    5 |          (0,1,0) |      (0,1,0) | Y
      59    56 |  1   0   1 |  1   0   1 |  0   0   0 |  0  0  0 |    0    0 |          (0,0,0) |      (0,0,0) | Y
      59    57 |  1   1   0 |  1   0   0 |  0   0   0 |  1  0  0 |   41   23 |         (1,21,0) |     (1,21,0) | Y
      59    58 |  1   0   1 |  1   1   0 |  0   0   0 |  0  1  0 |    0    5 |          (0,1,0) |      (0,1,0) | Y
      59    59 |  1   1   0 |  1   1   1 |  0   0   0 |  1  1  0 |   41   23 |         (1,21,0) |     (1,21,0) | Y

== T04 (Fpt,p=3,T04): d0=1 reads=(2, 1, 2),(2, 1, 2),(1, 1, 2)  E3=4
   gamma2=9 gamma3=37 w1Phi1=4 w2Phi2=36  bez (l0,l0p)=(1,0) (l1,l1p)=(1,0) (l2,l2p)=(0,1)
   letter orders: zbar=41 z2=5 z1=8   Gamma0=20
       g    gp | s3 s3p s3s | s2 s2p s2s | s1 s1p s1s | d3 d2 d1 | Sig2 Sig1 | measured (a,b,c) | fitted (A,B,C) | ok
      20    20 |  0   0   0 |  0   0   0 |  0   0   0 |  0  0  0 |    0    0 |          (0,0,0) |      (0,0,0) | Y
      20    21 |  0   0   0 |  0   1   1 |  0   0   0 |  0  0  0 |    0    0 |          (0,0,0) |      (0,0,0) | Y
      20    22 |  0   0   0 |  0   0   0 |  0   1   1 |  0  0  0 |    0    0 |          (0,0,0) |      (0,0,0) | Y
      20    23 |  0   0   0 |  0   1   1 |  0   1   1 |  0  0  0 |    0    0 |          (0,0,0) |      (0,0,0) | Y
      21    20 |  0   0   0 |  1   0   1 |  0   0   0 |  0  0  0 |    0    0 |          (0,0,0) |      (0,0,0) | Y
      21    21 |  0   0   0 |  1   1   0 |  0   0   1 |  0  1  0 |    0    9 |          (0,1,4) |      (0,1,4) | Y
      21    22 |  0   0   0 |  1   0   1 |  0   1   1 |  0  0  0 |    0    0 |          (0,0,0) |      (0,0,0) | Y
      21    23 |  0   0   0 |  1   1   0 |  0   1   0 |  0  1  0 |    0    9 |          (0,1,5) |      (0,1,5) | Y
      22    20 |  0   0   0 |  0   0   0 |  1   0   1 |  0  0  0 |    0    0 |          (0,0,0) |      (0,0,0) | Y
      22    21 |  0   0   0 |  0   1   1 |  1   0   1 |  0  0  0 |    0    0 |          (0,0,0) |      (0,0,0) | Y
      22    22 |  0   0   0 |  0   0   0 |  1   1   0 |  0  0  1 |    0    0 |          (0,0,1) |      (0,0,1) | Y
      22    23 |  0   0   0 |  0   1   1 |  1   1   0 |  0  0  1 |    0    0 |          (0,0,1) |      (0,0,1) | Y
      23    20 |  0   0   0 |  1   0   1 |  1   0   1 |  0  0  0 |    0    0 |          (0,0,0) |      (0,0,0) | Y
      23    21 |  0   0   0 |  1   1   0 |  1   0   0 |  0  1  0 |    0    9 |          (0,1,5) |      (0,1,5) | Y
      23    22 |  0   0   0 |  1   0   1 |  1   1   0 |  0  0  1 |    0    0 |          (0,0,1) |      (0,0,1) | Y
      23    23 |  0   0   0 |  1   1   0 |  1   1   1 |  0  1  1 |    0    9 |          (0,1,5) |      (0,1,5) | Y

== T05 (Zp,p=3,T05): d0=1 reads=(2, 1, 2),(2, 1, 2),(2, 1, 2)  E3=8
   gamma2=9 gamma3=73 w1Phi1=4 w2Phi2=36  bez (l0,l0p)=(1,0) (l1,l1p)=(1,0) (l2,l2p)=(1,0)
   letter orders: zbar=41 z2=5 z1=8   Gamma0=112
       g    gp | s3 s3p s3s | s2 s2p s2s | s1 s1p s1s | d3 d2 d1 | Sig2 Sig1 | measured (a,b,c) | fitted (A,B,C) | ok
     112   112 |  0   0   0 |  0   0   0 |  0   0   0 |  0  0  0 |    0    0 |          (0,0,0) |      (0,0,0) | Y
     112   113 |  0   1   1 |  0   0   0 |  0   0   0 |  0  0  0 |    0    0 |          (0,0,0) |      (0,0,0) | Y
     112   114 |  0   0   0 |  0   1   1 |  0   0   0 |  0  0  0 |    0    0 |          (0,0,0) |      (0,0,0) | Y
     112   115 |  0   1   1 |  0   1   1 |  0   0   0 |  0  0  0 |    0    0 |          (0,0,0) |      (0,0,0) | Y
     112   116 |  0   0   0 |  0   0   0 |  0   1   1 |  0  0  0 |    0    0 |          (0,0,0) |      (0,0,0) | Y
     112   117 |  0   1   1 |  0   0   0 |  0   1   1 |  0  0  0 |    0    0 |          (0,0,0) |      (0,0,0) | Y
     112   118 |  0   0   0 |  0   1   1 |  0   1   1 |  0  0  0 |    0    0 |          (0,0,0) |      (0,0,0) | Y
     112   119 |  0   1   1 |  0   1   1 |  0   1   1 |  0  0  0 |    0    0 |          (0,0,0) |      (0,0,0) | Y
     113   112 |  1   0   1 |  0   0   0 |  0   0   0 |  0  0  0 |    0    0 |          (0,0,0) |      (0,0,0) | Y
     113   113 |  1   1   0 |  0   0   1 |  0   0   0 |  1  0  0 |   73   32 |        (1,36,16) |    (1,36,16) | Y
     113   114 |  1   0   1 |  0   1   1 |  0   0   0 |  0  0  0 |    0    0 |          (0,0,0) |      (0,0,0) | Y
     113   115 |  1   1   0 |  0   1   0 |  0   0   1 |  1  0  0 |   73   41 |        (1,37,20) |    (1,37,20) | Y
     113   116 |  1   0   1 |  0   0   0 |  0   1   1 |  0  0  0 |    0    0 |          (0,0,0) |      (0,0,0) | Y
     113   117 |  1   1   0 |  0   0   1 |  0   1   1 |  1  0  0 |   73   32 |        (1,36,16) |    (1,36,16) | Y
     113   118 |  1   0   1 |  0   1   1 |  0   1   1 |  0  0  0 |    0    0 |          (0,0,0) |      (0,0,0) | Y
     113   119 |  1   1   0 |  0   1   0 |  0   1   0 |  1  0  0 |   73   41 |        (1,37,21) |    (1,37,21) | Y
     114   112 |  0   0   0 |  1   0   1 |  0   0   0 |  0  0  0 |    0    0 |          (0,0,0) |      (0,0,0) | Y
     114   113 |  0   1   1 |  1   0   1 |  0   0   0 |  0  0  0 |    0    0 |          (0,0,0) |      (0,0,0) | Y
     114   114 |  0   0   0 |  1   1   0 |  0   0   1 |  0  1  0 |    0    9 |          (0,1,4) |      (0,1,4) | Y
     114   115 |  0   1   1 |  1   1   0 |  0   0   1 |  0  1  0 |    0    9 |          (0,1,4) |      (0,1,4) | Y
     114   116 |  0   0   0 |  1   0   1 |  0   1   1 |  0  0  0 |    0    0 |          (0,0,0) |      (0,0,0) | Y
     114   117 |  0   1   1 |  1   0   1 |  0   1   1 |  0  0  0 |    0    0 |          (0,0,0) |      (0,0,0) | Y
     114   118 |  0   0   0 |  1   1   0 |  0   1   0 |  0  1  0 |    0    9 |          (0,1,5) |      (0,1,5) | Y
     114   119 |  0   1   1 |  1   1   0 |  0   1   0 |  0  1  0 |    0    9 |          (0,1,5) |      (0,1,5) | Y
     115   112 |  1   0   1 |  1   0   1 |  0   0   0 |  0  0  0 |    0    0 |          (0,0,0) |      (0,0,0) | Y
     115   113 |  1   1   0 |  1   0   0 |  0   0   1 |  1  0  0 |   73   41 |        (1,37,20) |    (1,37,20) | Y
     115   114 |  1   0   1 |  1   1   0 |  0   0   1 |  0  1  0 |    0    9 |          (0,1,4) |      (0,1,4) | Y
     115   115 |  1   1   0 |  1   1   1 |  0   0   1 |  1  1  0 |   73   41 |        (1,37,20) |    (1,37,20) | Y
     115   116 |  1   0   1 |  1   0   1 |  0   1   1 |  0  0  0 |    0    0 |          (0,0,0) |      (0,0,0) | Y
     115   117 |  1   1   0 |  1   0   0 |  0   1   0 |  1  0  0 |   73   41 |        (1,37,21) |    (1,37,21) | Y
     115   118 |  1   0   1 |  1   1   0 |  0   1   0 |  0  1  0 |    0    9 |          (0,1,5) |      (0,1,5) | Y
     115   119 |  1   1   0 |  1   1   1 |  0   1   0 |  1  1  0 |   73   41 |        (1,37,21) |    (1,37,21) | Y
     116   112 |  0   0   0 |  0   0   0 |  1   0   1 |  0  0  0 |    0    0 |          (0,0,0) |      (0,0,0) | Y
     116   113 |  0   1   1 |  0   0   0 |  1   0   1 |  0  0  0 |    0    0 |          (0,0,0) |      (0,0,0) | Y
     116   114 |  0   0   0 |  0   1   1 |  1   0   1 |  0  0  0 |    0    0 |          (0,0,0) |      (0,0,0) | Y
     116   115 |  0   1   1 |  0   1   1 |  1   0   1 |  0  0  0 |    0    0 |          (0,0,0) |      (0,0,0) | Y
     116   116 |  0   0   0 |  0   0   0 |  1   1   0 |  0  0  1 |    0    0 |          (0,0,1) |      (0,0,1) | Y
     116   117 |  0   1   1 |  0   0   0 |  1   1   0 |  0  0  1 |    0    0 |          (0,0,1) |      (0,0,1) | Y
     116   118 |  0   0   0 |  0   1   1 |  1   1   0 |  0  0  1 |    0    0 |          (0,0,1) |      (0,0,1) | Y
     116   119 |  0   1   1 |  0   1   1 |  1   1   0 |  0  0  1 |    0    0 |          (0,0,1) |      (0,0,1) | Y
     117   112 |  1   0   1 |  0   0   0 |  1   0   1 |  0  0  0 |    0    0 |          (0,0,0) |      (0,0,0) | Y
     117   113 |  1   1   0 |  0   0   1 |  1   0   1 |  1  0  0 |   73   32 |        (1,36,16) |    (1,36,16) | Y
     117   114 |  1   0   1 |  0   1   1 |  1   0   1 |  0  0  0 |    0    0 |          (0,0,0) |      (0,0,0) | Y
     117   115 |  1   1   0 |  0   1   0 |  1   0   0 |  1  0  0 |   73   41 |        (1,37,21) |    (1,37,21) | Y
     117   116 |  1   0   1 |  0   0   0 |  1   1   0 |  0  0  1 |    0    0 |          (0,0,1) |      (0,0,1) | Y
     117   117 |  1   1   0 |  0   0   1 |  1   1   0 |  1  0  1 |   73   32 |        (1,36,17) |    (1,36,17) | Y
     117   118 |  1   0   1 |  0   1   1 |  1   1   0 |  0  0  1 |    0    0 |          (0,0,1) |      (0,0,1) | Y
     117   119 |  1   1   0 |  0   1   0 |  1   1   1 |  1  0  1 |   73   41 |        (1,37,21) |    (1,37,21) | Y
     118   112 |  0   0   0 |  1   0   1 |  1   0   1 |  0  0  0 |    0    0 |          (0,0,0) |      (0,0,0) | Y
     118   113 |  0   1   1 |  1   0   1 |  1   0   1 |  0  0  0 |    0    0 |          (0,0,0) |      (0,0,0) | Y
     118   114 |  0   0   0 |  1   1   0 |  1   0   0 |  0  1  0 |    0    9 |          (0,1,5) |      (0,1,5) | Y
     118   115 |  0   1   1 |  1   1   0 |  1   0   0 |  0  1  0 |    0    9 |          (0,1,5) |      (0,1,5) | Y
     118   116 |  0   0   0 |  1   0   1 |  1   1   0 |  0  0  1 |    0    0 |          (0,0,1) |      (0,0,1) | Y
     118   117 |  0   1   1 |  1   0   1 |  1   1   0 |  0  0  1 |    0    0 |          (0,0,1) |      (0,0,1) | Y
     118   118 |  0   0   0 |  1   1   0 |  1   1   1 |  0  1  1 |    0    9 |          (0,1,5) |      (0,1,5) | Y
     118   119 |  0   1   1 |  1   1   0 |  1   1   1 |  0  1  1 |    0    9 |          (0,1,5) |      (0,1,5) | Y
     119   112 |  1   0   1 |  1   0   1 |  1   0   1 |  0  0  0 |    0    0 |          (0,0,0) |      (0,0,0) | Y
     119   113 |  1   1   0 |  1   0   0 |  1   0   0 |  1  0  0 |   73   41 |        (1,37,21) |    (1,37,21) | Y
     119   114 |  1   0   1 |  1   1   0 |  1   0   0 |  0  1  0 |    0    9 |          (0,1,5) |      (0,1,5) | Y
     119   115 |  1   1   0 |  1   1   1 |  1   0   0 |  1  1  0 |   73   41 |        (1,37,21) |    (1,37,21) | Y
     119   116 |  1   0   1 |  1   0   1 |  1   1   0 |  0  0  1 |    0    0 |          (0,0,1) |      (0,0,1) | Y
     119   117 |  1   1   0 |  1   0   0 |  1   1   1 |  1  0  1 |   73   41 |        (1,37,21) |    (1,37,21) | Y
     119   118 |  1   0   1 |  1   1   0 |  1   1   1 |  0  1  1 |    0    9 |          (0,1,5) |      (0,1,5) | Y
     119   119 |  1   1   0 |  1   1   1 |  1   1   1 |  1  1  1 |   73   41 |        (1,37,21) |    (1,37,21) | Y

== T06 (Fpt,p=3,T06): d0=1 reads=(2, 1, 1),(2, 1, 2),(2, 1, 2)  E3=8
   gamma2=5 gamma3=41 w1Phi1=2 w2Phi2=20  bez (l0,l0p)=(1,0) (l1,l1p)=(1,0) (l2,l2p)=(1,0)
   letter orders: zbar=10 z2=8 z1=2   Gamma0=72
       g    gp | s3 s3p s3s | s2 s2p s2s | s1 s1p s1s | d3 d2 d1 | Sig2 Sig1 | measured (a,b,c) | fitted (A,B,C) | ok
      72    72 |  0   0   0 |  0   0   0 |  0   0   0 |  0  0  0 |    0    0 |          (0,0,0) |      (0,0,0) | Y
      72    73 |  0   1   1 |  0   0   0 |  0   0   0 |  0  0  0 |    0    0 |          (0,0,0) |      (0,0,0) | Y
      72    74 |  0   0   0 |  0   1   1 |  0   0   0 |  0  0  0 |    0    0 |          (0,0,0) |      (0,0,0) | Y
      72    75 |  0   1   1 |  0   1   1 |  0   0   0 |  0  0  0 |    0    0 |          (0,0,0) |      (0,0,0) | Y
      72    76 |  0   0   0 |  0   0   0 |  0   1   1 |  0  0  0 |    0    0 |          (0,0,0) |      (0,0,0) | Y
      72    77 |  0   1   1 |  0   0   0 |  0   1   1 |  0  0  0 |    0    0 |          (0,0,0) |      (0,0,0) | Y
      72    78 |  0   0   0 |  0   1   1 |  0   1   1 |  0  0  0 |    0    0 |          (0,0,0) |      (0,0,0) | Y
      72    79 |  0   1   1 |  0   1   1 |  0   1   1 |  0  0  0 |    0    0 |          (0,0,0) |      (0,0,0) | Y
      73    72 |  1   0   1 |  0   0   0 |  0   0   0 |  0  0  0 |    0    0 |          (0,0,0) |      (0,0,0) | Y
      73    73 |  1   1   0 |  0   0   1 |  0   0   0 |  1  0  0 |   41   18 |         (1,20,9) |     (1,20,9) | Y
      73    74 |  1   0   1 |  0   1   1 |  0   0   0 |  0  0  0 |    0    0 |          (0,0,0) |      (0,0,0) | Y
      73    75 |  1   1   0 |  0   1   0 |  0   0   1 |  1  0  0 |   41   23 |        (1,21,11) |    (1,21,11) | Y
      73    76 |  1   0   1 |  0   0   0 |  0   1   1 |  0  0  0 |    0    0 |          (0,0,0) |      (0,0,0) | Y
      73    77 |  1   1   0 |  0   0   1 |  0   1   1 |  1  0  0 |   41   18 |         (1,20,9) |     (1,20,9) | Y
      73    78 |  1   0   1 |  0   1   1 |  0   1   1 |  0  0  0 |    0    0 |          (0,0,0) |      (0,0,0) | Y
      73    79 |  1   1   0 |  0   1   0 |  0   1   0 |  1  0  0 |   41   23 |        (1,21,12) |    (1,21,12) | Y
      74    72 |  0   0   0 |  1   0   1 |  0   0   0 |  0  0  0 |    0    0 |          (0,0,0) |      (0,0,0) | Y
      74    73 |  0   1   1 |  1   0   1 |  0   0   0 |  0  0  0 |    0    0 |          (0,0,0) |      (0,0,0) | Y
      74    74 |  0   0   0 |  1   1   0 |  0   0   1 |  0  1  0 |    0    5 |          (0,1,2) |      (0,1,2) | Y
      74    75 |  0   1   1 |  1   1   0 |  0   0   1 |  0  1  0 |    0    5 |          (0,1,2) |      (0,1,2) | Y
      74    76 |  0   0   0 |  1   0   1 |  0   1   1 |  0  0  0 |    0    0 |          (0,0,0) |      (0,0,0) | Y
      74    77 |  0   1   1 |  1   0   1 |  0   1   1 |  0  0  0 |    0    0 |          (0,0,0) |      (0,0,0) | Y
      74    78 |  0   0   0 |  1   1   0 |  0   1   0 |  0  1  0 |    0    5 |          (0,1,3) |      (0,1,3) | Y
      74    79 |  0   1   1 |  1   1   0 |  0   1   0 |  0  1  0 |    0    5 |          (0,1,3) |      (0,1,3) | Y
      75    72 |  1   0   1 |  1   0   1 |  0   0   0 |  0  0  0 |    0    0 |          (0,0,0) |      (0,0,0) | Y
      75    73 |  1   1   0 |  1   0   0 |  0   0   1 |  1  0  0 |   41   23 |        (1,21,11) |    (1,21,11) | Y
      75    74 |  1   0   1 |  1   1   0 |  0   0   1 |  0  1  0 |    0    5 |          (0,1,2) |      (0,1,2) | Y
      75    75 |  1   1   0 |  1   1   1 |  0   0   1 |  1  1  0 |   41   23 |        (1,21,11) |    (1,21,11) | Y
      75    76 |  1   0   1 |  1   0   1 |  0   1   1 |  0  0  0 |    0    0 |          (0,0,0) |      (0,0,0) | Y
      75    77 |  1   1   0 |  1   0   0 |  0   1   0 |  1  0  0 |   41   23 |        (1,21,12) |    (1,21,12) | Y
      75    78 |  1   0   1 |  1   1   0 |  0   1   0 |  0  1  0 |    0    5 |          (0,1,3) |      (0,1,3) | Y
      75    79 |  1   1   0 |  1   1   1 |  0   1   0 |  1  1  0 |   41   23 |        (1,21,12) |    (1,21,12) | Y
      76    72 |  0   0   0 |  0   0   0 |  1   0   1 |  0  0  0 |    0    0 |          (0,0,0) |      (0,0,0) | Y
      76    73 |  0   1   1 |  0   0   0 |  1   0   1 |  0  0  0 |    0    0 |          (0,0,0) |      (0,0,0) | Y
      76    74 |  0   0   0 |  0   1   1 |  1   0   1 |  0  0  0 |    0    0 |          (0,0,0) |      (0,0,0) | Y
      76    75 |  0   1   1 |  0   1   1 |  1   0   1 |  0  0  0 |    0    0 |          (0,0,0) |      (0,0,0) | Y
      76    76 |  0   0   0 |  0   0   0 |  1   1   0 |  0  0  1 |    0    0 |       (0,0,1)*i1 |      (0,0,1) | Y
      76    77 |  0   1   1 |  0   0   0 |  1   1   0 |  0  0  1 |    0    0 |       (0,0,1)*i1 |      (0,0,1) | Y
      76    78 |  0   0   0 |  0   1   1 |  1   1   0 |  0  0  1 |    0    0 |       (0,0,1)*i1 |      (0,0,1) | Y
      76    79 |  0   1   1 |  0   1   1 |  1   1   0 |  0  0  1 |    0    0 |       (0,0,1)*i1 |      (0,0,1) | Y
      77    72 |  1   0   1 |  0   0   0 |  1   0   1 |  0  0  0 |    0    0 |          (0,0,0) |      (0,0,0) | Y
      77    73 |  1   1   0 |  0   0   1 |  1   0   1 |  1  0  0 |   41   18 |         (1,20,9) |     (1,20,9) | Y
      77    74 |  1   0   1 |  0   1   1 |  1   0   1 |  0  0  0 |    0    0 |          (0,0,0) |      (0,0,0) | Y
      77    75 |  1   1   0 |  0   1   0 |  1   0   0 |  1  0  0 |   41   23 |        (1,21,12) |    (1,21,12) | Y
      77    76 |  1   0   1 |  0   0   0 |  1   1   0 |  0  0  1 |    0    0 |       (0,0,1)*i1 |      (0,0,1) | Y
      77    77 |  1   1   0 |  0   0   1 |  1   1   0 |  1  0  1 |   41   18 |     (1,20,10)*i1 |    (1,20,10) | Y
      77    78 |  1   0   1 |  0   1   1 |  1   1   0 |  0  0  1 |    0    0 |       (0,0,1)*i1 |      (0,0,1) | Y
      77    79 |  1   1   0 |  0   1   0 |  1   1   1 |  1  0  1 |   41   23 |     (1,21,12)*i1 |    (1,21,12) | Y
      78    72 |  0   0   0 |  1   0   1 |  1   0   1 |  0  0  0 |    0    0 |          (0,0,0) |      (0,0,0) | Y
      78    73 |  0   1   1 |  1   0   1 |  1   0   1 |  0  0  0 |    0    0 |          (0,0,0) |      (0,0,0) | Y
      78    74 |  0   0   0 |  1   1   0 |  1   0   0 |  0  1  0 |    0    5 |          (0,1,3) |      (0,1,3) | Y
      78    75 |  0   1   1 |  1   1   0 |  1   0   0 |  0  1  0 |    0    5 |          (0,1,3) |      (0,1,3) | Y
      78    76 |  0   0   0 |  1   0   1 |  1   1   0 |  0  0  1 |    0    0 |       (0,0,1)*i1 |      (0,0,1) | Y
      78    77 |  0   1   1 |  1   0   1 |  1   1   0 |  0  0  1 |    0    0 |       (0,0,1)*i1 |      (0,0,1) | Y
      78    78 |  0   0   0 |  1   1   0 |  1   1   1 |  0  1  1 |    0    5 |       (0,1,3)*i1 |      (0,1,3) | Y
      78    79 |  0   1   1 |  1   1   0 |  1   1   1 |  0  1  1 |    0    5 |       (0,1,3)*i1 |      (0,1,3) | Y
      79    72 |  1   0   1 |  1   0   1 |  1   0   1 |  0  0  0 |    0    0 |          (0,0,0) |      (0,0,0) | Y
      79    73 |  1   1   0 |  1   0   0 |  1   0   0 |  1  0  0 |   41   23 |        (1,21,12) |    (1,21,12) | Y
      79    74 |  1   0   1 |  1   1   0 |  1   0   0 |  0  1  0 |    0    5 |          (0,1,3) |      (0,1,3) | Y
      79    75 |  1   1   0 |  1   1   1 |  1   0   0 |  1  1  0 |   41   23 |        (1,21,12) |    (1,21,12) | Y
      79    76 |  1   0   1 |  1   0   1 |  1   1   0 |  0  0  1 |    0    0 |       (0,0,1)*i1 |      (0,0,1) | Y
      79    77 |  1   1   0 |  1   0   0 |  1   1   1 |  1  0  1 |   41   23 |     (1,21,12)*i1 |    (1,21,12) | Y
      79    78 |  1   0   1 |  1   1   0 |  1   1   1 |  0  1  1 |    0    5 |       (0,1,3)*i1 |      (0,1,3) | Y
      79    79 |  1   1   0 |  1   1   1 |  1   1   1 |  1  1  1 |   41   23 |     (1,21,12)*i1 |    (1,21,12) | Y

== T07 (Zp,p=3,T07): d0=1 reads=(2, 1, 2),(2, 3, 1),(2, 1, 2)  E3=8
   gamma2=11 gamma3=45 w1Phi1=4 w2Phi2=22  bez (l0,l0p)=(1,0) (l1,l1p)=(1,-1) (l2,l2p)=(1,0)
   letter orders: zbar=10 z2=2 z1=8   Gamma0=88
       g    gp | s3 s3p s3s | s2 s2p s2s | s1 s1p s1s | d3 d2 d1 | Sig2 Sig1 | measured (a,b,c) | fitted (A,B,C) | ok
      88    88 |  0   0   0 |  0   0   0 |  0   0   0 |  0  0  0 |    0    0 |          (0,0,0) |      (0,0,0) | Y
      88    89 |  0   1   1 |  0   0   0 |  0   1   1 |  0  0  0 |    0    0 |          (0,0,0) |      (0,0,0) | Y
      88    90 |  0   0   0 |  0   1   1 |  0   1   1 |  0  0  0 |    0    0 |          (0,0,0) |      (0,0,0) | Y
      88    91 |  0   1   1 |  0   1   1 |  0   0   0 |  0  0  0 |    0    0 |          (0,0,0) |      (0,0,0) | Y
      88    92 |  0   0   0 |  0   0   0 |  0   1   1 |  0  0  0 |    0    0 |          (0,0,0) |      (0,0,0) | Y
      88    93 |  0   1   1 |  0   0   0 |  0   0   0 |  0  0  0 |    0    0 |          (0,0,0) |      (0,0,0) | Y
      88    94 |  0   0   0 |  0   1   1 |  0   0   0 |  0  0  0 |    0    0 |          (0,0,0) |      (0,0,0) | Y
      88    95 |  0   1   1 |  0   1   1 |  0   1   1 |  0  0  0 |    0    0 |          (0,0,0) |      (0,0,0) | Y
      89    88 |  1   0   1 |  0   0   0 |  1   0   1 |  0  0  0 |    0    0 |          (0,0,0) |      (0,0,0) | Y
      89    89 |  1   1   0 |  0   0   1 |  1   1   1 |  1  0  1 |   45   17 |         (1,22,9) |     (1,22,9) | Y
      89    90 |  1   0   1 |  0   1   1 |  1   1   0 |  0  0  1 |    0    0 |          (0,0,1) |      (0,0,1) | Y
      89    91 |  1   1   0 |  0   1   0 |  1   0   1 |  1  0  0 |   45   28 |        (1,23,14) |    (1,23,14) | Y
      89    92 |  1   0   1 |  0   0   0 |  1   1   0 |  0  0  1 |    0    0 |          (0,0,1) |      (0,0,1) | Y
      89    93 |  1   1   0 |  0   0   1 |  1   0   0 |  1  0  0 |   45   17 |         (1,22,9) |     (1,22,9) | Y
      89    94 |  1   0   1 |  0   1   1 |  1   0   1 |  0  0  0 |    0    0 |          (0,0,0) |      (0,0,0) | Y
      89    95 |  1   1   0 |  0   1   0 |  1   1   0 |  1  0  1 |   45   28 |        (1,23,15) |    (1,23,15) | Y
      90    88 |  0   0   0 |  1   0   1 |  1   0   1 |  0  0  0 |    0    0 |          (0,0,0) |      (0,0,0) | Y
      90    89 |  0   1   1 |  1   0   1 |  1   1   0 |  0  0  1 |    0    0 |          (0,0,1) |      (0,0,1) | Y
      90    90 |  0   0   0 |  1   1   0 |  1   1   1 |  0  1  1 |    0   11 |        nonstruct |      (0,1,6) | Y
      90    91 |  0   1   1 |  1   1   0 |  1   0   0 |  0  1  0 |    0   11 |        nonstruct |      (0,1,6) | Y
      90    92 |  0   0   0 |  1   0   1 |  1   1   0 |  0  0  1 |    0    0 |          (0,0,1) |      (0,0,1) | Y
      90    93 |  0   1   1 |  1   0   1 |  1   0   1 |  0  0  0 |    0    0 |          (0,0,0) |      (0,0,0) | Y
      90    94 |  0   0   0 |  1   1   0 |  1   0   0 |  0  1  0 |    0   11 |        nonstruct |      (0,1,6) | Y
      90    95 |  0   1   1 |  1   1   0 |  1   1   1 |  0  1  1 |    0   11 |        nonstruct |      (0,1,6) | Y
      91    88 |  1   0   1 |  1   0   1 |  0   0   0 |  0  0  0 |    0    0 |          (0,0,0) |      (0,0,0) | Y
      91    89 |  1   1   0 |  1   0   0 |  0   1   1 |  1  0  0 |   45   28 |        (1,23,14) |    (1,23,14) | Y
      91    90 |  1   0   1 |  1   1   0 |  0   1   0 |  0  1  0 |    0   11 |        nonstruct |      (0,1,6) | Y
      91    91 |  1   1   0 |  1   1   1 |  0   0   0 |  1  1  0 |   45   28 |     (1,22,10)*m2 |    (1,23,14) | Y
      91    92 |  1   0   1 |  1   0   1 |  0   1   1 |  0  0  0 |    0    0 |          (0,0,0) |      (0,0,0) | Y
      91    93 |  1   1   0 |  1   0   0 |  0   0   0 |  1  0  0 |   45   28 |        (1,23,14) |    (1,23,14) | Y
      91    94 |  1   0   1 |  1   1   0 |  0   0   1 |  0  1  0 |    0   11 |       (0,0,1)*m2 |      (0,1,5) | Y
      91    95 |  1   1   0 |  1   1   1 |  0   1   1 |  1  1  0 |   45   28 |        nonstruct |    (1,23,14) | Y
      92    88 |  0   0   0 |  0   0   0 |  1   0   1 |  0  0  0 |    0    0 |          (0,0,0) |      (0,0,0) | Y
      92    89 |  0   1   1 |  0   0   0 |  1   1   0 |  0  0  1 |    0    0 |          (0,0,1) |      (0,0,1) | Y
      92    90 |  0   0   0 |  0   1   1 |  1   1   0 |  0  0  1 |    0    0 |          (0,0,1) |      (0,0,1) | Y
      92    91 |  0   1   1 |  0   1   1 |  1   0   1 |  0  0  0 |    0    0 |          (0,0,0) |      (0,0,0) | Y
      92    92 |  0   0   0 |  0   0   0 |  1   1   0 |  0  0  1 |    0    0 |          (0,0,1) |      (0,0,1) | Y
      92    93 |  0   1   1 |  0   0   0 |  1   0   1 |  0  0  0 |    0    0 |          (0,0,0) |      (0,0,0) | Y
      92    94 |  0   0   0 |  0   1   1 |  1   0   1 |  0  0  0 |    0    0 |          (0,0,0) |      (0,0,0) | Y
      92    95 |  0   1   1 |  0   1   1 |  1   1   0 |  0  0  1 |    0    0 |          (0,0,1) |      (0,0,1) | Y
      93    88 |  1   0   1 |  0   0   0 |  0   0   0 |  0  0  0 |    0    0 |          (0,0,0) |      (0,0,0) | Y
      93    89 |  1   1   0 |  0   0   1 |  0   1   0 |  1  0  0 |   45   17 |         (1,22,9) |     (1,22,9) | Y
      93    90 |  1   0   1 |  0   1   1 |  0   1   1 |  0  0  0 |    0    0 |          (0,0,0) |      (0,0,0) | Y
      93    91 |  1   1   0 |  0   1   0 |  0   0   0 |  1  0  0 |   45   28 |        (1,23,14) |    (1,23,14) | Y
      93    92 |  1   0   1 |  0   0   0 |  0   1   1 |  0  0  0 |    0    0 |          (0,0,0) |      (0,0,0) | Y
      93    93 |  1   1   0 |  0   0   1 |  0   0   1 |  1  0  0 |   45   17 |         (1,22,8) |     (1,22,8) | Y
      93    94 |  1   0   1 |  0   1   1 |  0   0   0 |  0  0  0 |    0    0 |          (0,0,0) |      (0,0,0) | Y
      93    95 |  1   1   0 |  0   1   0 |  0   1   1 |  1  0  0 |   45   28 |        (1,23,14) |    (1,23,14) | Y
      94    88 |  0   0   0 |  1   0   1 |  0   0   0 |  0  0  0 |    0    0 |          (0,0,0) |      (0,0,0) | Y
      94    89 |  0   1   1 |  1   0   1 |  0   1   1 |  0  0  0 |    0    0 |          (0,0,0) |      (0,0,0) | Y
      94    90 |  0   0   0 |  1   1   0 |  0   1   0 |  0  1  0 |    0   11 |        nonstruct |      (0,1,6) | Y
      94    91 |  0   1   1 |  1   1   0 |  0   0   1 |  0  1  0 |    0   11 |       (0,0,1)*m2 |      (0,1,5) | Y
      94    92 |  0   0   0 |  1   0   1 |  0   1   1 |  0  0  0 |    0    0 |          (0,0,0) |      (0,0,0) | Y
      94    93 |  0   1   1 |  1   0   1 |  0   0   0 |  0  0  0 |    0    0 |          (0,0,0) |      (0,0,0) | Y
      94    94 |  0   0   0 |  1   1   0 |  0   0   1 |  0  1  0 |    0   11 |       (0,0,1)*m2 |      (0,1,5) | Y
      94    95 |  0   1   1 |  1   1   0 |  0   1   0 |  0  1  0 |    0   11 |        nonstruct |      (0,1,6) | Y
      95    88 |  1   0   1 |  1   0   1 |  1   0   1 |  0  0  0 |    0    0 |          (0,0,0) |      (0,0,0) | Y
      95    89 |  1   1   0 |  1   0   0 |  1   1   0 |  1  0  1 |   45   28 |        (1,23,15) |    (1,23,15) | Y
      95    90 |  1   0   1 |  1   1   0 |  1   1   1 |  0  1  1 |    0   11 |        nonstruct |      (0,1,6) | Y
      95    91 |  1   1   0 |  1   1   1 |  1   0   1 |  1  1  0 |   45   28 |        nonstruct |    (1,23,14) | Y
      95    92 |  1   0   1 |  1   0   1 |  1   1   0 |  0  0  1 |    0    0 |          (0,0,1) |      (0,0,1) | Y
      95    93 |  1   1   0 |  1   0   0 |  1   0   1 |  1  0  0 |   45   28 |        (1,23,14) |    (1,23,14) | Y
      95    94 |  1   0   1 |  1   1   0 |  1   0   0 |  0  1  0 |    0   11 |        nonstruct |      (0,1,6) | Y
      95    95 |  1   1   0 |  1   1   1 |  1   1   0 |  1  1  1 |   45   28 |        nonstruct |    (1,23,15) | Y

== T08 (Fpt,p=2,T08): d0=1 reads=(2, 1, 1),(2, 1, 1),(2, 1, 2)  E3=8
   gamma2=5 gamma3=21 w1Phi1=2 w2Phi2=10  bez (l0,l0p)=(1,0) (l1,l1p)=(1,0) (l2,l2p)=(1,0)
   letter orders: zbar=3 z2=1 z1=1   Gamma0=48
       g    gp | s3 s3p s3s | s2 s2p s2s | s1 s1p s1s | d3 d2 d1 | Sig2 Sig1 | measured (a,b,c) | fitted (A,B,C) | ok
      48    48 |  0   0   0 |  0   0   0 |  0   0   0 |  0  0  0 |    0    0 |          (0,0,0) |      (0,0,0) | Y
      48    49 |  0   1   1 |  0   0   0 |  0   1   1 |  0  0  0 |    0    0 |          (0,0,0) |      (0,0,0) | Y
      48    50 |  0   0   0 |  0   1   1 |  0   0   0 |  0  0  0 |    0    0 |          (0,0,0) |      (0,0,0) | Y
      48    51 |  0   1   1 |  0   1   1 |  0   1   1 |  0  0  0 |    0    0 |          (0,0,0) |      (0,0,0) | Y
      48    52 |  0   0   0 |  0   0   0 |  0   1   1 |  0  0  0 |    0    0 |          (0,0,0) |      (0,0,0) | Y
      48    53 |  0   1   1 |  0   0   0 |  0   0   0 |  0  0  0 |    0    0 |          (0,0,0) |      (0,0,0) | Y
      48    54 |  0   0   0 |  0   1   1 |  0   1   1 |  0  0  0 |    0    0 |          (0,0,0) |      (0,0,0) | Y
      48    55 |  0   1   1 |  0   1   1 |  0   0   0 |  0  0  0 |    0    0 |          (0,0,0) |      (0,0,0) | Y
      49    48 |  1   0   1 |  0   0   0 |  1   0   1 |  0  0  0 |    0    0 |          (0,0,0) |      (0,0,0) | Y
      49    49 |  1   1   0 |  0   0   1 |  1   1   0 |  1  0  1 |   21    8 |      (1,10,4)*i1 |     (1,10,5) | Y
      49    50 |  1   0   1 |  0   1   1 |  1   0   1 |  0  0  0 |    0    0 |          (0,0,0) |      (0,0,0) | Y
      49    51 |  1   1   0 |  0   1   0 |  1   1   1 |  1  0  1 |   21   13 |      (1,11,6)*i1 |     (1,11,7) | Y
      49    52 |  1   0   1 |  0   0   0 |  1   1   0 |  0  0  1 |    0    0 |       (0,0,0)*i1 |      (0,0,1) | Y
      49    53 |  1   1   0 |  0   0   1 |  1   0   1 |  1  0  0 |   21    8 |         (1,10,4) |     (1,10,4) | Y
      49    54 |  1   0   1 |  0   1   1 |  1   1   0 |  0  0  1 |    0    0 |       (0,0,0)*i1 |      (0,0,1) | Y
      49    55 |  1   1   0 |  0   1   0 |  1   0   0 |  1  0  0 |   21   13 |         (1,11,7) |     (1,11,7) | Y
      50    48 |  0   0   0 |  1   0   1 |  0   0   0 |  0  0  0 |    0    0 |          (0,0,0) |      (0,0,0) | Y
      50    49 |  0   1   1 |  1   0   1 |  0   1   1 |  0  0  0 |    0    0 |          (0,0,0) |      (0,0,0) | Y
      50    50 |  0   0   0 |  1   1   0 |  0   0   1 |  0  1  0 |    0    5 |       (0,0,0)*m2 |      (0,1,2) | Y
      50    51 |  0   1   1 |  1   1   0 |  0   1   0 |  0  1  0 |    0    5 |       (0,0,0)*m2 |      (0,1,3) | Y
      50    52 |  0   0   0 |  1   0   1 |  0   1   1 |  0  0  0 |    0    0 |          (0,0,0) |      (0,0,0) | Y
      50    53 |  0   1   1 |  1   0   1 |  0   0   0 |  0  0  0 |    0    0 |          (0,0,0) |      (0,0,0) | Y
      50    54 |  0   0   0 |  1   1   0 |  0   1   0 |  0  1  0 |    0    5 |       (0,0,0)*m2 |      (0,1,3) | Y
      50    55 |  0   1   1 |  1   1   0 |  0   0   1 |  0  1  0 |    0    5 |       (0,0,0)*m2 |      (0,1,2) | Y
      51    48 |  1   0   1 |  1   0   1 |  1   0   1 |  0  0  0 |    0    0 |          (0,0,0) |      (0,0,0) | Y
      51    49 |  1   1   0 |  1   0   0 |  1   1   1 |  1  0  1 |   21   13 |      (1,11,6)*i1 |     (1,11,7) | Y
      51    50 |  1   0   1 |  1   1   0 |  1   0   0 |  0  1  0 |    0    5 |       (0,0,0)*m2 |      (0,1,3) | Y
      51    51 |  1   1   0 |  1   1   1 |  1   1   1 |  1  1  1 |   21   13 |   (1,10,4)*m2*i1 |     (1,11,7) | Y
      51    52 |  1   0   1 |  1   0   1 |  1   1   0 |  0  0  1 |    0    0 |       (0,0,0)*i1 |      (0,0,1) | Y
      51    53 |  1   1   0 |  1   0   0 |  1   0   0 |  1  0  0 |   21   13 |         (1,11,7) |     (1,11,7) | Y
      51    54 |  1   0   1 |  1   1   0 |  1   1   1 |  0  1  1 |    0    5 |    (0,0,0)*m2*i1 |      (0,1,3) | Y
      51    55 |  1   1   0 |  1   1   1 |  1   0   0 |  1  1  0 |   21   13 |      (1,10,4)*m2 |     (1,11,7) | Y
      52    48 |  0   0   0 |  0   0   0 |  1   0   1 |  0  0  0 |    0    0 |          (0,0,0) |      (0,0,0) | Y
      52    49 |  0   1   1 |  0   0   0 |  1   1   0 |  0  0  1 |    0    0 |       (0,0,0)*i1 |      (0,0,1) | Y
      52    50 |  0   0   0 |  0   1   1 |  1   0   1 |  0  0  0 |    0    0 |          (0,0,0) |      (0,0,0) | Y
      52    51 |  0   1   1 |  0   1   1 |  1   1   0 |  0  0  1 |    0    0 |       (0,0,0)*i1 |      (0,0,1) | Y
      52    52 |  0   0   0 |  0   0   0 |  1   1   0 |  0  0  1 |    0    0 |       (0,0,0)*i1 |      (0,0,1) | Y
      52    53 |  0   1   1 |  0   0   0 |  1   0   1 |  0  0  0 |    0    0 |          (0,0,0) |      (0,0,0) | Y
      52    54 |  0   0   0 |  0   1   1 |  1   1   0 |  0  0  1 |    0    0 |       (0,0,0)*i1 |      (0,0,1) | Y
      52    55 |  0   1   1 |  0   1   1 |  1   0   1 |  0  0  0 |    0    0 |          (0,0,0) |      (0,0,0) | Y
      53    48 |  1   0   1 |  0   0   0 |  0   0   0 |  0  0  0 |    0    0 |          (0,0,0) |      (0,0,0) | Y
      53    49 |  1   1   0 |  0   0   1 |  0   1   1 |  1  0  0 |   21    8 |         (1,10,4) |     (1,10,4) | Y
      53    50 |  1   0   1 |  0   1   1 |  0   0   0 |  0  0  0 |    0    0 |          (0,0,0) |      (0,0,0) | Y
      53    51 |  1   1   0 |  0   1   0 |  0   1   0 |  1  0  0 |   21   13 |         (1,11,7) |     (1,11,7) | Y
      53    52 |  1   0   1 |  0   0   0 |  0   1   1 |  0  0  0 |    0    0 |          (0,0,0) |      (0,0,0) | Y
      53    53 |  1   1   0 |  0   0   1 |  0   0   0 |  1  0  0 |   21    8 |         (1,10,4) |     (1,10,4) | Y
      53    54 |  1   0   1 |  0   1   1 |  0   1   1 |  0  0  0 |    0    0 |          (0,0,0) |      (0,0,0) | Y
      53    55 |  1   1   0 |  0   1   0 |  0   0   1 |  1  0  0 |   21   13 |         (1,11,6) |     (1,11,6) | Y
      54    48 |  0   0   0 |  1   0   1 |  1   0   1 |  0  0  0 |    0    0 |          (0,0,0) |      (0,0,0) | Y
      54    49 |  0   1   1 |  1   0   1 |  1   1   0 |  0  0  1 |    0    0 |       (0,0,0)*i1 |      (0,0,1) | Y
      54    50 |  0   0   0 |  1   1   0 |  1   0   0 |  0  1  0 |    0    5 |       (0,0,0)*m2 |      (0,1,3) | Y
      54    51 |  0   1   1 |  1   1   0 |  1   1   1 |  0  1  1 |    0    5 |    (0,0,0)*m2*i1 |      (0,1,3) | Y
      54    52 |  0   0   0 |  1   0   1 |  1   1   0 |  0  0  1 |    0    0 |       (0,0,0)*i1 |      (0,0,1) | Y
      54    53 |  0   1   1 |  1   0   1 |  1   0   1 |  0  0  0 |    0    0 |          (0,0,0) |      (0,0,0) | Y
      54    54 |  0   0   0 |  1   1   0 |  1   1   1 |  0  1  1 |    0    5 |    (0,0,0)*m2*i1 |      (0,1,3) | Y
      54    55 |  0   1   1 |  1   1   0 |  1   0   0 |  0  1  0 |    0    5 |       (0,0,0)*m2 |      (0,1,3) | Y
      55    48 |  1   0   1 |  1   0   1 |  0   0   0 |  0  0  0 |    0    0 |          (0,0,0) |      (0,0,0) | Y
      55    49 |  1   1   0 |  1   0   0 |  0   1   0 |  1  0  0 |   21   13 |         (1,11,7) |     (1,11,7) | Y
      55    50 |  1   0   1 |  1   1   0 |  0   0   1 |  0  1  0 |    0    5 |       (0,0,0)*m2 |      (0,1,2) | Y
      55    51 |  1   1   0 |  1   1   1 |  0   1   0 |  1  1  0 |   21   13 |      (1,10,4)*m2 |     (1,11,7) | Y
      55    52 |  1   0   1 |  1   0   1 |  0   1   1 |  0  0  0 |    0    0 |          (0,0,0) |      (0,0,0) | Y
      55    53 |  1   1   0 |  1   0   0 |  0   0   1 |  1  0  0 |   21   13 |         (1,11,6) |     (1,11,6) | Y
      55    54 |  1   0   1 |  1   1   0 |  0   1   0 |  0  1  0 |    0    5 |       (0,0,0)*m2 |      (0,1,3) | Y
      55    55 |  1   1   0 |  1   1   1 |  0   0   1 |  1  1  0 |   21   13 |      (1,10,4)*m2 |     (1,11,6) | Y

== T09 (Zp,p=3,T09): d0=1 reads=(3, 2, 2),(1, 1, 2),(2, 1, 2)  E3=6
   gamma2=13 gamma3=53 w1Phi1=12 w2Phi2=26  bez (l0,l0p)=(2,-1) (l1,l1p)=(0,1) (l2,l2p)=(1,0)
   letter orders: zbar=41 z2=10 z1=8   Gamma0=84
       g    gp | s3 s3p s3s | s2 s2p s2s | s1 s1p s1s | d3 d2 d1 | Sig2 Sig1 | measured (a,b,c) | fitted (A,B,C) | ok
      84    84 |  0   0   0 |  0   0   0 |  0   0   0 |  0  0  0 |    0    0 |          (0,0,0) |      (0,0,0) | Y
      84    85 |  0   1   1 |  0   0   0 |  0   2   2 |  0  0  0 |    0    0 |          (0,0,0) |      (0,0,0) | Y
      84    86 |  0   0   0 |  0   0   0 |  0   2   2 |  0  0  0 |    0    0 |          (0,0,0) |      (0,0,0) | Y
      84    87 |  0   1   1 |  0   0   0 |  0   1   1 |  0  0  0 |    0    0 |          (0,0,0) |      (0,0,0) | Y
      84    88 |  0   0   0 |  0   0   0 |  0   1   1 |  0  0  0 |    0    0 |          (0,0,0) |      (0,0,0) | Y
      84    89 |  0   1   1 |  0   0   0 |  0   0   0 |  0  0  0 |    0    0 |          (0,0,0) |      (0,0,0) | Y
      85    84 |  1   0   1 |  0   0   0 |  2   0   2 |  0  0  0 |    0    0 |          (0,0,0) |      (0,0,0) | Y
      85    85 |  1   1   0 |  0   0   0 |  2   2   2 |  1  0  1 |   53   53 |         (1,0,36) |     (1,0,36) | Y
      85    86 |  1   0   1 |  0   0   0 |  2   2   1 |  0  0  1 |    0    0 |          (0,0,1) |      (0,0,1) | Y
      85    87 |  1   1   0 |  0   0   0 |  2   1   1 |  1  0  1 |   53   53 |         (1,0,36) |     (1,0,36) | Y
      85    88 |  1   0   1 |  0   0   0 |  2   1   0 |  0  0  1 |    0    0 |          (0,0,1) |      (0,0,1) | Y
      85    89 |  1   1   0 |  0   0   0 |  2   0   0 |  1  0  0 |   53   53 |         (1,0,36) |     (1,0,36) | Y
      86    84 |  0   0   0 |  0   0   0 |  2   0   2 |  0  0  0 |    0    0 |          (0,0,0) |      (0,0,0) | Y
      86    85 |  0   1   1 |  0   0   0 |  2   2   1 |  0  0  1 |    0    0 |          (0,0,1) |      (0,0,1) | Y
      86    86 |  0   0   0 |  0   0   0 |  2   2   1 |  0  0  1 |    0    0 |          (0,0,1) |      (0,0,1) | Y
      86    87 |  0   1   1 |  0   0   0 |  2   1   0 |  0  0  1 |    0    0 |          (0,0,1) |      (0,0,1) | Y
      86    88 |  0   0   0 |  0   0   0 |  2   1   0 |  0  0  1 |    0    0 |          (0,0,1) |      (0,0,1) | Y
      86    89 |  0   1   1 |  0   0   0 |  2   0   2 |  0  0  0 |    0    0 |          (0,0,0) |      (0,0,0) | Y
      87    84 |  1   0   1 |  0   0   0 |  1   0   1 |  0  0  0 |    0    0 |          (0,0,0) |      (0,0,0) | Y
      87    85 |  1   1   0 |  0   0   0 |  1   2   1 |  1  0  1 |   53   53 |         (1,0,36) |     (1,0,36) | Y
      87    86 |  1   0   1 |  0   0   0 |  1   2   0 |  0  0  1 |    0    0 |          (0,0,1) |      (0,0,1) | Y
      87    87 |  1   1   0 |  0   0   0 |  1   1   0 |  1  0  0 |   53   53 |         (1,0,36) |     (1,0,36) | Y
      87    88 |  1   0   1 |  0   0   0 |  1   1   2 |  0  0  0 |    0    0 |          (0,0,0) |      (0,0,0) | Y
      87    89 |  1   1   0 |  0   0   0 |  1   0   2 |  1  0  0 |   53   53 |         (1,0,35) |     (1,0,35) | Y
      88    84 |  0   0   0 |  0   0   0 |  1   0   1 |  0  0  0 |    0    0 |          (0,0,0) |      (0,0,0) | Y
      88    85 |  0   1   1 |  0   0   0 |  1   2   0 |  0  0  1 |    0    0 |          (0,0,1) |      (0,0,1) | Y
      88    86 |  0   0   0 |  0   0   0 |  1   2   0 |  0  0  1 |    0    0 |          (0,0,1) |      (0,0,1) | Y
      88    87 |  0   1   1 |  0   0   0 |  1   1   2 |  0  0  0 |    0    0 |          (0,0,0) |      (0,0,0) | Y
      88    88 |  0   0   0 |  0   0   0 |  1   1   2 |  0  0  0 |    0    0 |          (0,0,0) |      (0,0,0) | Y
      88    89 |  0   1   1 |  0   0   0 |  1   0   1 |  0  0  0 |    0    0 |          (0,0,0) |      (0,0,0) | Y
      89    84 |  1   0   1 |  0   0   0 |  0   0   0 |  0  0  0 |    0    0 |          (0,0,0) |      (0,0,0) | Y
      89    85 |  1   1   0 |  0   0   0 |  0   2   0 |  1  0  0 |   53   53 |         (1,0,36) |     (1,0,36) | Y
      89    86 |  1   0   1 |  0   0   0 |  0   2   2 |  0  0  0 |    0    0 |          (0,0,0) |      (0,0,0) | Y
      89    87 |  1   1   0 |  0   0   0 |  0   1   2 |  1  0  0 |   53   53 |         (1,0,35) |     (1,0,35) | Y
      89    88 |  1   0   1 |  0   0   0 |  0   1   1 |  0  0  0 |    0    0 |          (0,0,0) |      (0,0,0) | Y
      89    89 |  1   1   0 |  0   0   0 |  0   0   1 |  1  0  0 |   53   53 |         (1,0,35) |     (1,0,35) | Y

== T10 (Fpt,p=2,T10): d0=1 reads=(3, 1, 2),(1, 1, 2),(2, 1, 2)  E3=6
   gamma2=7 gamma3=29 w1Phi1=6 w2Phi2=14  bez (l0,l0p)=(1,0) (l1,l1p)=(0,1) (l2,l2p)=(1,0)
   letter orders: zbar=17 z2=5 z1=3   Gamma0=48
       g    gp | s3 s3p s3s | s2 s2p s2s | s1 s1p s1s | d3 d2 d1 | Sig2 Sig1 | measured (a,b,c) | fitted (A,B,C) | ok
      48    48 |  0   0   0 |  0   0   0 |  0   0   0 |  0  0  0 |    0    0 |          (0,0,0) |      (0,0,0) | Y
      48    49 |  0   1   1 |  0   0   0 |  0   1   1 |  0  0  0 |    0    0 |          (0,0,0) |      (0,0,0) | Y
      48    50 |  0   0   0 |  0   0   0 |  0   1   1 |  0  0  0 |    0    0 |          (0,0,0) |      (0,0,0) | Y
      48    51 |  0   1   1 |  0   0   0 |  0   2   2 |  0  0  0 |    0    0 |          (0,0,0) |      (0,0,0) | Y
      48    52 |  0   0   0 |  0   0   0 |  0   2   2 |  0  0  0 |    0    0 |          (0,0,0) |      (0,0,0) | Y
      48    53 |  0   1   1 |  0   0   0 |  0   0   0 |  0  0  0 |    0    0 |          (0,0,0) |      (0,0,0) | Y
      49    48 |  1   0   1 |  0   0   0 |  1   0   1 |  0  0  0 |    0    0 |          (0,0,0) |      (0,0,0) | Y
      49    49 |  1   1   0 |  0   0   0 |  1   1   1 |  1  0  0 |   29   29 |         (1,0,10) |     (1,0,10) | Y
      49    50 |  1   0   1 |  0   0   0 |  1   1   2 |  0  0  0 |    0    0 |          (0,0,0) |      (0,0,0) | Y
      49    51 |  1   1   0 |  0   0   0 |  1   2   2 |  1  0  1 |   29   29 |         (1,0,10) |     (1,0,10) | Y
      49    52 |  1   0   1 |  0   0   0 |  1   2   0 |  0  0  1 |    0    0 |          (0,0,1) |      (0,0,1) | Y
      49    53 |  1   1   0 |  0   0   0 |  1   0   0 |  1  0  0 |   29   29 |         (1,0,10) |     (1,0,10) | Y
      50    48 |  0   0   0 |  0   0   0 |  1   0   1 |  0  0  0 |    0    0 |          (0,0,0) |      (0,0,0) | Y
      50    49 |  0   1   1 |  0   0   0 |  1   1   2 |  0  0  0 |    0    0 |          (0,0,0) |      (0,0,0) | Y
      50    50 |  0   0   0 |  0   0   0 |  1   1   2 |  0  0  0 |    0    0 |          (0,0,0) |      (0,0,0) | Y
      50    51 |  0   1   1 |  0   0   0 |  1   2   0 |  0  0  1 |    0    0 |          (0,0,1) |      (0,0,1) | Y
      50    52 |  0   0   0 |  0   0   0 |  1   2   0 |  0  0  1 |    0    0 |          (0,0,1) |      (0,0,1) | Y
      50    53 |  0   1   1 |  0   0   0 |  1   0   1 |  0  0  0 |    0    0 |          (0,0,0) |      (0,0,0) | Y
      51    48 |  1   0   1 |  0   0   0 |  2   0   2 |  0  0  0 |    0    0 |          (0,0,0) |      (0,0,0) | Y
      51    49 |  1   1   0 |  0   0   0 |  2   1   2 |  1  0  1 |   29   29 |         (1,0,10) |     (1,0,10) | Y
      51    50 |  1   0   1 |  0   0   0 |  2   1   0 |  0  0  1 |    0    0 |          (0,0,1) |      (0,0,1) | Y
      51    51 |  1   1   0 |  0   0   0 |  2   2   0 |  1  0  1 |   29   29 |         (1,0,11) |     (1,0,11) | Y
      51    52 |  1   0   1 |  0   0   0 |  2   2   1 |  0  0  1 |    0    0 |          (0,0,1) |      (0,0,1) | Y
      51    53 |  1   1   0 |  0   0   0 |  2   0   1 |  1  0  0 |   29   29 |         (1,0,10) |     (1,0,10) | Y
      52    48 |  0   0   0 |  0   0   0 |  2   0   2 |  0  0  0 |    0    0 |          (0,0,0) |      (0,0,0) | Y
      52    49 |  0   1   1 |  0   0   0 |  2   1   0 |  0  0  1 |    0    0 |          (0,0,1) |      (0,0,1) | Y
      52    50 |  0   0   0 |  0   0   0 |  2   1   0 |  0  0  1 |    0    0 |          (0,0,1) |      (0,0,1) | Y
      52    51 |  0   1   1 |  0   0   0 |  2   2   1 |  0  0  1 |    0    0 |          (0,0,1) |      (0,0,1) | Y
      52    52 |  0   0   0 |  0   0   0 |  2   2   1 |  0  0  1 |    0    0 |          (0,0,1) |      (0,0,1) | Y
      52    53 |  0   1   1 |  0   0   0 |  2   0   2 |  0  0  0 |    0    0 |          (0,0,0) |      (0,0,0) | Y
      53    48 |  1   0   1 |  0   0   0 |  0   0   0 |  0  0  0 |    0    0 |          (0,0,0) |      (0,0,0) | Y
      53    49 |  1   1   0 |  0   0   0 |  0   1   0 |  1  0  0 |   29   29 |         (1,0,10) |     (1,0,10) | Y
      53    50 |  1   0   1 |  0   0   0 |  0   1   1 |  0  0  0 |    0    0 |          (0,0,0) |      (0,0,0) | Y
      53    51 |  1   1   0 |  0   0   0 |  0   2   1 |  1  0  0 |   29   29 |         (1,0,10) |     (1,0,10) | Y
      53    52 |  1   0   1 |  0   0   0 |  0   2   2 |  0  0  0 |    0    0 |          (0,0,0) |      (0,0,0) | Y
      53    53 |  1   1   0 |  0   0   0 |  0   0   2 |  1  0  0 |   29   29 |          (1,0,9) |      (1,0,9) | Y

== T11 (Zp,p=3,T11): d0=1 reads=(2, 1, 2),(1, 1, 2),(3, 2, 2)  E3=6
   gamma2=5 gamma3=32 w1Phi1=4 w2Phi2=10  bez (l0,l0p)=(1,0) (l1,l1p)=(0,1) (l2,l2p)=(2,-1)
   letter orders: zbar=41 z2=5 z1=8   Gamma0=78
       g    gp | s3 s3p s3s | s2 s2p s2s | s1 s1p s1s | d3 d2 d1 | Sig2 Sig1 | measured (a,b,c) | fitted (A,B,C) | ok
      78    78 |  0   0   0 |  0   0   0 |  0   0   0 |  0  0  0 |    0    0 |          (0,0,0) |      (0,0,0) | Y
      78    79 |  0   2   2 |  0   0   0 |  0   1   1 |  0  0  0 |    0    0 |          (0,0,0) |      (0,0,0) | Y
      78    80 |  0   1   1 |  0   0   0 |  0   0   0 |  0  0  0 |    0    0 |          (0,0,0) |      (0,0,0) | Y
      78    81 |  0   0   0 |  0   0   0 |  0   1   1 |  0  0  0 |    0    0 |          (0,0,0) |      (0,0,0) | Y
      78    82 |  0   2   2 |  0   0   0 |  0   0   0 |  0  0  0 |    0    0 |          (0,0,0) |      (0,0,0) | Y
      78    83 |  0   1   1 |  0   0   0 |  0   1   1 |  0  0  0 |    0    0 |          (0,0,0) |      (0,0,0) | Y
      79    78 |  2   0   2 |  0   0   0 |  1   0   1 |  0  0  0 |    0    0 |          (0,0,0) |      (0,0,0) | Y
      79    79 |  2   2   1 |  0   0   0 |  1   1   0 |  1  0  1 |   32   32 |         (1,0,17) |     (1,0,17) | Y
      79    80 |  2   1   0 |  0   0   0 |  1   0   1 |  1  0  0 |   32   32 |         (1,0,16) |     (1,0,16) | Y
      79    81 |  2   0   2 |  0   0   0 |  1   1   0 |  0  0  1 |    0    0 |          (0,0,1) |      (0,0,1) | Y
      79    82 |  2   2   1 |  0   0   0 |  1   0   1 |  1  0  0 |   32   32 |         (1,0,16) |     (1,0,16) | Y
      79    83 |  2   1   0 |  0   0   0 |  1   1   0 |  1  0  1 |   32   32 |         (1,0,17) |     (1,0,17) | Y
      80    78 |  1   0   1 |  0   0   0 |  0   0   0 |  0  0  0 |    0    0 |          (0,0,0) |      (0,0,0) | Y
      80    79 |  1   2   0 |  0   0   0 |  0   1   1 |  1  0  0 |   32   32 |         (1,0,16) |     (1,0,16) | Y
      80    80 |  1   1   2 |  0   0   0 |  0   0   0 |  0  0  0 |    0    0 |          (0,0,0) |      (0,0,0) | Y
      80    81 |  1   0   1 |  0   0   0 |  0   1   1 |  0  0  0 |    0    0 |          (0,0,0) |      (0,0,0) | Y
      80    82 |  1   2   0 |  0   0   0 |  0   0   0 |  1  0  0 |   32   32 |         (1,0,16) |     (1,0,16) | Y
      80    83 |  1   1   2 |  0   0   0 |  0   1   1 |  0  0  0 |    0    0 |          (0,0,0) |      (0,0,0) | Y
      81    78 |  0   0   0 |  0   0   0 |  1   0   1 |  0  0  0 |    0    0 |          (0,0,0) |      (0,0,0) | Y
      81    79 |  0   2   2 |  0   0   0 |  1   1   0 |  0  0  1 |    0    0 |          (0,0,1) |      (0,0,1) | Y
      81    80 |  0   1   1 |  0   0   0 |  1   0   1 |  0  0  0 |    0    0 |          (0,0,0) |      (0,0,0) | Y
      81    81 |  0   0   0 |  0   0   0 |  1   1   0 |  0  0  1 |    0    0 |          (0,0,1) |      (0,0,1) | Y
      81    82 |  0   2   2 |  0   0   0 |  1   0   1 |  0  0  0 |    0    0 |          (0,0,0) |      (0,0,0) | Y
      81    83 |  0   1   1 |  0   0   0 |  1   1   0 |  0  0  1 |    0    0 |          (0,0,1) |      (0,0,1) | Y
      82    78 |  2   0   2 |  0   0   0 |  0   0   0 |  0  0  0 |    0    0 |          (0,0,0) |      (0,0,0) | Y
      82    79 |  2   2   1 |  0   0   0 |  0   1   1 |  1  0  0 |   32   32 |         (1,0,16) |     (1,0,16) | Y
      82    80 |  2   1   0 |  0   0   0 |  0   0   0 |  1  0  0 |   32   32 |         (1,0,16) |     (1,0,16) | Y
      82    81 |  2   0   2 |  0   0   0 |  0   1   1 |  0  0  0 |    0    0 |          (0,0,0) |      (0,0,0) | Y
      82    82 |  2   2   1 |  0   0   0 |  0   0   0 |  1  0  0 |   32   32 |         (1,0,16) |     (1,0,16) | Y
      82    83 |  2   1   0 |  0   0   0 |  0   1   1 |  1  0  0 |   32   32 |         (1,0,16) |     (1,0,16) | Y
      83    78 |  1   0   1 |  0   0   0 |  1   0   1 |  0  0  0 |    0    0 |          (0,0,0) |      (0,0,0) | Y
      83    79 |  1   2   0 |  0   0   0 |  1   1   0 |  1  0  1 |   32   32 |         (1,0,17) |     (1,0,17) | Y
      83    80 |  1   1   2 |  0   0   0 |  1   0   1 |  0  0  0 |    0    0 |          (0,0,0) |      (0,0,0) | Y
      83    81 |  1   0   1 |  0   0   0 |  1   1   0 |  0  0  1 |    0    0 |          (0,0,1) |      (0,0,1) | Y
      83    82 |  1   2   0 |  0   0   0 |  1   0   1 |  1  0  0 |   32   32 |         (1,0,16) |     (1,0,16) | Y
      83    83 |  1   1   2 |  0   0   0 |  1   1   0 |  0  0  1 |    0    0 |          (0,0,1) |      (0,0,1) | Y

== T12 (Fpt,p=3,T12): d0=1 reads=(1, 1, 2),(3, 2, 2),(2, 1, 2)  E3=6
   gamma2=8 gamma3=97 w1Phi1=2 w2Phi2=48  bez (l0,l0p)=(0,1) (l1,l1p)=(2,-1) (l2,l2p)=(1,0)
   letter orders: zbar=82 z2=5 z1=4   Gamma0=138
       g    gp | s3 s3p s3s | s2 s2p s2s | s1 s1p s1s | d3 d2 d1 | Sig2 Sig1 | measured (a,b,c) | fitted (A,B,C) | ok
     138   138 |  0   0   0 |  0   0   0 |  0   0   0 |  0  0  0 |    0    0 |          (0,0,0) |      (0,0,0) | Y
     138   139 |  0   1   1 |  0   0   0 |  0   0   0 |  0  0  0 |    0    0 |          (0,0,0) |      (0,0,0) | Y
     138   140 |  0   0   0 |  0   2   2 |  0   0   0 |  0  0  0 |    0    0 |          (0,0,0) |      (0,0,0) | Y
     138   141 |  0   1   1 |  0   2   2 |  0   0   0 |  0  0  0 |    0    0 |          (0,0,0) |      (0,0,0) | Y
     138   142 |  0   0   0 |  0   1   1 |  0   0   0 |  0  0  0 |    0    0 |          (0,0,0) |      (0,0,0) | Y
     138   143 |  0   1   1 |  0   1   1 |  0   0   0 |  0  0  0 |    0    0 |          (0,0,0) |      (0,0,0) | Y
     139   138 |  1   0   1 |  0   0   0 |  0   0   0 |  0  0  0 |    0    0 |          (0,0,0) |      (0,0,0) | Y
     139   139 |  1   1   0 |  0   0   2 |  0   0   0 |  1  0  0 |   97   27 |         (1,64,0) |     (1,64,0) | Y
     139   140 |  1   0   1 |  0   2   2 |  0   0   0 |  0  0  0 |    0    0 |          (0,0,0) |      (0,0,0) | Y
     139   141 |  1   1   0 |  0   2   1 |  0   0   0 |  1  0  0 |   97   35 |         (1,65,0) |     (1,65,0) | Y
     139   142 |  1   0   1 |  0   1   1 |  0   0   0 |  0  0  0 |    0    0 |          (0,0,0) |      (0,0,0) | Y
     139   143 |  1   1   0 |  0   1   0 |  0   0   0 |  1  0  0 |   97   35 |         (1,65,0) |     (1,65,0) | Y
     140   138 |  0   0   0 |  2   0   2 |  0   0   0 |  0  0  0 |    0    0 |          (0,0,0) |      (0,0,0) | Y
     140   139 |  0   1   1 |  2   0   2 |  0   0   0 |  0  0  0 |    0    0 |          (0,0,0) |      (0,0,0) | Y
     140   140 |  0   0   0 |  2   2   1 |  0   0   0 |  0  1  0 |    0    8 |          (0,1,0) |      (0,1,0) | Y
     140   141 |  0   1   1 |  2   2   1 |  0   0   0 |  0  1  0 |    0    8 |          (0,1,0) |      (0,1,0) | Y
     140   142 |  0   0   0 |  2   1   0 |  0   0   0 |  0  1  0 |    0    8 |          (0,1,0) |      (0,1,0) | Y
     140   143 |  0   1   1 |  2   1   0 |  0   0   0 |  0  1  0 |    0    8 |          (0,1,0) |      (0,1,0) | Y
     141   138 |  1   0   1 |  2   0   2 |  0   0   0 |  0  0  0 |    0    0 |          (0,0,0) |      (0,0,0) | Y
     141   139 |  1   1   0 |  2   0   1 |  0   0   0 |  1  0  0 |   97   35 |         (1,65,0) |     (1,65,0) | Y
     141   140 |  1   0   1 |  2   2   1 |  0   0   0 |  0  1  0 |    0    8 |          (0,1,0) |      (0,1,0) | Y
     141   141 |  1   1   0 |  2   2   0 |  0   0   0 |  1  1  0 |   97   43 |         (1,66,0) |     (1,66,0) | Y
     141   142 |  1   0   1 |  2   1   0 |  0   0   0 |  0  1  0 |    0    8 |          (0,1,0) |      (0,1,0) | Y
     141   143 |  1   1   0 |  2   1   2 |  0   0   0 |  1  1  0 |   97   35 |         (1,65,0) |     (1,65,0) | Y
     142   138 |  0   0   0 |  1   0   1 |  0   0   0 |  0  0  0 |    0    0 |          (0,0,0) |      (0,0,0) | Y
     142   139 |  0   1   1 |  1   0   1 |  0   0   0 |  0  0  0 |    0    0 |          (0,0,0) |      (0,0,0) | Y
     142   140 |  0   0   0 |  1   2   0 |  0   0   0 |  0  1  0 |    0    8 |          (0,1,0) |      (0,1,0) | Y
     142   141 |  0   1   1 |  1   2   0 |  0   0   0 |  0  1  0 |    0    8 |          (0,1,0) |      (0,1,0) | Y
     142   142 |  0   0   0 |  1   1   2 |  0   0   0 |  0  0  0 |    0    0 |          (0,0,0) |      (0,0,0) | Y
     142   143 |  0   1   1 |  1   1   2 |  0   0   0 |  0  0  0 |    0    0 |          (0,0,0) |      (0,0,0) | Y
     143   138 |  1   0   1 |  1   0   1 |  0   0   0 |  0  0  0 |    0    0 |          (0,0,0) |      (0,0,0) | Y
     143   139 |  1   1   0 |  1   0   0 |  0   0   0 |  1  0  0 |   97   35 |         (1,65,0) |     (1,65,0) | Y
     143   140 |  1   0   1 |  1   2   0 |  0   0   0 |  0  1  0 |    0    8 |          (0,1,0) |      (0,1,0) | Y
     143   141 |  1   1   0 |  1   2   2 |  0   0   0 |  1  1  0 |   97   35 |         (1,65,0) |     (1,65,0) | Y
     143   142 |  1   0   1 |  1   1   2 |  0   0   0 |  0  0  0 |    0    0 |          (0,0,0) |      (0,0,0) | Y
     143   143 |  1   1   0 |  1   1   1 |  0   0   0 |  1  0  0 |   97   35 |         (1,65,0) |     (1,65,0) | Y

== T13 (Zp,p=2,T13): d0=1 reads=(2, 3, 2),(2, 1, 2),(2, 1, 1)  E3=8
   gamma2=25 gamma3=201 w1Phi1=12 w2Phi2=100  bez (l0,l0p)=(1,-1) (l1,l1p)=(1,0) (l2,l2p)=(1,0)
   letter orders: zbar=1 z2=5 z1=3   Gamma0=288
       g    gp | s3 s3p s3s | s2 s2p s2s | s1 s1p s1s | d3 d2 d1 | Sig2 Sig1 | measured (a,b,c) | fitted (A,B,C) | ok
     288   288 |  0   0   0 |  0   0   0 |  0   0   0 |  0  0  0 |    0    0 |          (0,0,0) |      (0,0,0) | Y
     288   289 |  0   1   1 |  0   0   0 |  0   0   0 |  0  0  0 |    0    0 |          (0,0,0) |      (0,0,0) | Y
     288   290 |  0   0   0 |  0   1   1 |  0   0   0 |  0  0  0 |    0    0 |          (0,0,0) |      (0,0,0) | Y
     288   291 |  0   1   1 |  0   1   1 |  0   0   0 |  0  0  0 |    0    0 |          (0,0,0) |      (0,0,0) | Y
     288   292 |  0   0   0 |  0   0   0 |  0   1   1 |  0  0  0 |    0    0 |          (0,0,0) |      (0,0,0) | Y
     288   293 |  0   1   1 |  0   0   0 |  0   1   1 |  0  0  0 |    0    0 |          (0,0,0) |      (0,0,0) | Y
     288   294 |  0   0   0 |  0   1   1 |  0   1   1 |  0  0  0 |    0    0 |          (0,0,0) |      (0,0,0) | Y
     288   295 |  0   1   1 |  0   1   1 |  0   1   1 |  0  0  0 |    0    0 |          (0,0,0) |      (0,0,0) | Y
     289   288 |  1   0   1 |  0   0   0 |  0   0   0 |  0  0  0 |    0    0 |          (0,0,0) |      (0,0,0) | Y
     289   289 |  1   1   0 |  0   0   1 |  0   0   0 |  1  0  0 |  201   88 |       (1,100,44) |   (1,100,44) | Y
     289   290 |  1   0   1 |  0   1   1 |  0   0   0 |  0  0  0 |    0    0 |          (0,0,0) |      (0,0,0) | Y
     289   291 |  1   1   0 |  0   1   0 |  0   0   1 |  1  0  0 |  201  113 |       (1,101,56) |   (1,101,56) | Y
     289   292 |  1   0   1 |  0   0   0 |  0   1   1 |  0  0  0 |    0    0 |          (0,0,0) |      (0,0,0) | Y
     289   293 |  1   1   0 |  0   0   1 |  0   1   1 |  1  0  0 |  201   88 |       (1,100,44) |   (1,100,44) | Y
     289   294 |  1   0   1 |  0   1   1 |  0   1   1 |  0  0  0 |    0    0 |          (0,0,0) |      (0,0,0) | Y
     289   295 |  1   1   0 |  0   1   0 |  0   1   0 |  1  0  0 |  201  113 |       (1,101,57) |   (1,101,57) | Y
     290   288 |  0   0   0 |  1   0   1 |  0   0   0 |  0  0  0 |    0    0 |          (0,0,0) |      (0,0,0) | Y
     290   289 |  0   1   1 |  1   0   1 |  0   0   0 |  0  0  0 |    0    0 |          (0,0,0) |      (0,0,0) | Y
     290   290 |  0   0   0 |  1   1   0 |  0   0   1 |  0  1  0 |    0   25 |         (0,1,12) |     (0,1,12) | Y
     290   291 |  0   1   1 |  1   1   0 |  0   0   1 |  0  1  0 |    0   25 |         (0,1,12) |     (0,1,12) | Y
     290   292 |  0   0   0 |  1   0   1 |  0   1   1 |  0  0  0 |    0    0 |          (0,0,0) |      (0,0,0) | Y
     290   293 |  0   1   1 |  1   0   1 |  0   1   1 |  0  0  0 |    0    0 |          (0,0,0) |      (0,0,0) | Y
     290   294 |  0   0   0 |  1   1   0 |  0   1   0 |  0  1  0 |    0   25 |         (0,1,13) |     (0,1,13) | Y
     290   295 |  0   1   1 |  1   1   0 |  0   1   0 |  0  1  0 |    0   25 |         (0,1,13) |     (0,1,13) | Y
     291   288 |  1   0   1 |  1   0   1 |  0   0   0 |  0  0  0 |    0    0 |          (0,0,0) |      (0,0,0) | Y
     291   289 |  1   1   0 |  1   0   0 |  0   0   1 |  1  0  0 |  201  113 |       (1,101,56) |   (1,101,56) | Y
     291   290 |  1   0   1 |  1   1   0 |  0   0   1 |  0  1  0 |    0   25 |         (0,1,12) |     (0,1,12) | Y
     291   291 |  1   1   0 |  1   1   1 |  0   0   1 |  1  1  0 |  201  113 |       (1,101,56) |   (1,101,56) | Y
     291   292 |  1   0   1 |  1   0   1 |  0   1   1 |  0  0  0 |    0    0 |          (0,0,0) |      (0,0,0) | Y
     291   293 |  1   1   0 |  1   0   0 |  0   1   0 |  1  0  0 |  201  113 |       (1,101,57) |   (1,101,57) | Y
     291   294 |  1   0   1 |  1   1   0 |  0   1   0 |  0  1  0 |    0   25 |         (0,1,13) |     (0,1,13) | Y
     291   295 |  1   1   0 |  1   1   1 |  0   1   0 |  1  1  0 |  201  113 |       (1,101,57) |   (1,101,57) | Y
     292   288 |  0   0   0 |  0   0   0 |  1   0   1 |  0  0  0 |    0    0 |          (0,0,0) |      (0,0,0) | Y
     292   289 |  0   1   1 |  0   0   0 |  1   0   1 |  0  0  0 |    0    0 |          (0,0,0) |      (0,0,0) | Y
     292   290 |  0   0   0 |  0   1   1 |  1   0   1 |  0  0  0 |    0    0 |          (0,0,0) |      (0,0,0) | Y
     292   291 |  0   1   1 |  0   1   1 |  1   0   1 |  0  0  0 |    0    0 |          (0,0,0) |      (0,0,0) | Y
     292   292 |  0   0   0 |  0   0   0 |  1   1   0 |  0  0  1 |    0    0 |          (0,0,1) |      (0,0,1) | Y
     292   293 |  0   1   1 |  0   0   0 |  1   1   0 |  0  0  1 |    0    0 |          (0,0,1) |      (0,0,1) | Y
     292   294 |  0   0   0 |  0   1   1 |  1   1   0 |  0  0  1 |    0    0 |          (0,0,1) |      (0,0,1) | Y
     292   295 |  0   1   1 |  0   1   1 |  1   1   0 |  0  0  1 |    0    0 |          (0,0,1) |      (0,0,1) | Y
     293   288 |  1   0   1 |  0   0   0 |  1   0   1 |  0  0  0 |    0    0 |          (0,0,0) |      (0,0,0) | Y
     293   289 |  1   1   0 |  0   0   1 |  1   0   1 |  1  0  0 |  201   88 |       (1,100,44) |   (1,100,44) | Y
     293   290 |  1   0   1 |  0   1   1 |  1   0   1 |  0  0  0 |    0    0 |          (0,0,0) |      (0,0,0) | Y
     293   291 |  1   1   0 |  0   1   0 |  1   0   0 |  1  0  0 |  201  113 |       (1,101,57) |   (1,101,57) | Y
     293   292 |  1   0   1 |  0   0   0 |  1   1   0 |  0  0  1 |    0    0 |          (0,0,1) |      (0,0,1) | Y
     293   293 |  1   1   0 |  0   0   1 |  1   1   0 |  1  0  1 |  201   88 |       (1,100,45) |   (1,100,45) | Y
     293   294 |  1   0   1 |  0   1   1 |  1   1   0 |  0  0  1 |    0    0 |          (0,0,1) |      (0,0,1) | Y
     293   295 |  1   1   0 |  0   1   0 |  1   1   1 |  1  0  1 |  201  113 |       (1,101,57) |   (1,101,57) | Y
     294   288 |  0   0   0 |  1   0   1 |  1   0   1 |  0  0  0 |    0    0 |          (0,0,0) |      (0,0,0) | Y
     294   289 |  0   1   1 |  1   0   1 |  1   0   1 |  0  0  0 |    0    0 |          (0,0,0) |      (0,0,0) | Y
     294   290 |  0   0   0 |  1   1   0 |  1   0   0 |  0  1  0 |    0   25 |         (0,1,13) |     (0,1,13) | Y
     294   291 |  0   1   1 |  1   1   0 |  1   0   0 |  0  1  0 |    0   25 |         (0,1,13) |     (0,1,13) | Y
     294   292 |  0   0   0 |  1   0   1 |  1   1   0 |  0  0  1 |    0    0 |          (0,0,1) |      (0,0,1) | Y
     294   293 |  0   1   1 |  1   0   1 |  1   1   0 |  0  0  1 |    0    0 |          (0,0,1) |      (0,0,1) | Y
     294   294 |  0   0   0 |  1   1   0 |  1   1   1 |  0  1  1 |    0   25 |         (0,1,13) |     (0,1,13) | Y
     294   295 |  0   1   1 |  1   1   0 |  1   1   1 |  0  1  1 |    0   25 |         (0,1,13) |     (0,1,13) | Y
     295   288 |  1   0   1 |  1   0   1 |  1   0   1 |  0  0  0 |    0    0 |          (0,0,0) |      (0,0,0) | Y
     295   289 |  1   1   0 |  1   0   0 |  1   0   0 |  1  0  0 |  201  113 |       (1,101,57) |   (1,101,57) | Y
     295   290 |  1   0   1 |  1   1   0 |  1   0   0 |  0  1  0 |    0   25 |         (0,1,13) |     (0,1,13) | Y
     295   291 |  1   1   0 |  1   1   1 |  1   0   0 |  1  1  0 |  201  113 |       (1,101,57) |   (1,101,57) | Y
     295   292 |  1   0   1 |  1   0   1 |  1   1   0 |  0  0  1 |    0    0 |          (0,0,1) |      (0,0,1) | Y
     295   293 |  1   1   0 |  1   0   0 |  1   1   1 |  1  0  1 |  201  113 |       (1,101,57) |   (1,101,57) | Y
     295   294 |  1   0   1 |  1   1   0 |  1   1   1 |  0  1  1 |    0   25 |         (0,1,13) |     (0,1,13) | Y
     295   295 |  1   1   0 |  1   1   1 |  1   1   1 |  1  1  1 |  201  113 |       (1,101,57) |   (1,101,57) | Y

== T14 (Fpt,p=2,T14): d0=1 reads=(2, 1, 2),(2, 1, 2),(2, 1, 2)  E3=8
   gamma2=9 gamma3=73 w1Phi1=4 w2Phi2=36  bez (l0,l0p)=(1,0) (l1,l1p)=(1,0) (l2,l2p)=(1,0)
   letter orders: zbar=17 z2=5 z1=3   Gamma0=112
       g    gp | s3 s3p s3s | s2 s2p s2s | s1 s1p s1s | d3 d2 d1 | Sig2 Sig1 | measured (a,b,c) | fitted (A,B,C) | ok
     112   112 |  0   0   0 |  0   0   0 |  0   0   0 |  0  0  0 |    0    0 |          (0,0,0) |      (0,0,0) | Y
     112   113 |  0   1   1 |  0   0   0 |  0   0   0 |  0  0  0 |    0    0 |          (0,0,0) |      (0,0,0) | Y
     112   114 |  0   0   0 |  0   1   1 |  0   0   0 |  0  0  0 |    0    0 |          (0,0,0) |      (0,0,0) | Y
     112   115 |  0   1   1 |  0   1   1 |  0   0   0 |  0  0  0 |    0    0 |          (0,0,0) |      (0,0,0) | Y
     112   116 |  0   0   0 |  0   0   0 |  0   1   1 |  0  0  0 |    0    0 |          (0,0,0) |      (0,0,0) | Y
     112   117 |  0   1   1 |  0   0   0 |  0   1   1 |  0  0  0 |    0    0 |          (0,0,0) |      (0,0,0) | Y
     112   118 |  0   0   0 |  0   1   1 |  0   1   1 |  0  0  0 |    0    0 |          (0,0,0) |      (0,0,0) | Y
     112   119 |  0   1   1 |  0   1   1 |  0   1   1 |  0  0  0 |    0    0 |          (0,0,0) |      (0,0,0) | Y
     113   112 |  1   0   1 |  0   0   0 |  0   0   0 |  0  0  0 |    0    0 |          (0,0,0) |      (0,0,0) | Y
     113   113 |  1   1   0 |  0   0   1 |  0   0   0 |  1  0  0 |   73   32 |        (1,36,16) |    (1,36,16) | Y
     113   114 |  1   0   1 |  0   1   1 |  0   0   0 |  0  0  0 |    0    0 |          (0,0,0) |      (0,0,0) | Y
     113   115 |  1   1   0 |  0   1   0 |  0   0   1 |  1  0  0 |   73   41 |        (1,37,20) |    (1,37,20) | Y
     113   116 |  1   0   1 |  0   0   0 |  0   1   1 |  0  0  0 |    0    0 |          (0,0,0) |      (0,0,0) | Y
     113   117 |  1   1   0 |  0   0   1 |  0   1   1 |  1  0  0 |   73   32 |        (1,36,16) |    (1,36,16) | Y
     113   118 |  1   0   1 |  0   1   1 |  0   1   1 |  0  0  0 |    0    0 |          (0,0,0) |      (0,0,0) | Y
     113   119 |  1   1   0 |  0   1   0 |  0   1   0 |  1  0  0 |   73   41 |        (1,37,21) |    (1,37,21) | Y
     114   112 |  0   0   0 |  1   0   1 |  0   0   0 |  0  0  0 |    0    0 |          (0,0,0) |      (0,0,0) | Y
     114   113 |  0   1   1 |  1   0   1 |  0   0   0 |  0  0  0 |    0    0 |          (0,0,0) |      (0,0,0) | Y
     114   114 |  0   0   0 |  1   1   0 |  0   0   1 |  0  1  0 |    0    9 |          (0,1,4) |      (0,1,4) | Y
     114   115 |  0   1   1 |  1   1   0 |  0   0   1 |  0  1  0 |    0    9 |          (0,1,4) |      (0,1,4) | Y
     114   116 |  0   0   0 |  1   0   1 |  0   1   1 |  0  0  0 |    0    0 |          (0,0,0) |      (0,0,0) | Y
     114   117 |  0   1   1 |  1   0   1 |  0   1   1 |  0  0  0 |    0    0 |          (0,0,0) |      (0,0,0) | Y
     114   118 |  0   0   0 |  1   1   0 |  0   1   0 |  0  1  0 |    0    9 |          (0,1,5) |      (0,1,5) | Y
     114   119 |  0   1   1 |  1   1   0 |  0   1   0 |  0  1  0 |    0    9 |          (0,1,5) |      (0,1,5) | Y
     115   112 |  1   0   1 |  1   0   1 |  0   0   0 |  0  0  0 |    0    0 |          (0,0,0) |      (0,0,0) | Y
     115   113 |  1   1   0 |  1   0   0 |  0   0   1 |  1  0  0 |   73   41 |        (1,37,20) |    (1,37,20) | Y
     115   114 |  1   0   1 |  1   1   0 |  0   0   1 |  0  1  0 |    0    9 |          (0,1,4) |      (0,1,4) | Y
     115   115 |  1   1   0 |  1   1   1 |  0   0   1 |  1  1  0 |   73   41 |        (1,37,20) |    (1,37,20) | Y
     115   116 |  1   0   1 |  1   0   1 |  0   1   1 |  0  0  0 |    0    0 |          (0,0,0) |      (0,0,0) | Y
     115   117 |  1   1   0 |  1   0   0 |  0   1   0 |  1  0  0 |   73   41 |        (1,37,21) |    (1,37,21) | Y
     115   118 |  1   0   1 |  1   1   0 |  0   1   0 |  0  1  0 |    0    9 |          (0,1,5) |      (0,1,5) | Y
     115   119 |  1   1   0 |  1   1   1 |  0   1   0 |  1  1  0 |   73   41 |        (1,37,21) |    (1,37,21) | Y
     116   112 |  0   0   0 |  0   0   0 |  1   0   1 |  0  0  0 |    0    0 |          (0,0,0) |      (0,0,0) | Y
     116   113 |  0   1   1 |  0   0   0 |  1   0   1 |  0  0  0 |    0    0 |          (0,0,0) |      (0,0,0) | Y
     116   114 |  0   0   0 |  0   1   1 |  1   0   1 |  0  0  0 |    0    0 |          (0,0,0) |      (0,0,0) | Y
     116   115 |  0   1   1 |  0   1   1 |  1   0   1 |  0  0  0 |    0    0 |          (0,0,0) |      (0,0,0) | Y
     116   116 |  0   0   0 |  0   0   0 |  1   1   0 |  0  0  1 |    0    0 |          (0,0,1) |      (0,0,1) | Y
     116   117 |  0   1   1 |  0   0   0 |  1   1   0 |  0  0  1 |    0    0 |          (0,0,1) |      (0,0,1) | Y
     116   118 |  0   0   0 |  0   1   1 |  1   1   0 |  0  0  1 |    0    0 |          (0,0,1) |      (0,0,1) | Y
     116   119 |  0   1   1 |  0   1   1 |  1   1   0 |  0  0  1 |    0    0 |          (0,0,1) |      (0,0,1) | Y
     117   112 |  1   0   1 |  0   0   0 |  1   0   1 |  0  0  0 |    0    0 |          (0,0,0) |      (0,0,0) | Y
     117   113 |  1   1   0 |  0   0   1 |  1   0   1 |  1  0  0 |   73   32 |        (1,36,16) |    (1,36,16) | Y
     117   114 |  1   0   1 |  0   1   1 |  1   0   1 |  0  0  0 |    0    0 |          (0,0,0) |      (0,0,0) | Y
     117   115 |  1   1   0 |  0   1   0 |  1   0   0 |  1  0  0 |   73   41 |        (1,37,21) |    (1,37,21) | Y
     117   116 |  1   0   1 |  0   0   0 |  1   1   0 |  0  0  1 |    0    0 |          (0,0,1) |      (0,0,1) | Y
     117   117 |  1   1   0 |  0   0   1 |  1   1   0 |  1  0  1 |   73   32 |        (1,36,17) |    (1,36,17) | Y
     117   118 |  1   0   1 |  0   1   1 |  1   1   0 |  0  0  1 |    0    0 |          (0,0,1) |      (0,0,1) | Y
     117   119 |  1   1   0 |  0   1   0 |  1   1   1 |  1  0  1 |   73   41 |        (1,37,21) |    (1,37,21) | Y
     118   112 |  0   0   0 |  1   0   1 |  1   0   1 |  0  0  0 |    0    0 |          (0,0,0) |      (0,0,0) | Y
     118   113 |  0   1   1 |  1   0   1 |  1   0   1 |  0  0  0 |    0    0 |          (0,0,0) |      (0,0,0) | Y
     118   114 |  0   0   0 |  1   1   0 |  1   0   0 |  0  1  0 |    0    9 |          (0,1,5) |      (0,1,5) | Y
     118   115 |  0   1   1 |  1   1   0 |  1   0   0 |  0  1  0 |    0    9 |          (0,1,5) |      (0,1,5) | Y
     118   116 |  0   0   0 |  1   0   1 |  1   1   0 |  0  0  1 |    0    0 |          (0,0,1) |      (0,0,1) | Y
     118   117 |  0   1   1 |  1   0   1 |  1   1   0 |  0  0  1 |    0    0 |          (0,0,1) |      (0,0,1) | Y
     118   118 |  0   0   0 |  1   1   0 |  1   1   1 |  0  1  1 |    0    9 |          (0,1,5) |      (0,1,5) | Y
     118   119 |  0   1   1 |  1   1   0 |  1   1   1 |  0  1  1 |    0    9 |          (0,1,5) |      (0,1,5) | Y
     119   112 |  1   0   1 |  1   0   1 |  1   0   1 |  0  0  0 |    0    0 |          (0,0,0) |      (0,0,0) | Y
     119   113 |  1   1   0 |  1   0   0 |  1   0   0 |  1  0  0 |   73   41 |        (1,37,21) |    (1,37,21) | Y
     119   114 |  1   0   1 |  1   1   0 |  1   0   0 |  0  1  0 |    0    9 |          (0,1,5) |      (0,1,5) | Y
     119   115 |  1   1   0 |  1   1   1 |  1   0   0 |  1  1  0 |   73   41 |        (1,37,21) |    (1,37,21) | Y
     119   116 |  1   0   1 |  1   0   1 |  1   1   0 |  0  0  1 |    0    0 |          (0,0,1) |      (0,0,1) | Y
     119   117 |  1   1   0 |  1   0   0 |  1   1   1 |  1  0  1 |   73   41 |        (1,37,21) |    (1,37,21) | Y
     119   118 |  1   0   1 |  1   1   0 |  1   1   1 |  0  1  1 |    0    9 |          (0,1,5) |      (0,1,5) | Y
     119   119 |  1   1   0 |  1   1   1 |  1   1   1 |  1  1  1 |   73   41 |        (1,37,21) |    (1,37,21) | Y

== T15 (Zp,p=3,T15): d0=1 reads=(2, 3, 2),(2, 3, 2),(2, 3, 1)  E3=8
   gamma2=27 gamma3=219 w1Phi1=12 w2Phi2=108  bez (l0,l0p)=(1,-1) (l1,l1p)=(1,-1) (l2,l2p)=(1,-1)
   letter orders: zbar=1 z2=5 z1=8   Gamma0=312
       g    gp | s3 s3p s3s | s2 s2p s2s | s1 s1p s1s | d3 d2 d1 | Sig2 Sig1 | measured (a,b,c) | fitted (A,B,C) | ok
     312   312 |  0   0   0 |  0   0   0 |  0   0   0 |  0  0  0 |    0    0 |          (0,0,0) |      (0,0,0) | Y
     312   313 |  0   1   1 |  0   1   1 |  0   0   0 |  0  0  0 |    0    0 |          (0,0,0) |      (0,0,0) | Y
     312   314 |  0   0   0 |  0   1   1 |  0   1   1 |  0  0  0 |    0    0 |          (0,0,0) |      (0,0,0) | Y
     312   315 |  0   1   1 |  0   0   0 |  0   0   0 |  0  0  0 |    0    0 |          (0,0,0) |      (0,0,0) | Y
     312   316 |  0   0   0 |  0   0   0 |  0   1   1 |  0  0  0 |    0    0 |          (0,0,0) |      (0,0,0) | Y
     312   317 |  0   1   1 |  0   1   1 |  0   1   1 |  0  0  0 |    0    0 |          (0,0,0) |      (0,0,0) | Y
     312   318 |  0   0   0 |  0   1   1 |  0   0   0 |  0  0  0 |    0    0 |          (0,0,0) |      (0,0,0) | Y
     312   319 |  0   1   1 |  0   0   0 |  0   1   1 |  0  0  0 |    0    0 |          (0,0,0) |      (0,0,0) | Y
     313   312 |  1   0   1 |  1   0   1 |  0   0   0 |  0  0  0 |    0    0 |          (0,0,0) |      (0,0,0) | Y
     313   313 |  1   1   0 |  1   1   1 |  0   0   1 |  1  1  0 |  219  123 |       (1,110,61) |   (1,110,61) | Y
     313   314 |  1   0   1 |  1   1   0 |  0   1   0 |  0  1  0 |    0   27 |         (0,1,14) |     (0,1,14) | Y
     313   315 |  1   1   0 |  1   0   0 |  0   0   1 |  1  0  0 |  219  123 |       (1,110,61) |   (1,110,61) | Y
     313   316 |  1   0   1 |  1   0   1 |  0   1   1 |  0  0  0 |    0    0 |          (0,0,0) |      (0,0,0) | Y
     313   317 |  1   1   0 |  1   1   1 |  0   1   0 |  1  1  0 |  219  123 |       (1,110,62) |   (1,110,62) | Y
     313   318 |  1   0   1 |  1   1   0 |  0   0   1 |  0  1  0 |    0   27 |         (0,1,13) |     (0,1,13) | Y
     313   319 |  1   1   0 |  1   0   0 |  0   1   0 |  1  0  0 |  219  123 |       (1,110,62) |   (1,110,62) | Y
     314   312 |  0   0   0 |  1   0   1 |  1   0   1 |  0  0  0 |    0    0 |          (0,0,0) |      (0,0,0) | Y
     314   313 |  0   1   1 |  1   1   0 |  1   0   0 |  0  1  0 |    0   27 |         (0,1,14) |     (0,1,14) | Y
     314   314 |  0   0   0 |  1   1   0 |  1   1   1 |  0  1  1 |    0   27 |         (0,1,14) |     (0,1,14) | Y
     314   315 |  0   1   1 |  1   0   1 |  1   0   1 |  0  0  0 |    0    0 |          (0,0,0) |      (0,0,0) | Y
     314   316 |  0   0   0 |  1   0   1 |  1   1   0 |  0  0  1 |    0    0 |          (0,0,1) |      (0,0,1) | Y
     314   317 |  0   1   1 |  1   1   0 |  1   1   1 |  0  1  1 |    0   27 |         (0,1,14) |     (0,1,14) | Y
     314   318 |  0   0   0 |  1   1   0 |  1   0   0 |  0  1  0 |    0   27 |         (0,1,14) |     (0,1,14) | Y
     314   319 |  0   1   1 |  1   0   1 |  1   1   0 |  0  0  1 |    0    0 |          (0,0,1) |      (0,0,1) | Y
     315   312 |  1   0   1 |  0   0   0 |  0   0   0 |  0  0  0 |    0    0 |          (0,0,0) |      (0,0,0) | Y
     315   313 |  1   1   0 |  0   1   0 |  0   0   1 |  1  0  0 |  219  123 |       (1,110,61) |   (1,110,61) | Y
     315   314 |  1   0   1 |  0   1   1 |  0   1   1 |  0  0  0 |    0    0 |          (0,0,0) |      (0,0,0) | Y
     315   315 |  1   1   0 |  0   0   1 |  0   0   0 |  1  0  0 |  219   96 |       (1,109,48) |   (1,109,48) | Y
     315   316 |  1   0   1 |  0   0   0 |  0   1   1 |  0  0  0 |    0    0 |          (0,0,0) |      (0,0,0) | Y
     315   317 |  1   1   0 |  0   1   0 |  0   1   0 |  1  0  0 |  219  123 |       (1,110,62) |   (1,110,62) | Y
     315   318 |  1   0   1 |  0   1   1 |  0   0   0 |  0  0  0 |    0    0 |          (0,0,0) |      (0,0,0) | Y
     315   319 |  1   1   0 |  0   0   1 |  0   1   1 |  1  0  0 |  219   96 |       (1,109,48) |   (1,109,48) | Y
     316   312 |  0   0   0 |  0   0   0 |  1   0   1 |  0  0  0 |    0    0 |          (0,0,0) |      (0,0,0) | Y
     316   313 |  0   1   1 |  0   1   1 |  1   0   1 |  0  0  0 |    0    0 |          (0,0,0) |      (0,0,0) | Y
     316   314 |  0   0   0 |  0   1   1 |  1   1   0 |  0  0  1 |    0    0 |          (0,0,1) |      (0,0,1) | Y
     316   315 |  0   1   1 |  0   0   0 |  1   0   1 |  0  0  0 |    0    0 |          (0,0,0) |      (0,0,0) | Y
     316   316 |  0   0   0 |  0   0   0 |  1   1   0 |  0  0  1 |    0    0 |          (0,0,1) |      (0,0,1) | Y
     316   317 |  0   1   1 |  0   1   1 |  1   1   0 |  0  0  1 |    0    0 |          (0,0,1) |      (0,0,1) | Y
     316   318 |  0   0   0 |  0   1   1 |  1   0   1 |  0  0  0 |    0    0 |          (0,0,0) |      (0,0,0) | Y
     316   319 |  0   1   1 |  0   0   0 |  1   1   0 |  0  0  1 |    0    0 |          (0,0,1) |      (0,0,1) | Y
     317   312 |  1   0   1 |  1   0   1 |  1   0   1 |  0  0  0 |    0    0 |          (0,0,0) |      (0,0,0) | Y
     317   313 |  1   1   0 |  1   1   1 |  1   0   0 |  1  1  0 |  219  123 |       (1,110,62) |   (1,110,62) | Y
     317   314 |  1   0   1 |  1   1   0 |  1   1   1 |  0  1  1 |    0   27 |         (0,1,14) |     (0,1,14) | Y
     317   315 |  1   1   0 |  1   0   0 |  1   0   0 |  1  0  0 |  219  123 |       (1,110,62) |   (1,110,62) | Y
     317   316 |  1   0   1 |  1   0   1 |  1   1   0 |  0  0  1 |    0    0 |          (0,0,1) |      (0,0,1) | Y
     317   317 |  1   1   0 |  1   1   1 |  1   1   1 |  1  1  1 |  219  123 |       (1,110,62) |   (1,110,62) | Y
     317   318 |  1   0   1 |  1   1   0 |  1   0   0 |  0  1  0 |    0   27 |         (0,1,14) |     (0,1,14) | Y
     317   319 |  1   1   0 |  1   0   0 |  1   1   1 |  1  0  1 |  219  123 |       (1,110,62) |   (1,110,62) | Y
     318   312 |  0   0   0 |  1   0   1 |  0   0   0 |  0  0  0 |    0    0 |          (0,0,0) |      (0,0,0) | Y
     318   313 |  0   1   1 |  1   1   0 |  0   0   1 |  0  1  0 |    0   27 |         (0,1,13) |     (0,1,13) | Y
     318   314 |  0   0   0 |  1   1   0 |  0   1   0 |  0  1  0 |    0   27 |         (0,1,14) |     (0,1,14) | Y
     318   315 |  0   1   1 |  1   0   1 |  0   0   0 |  0  0  0 |    0    0 |          (0,0,0) |      (0,0,0) | Y
     318   316 |  0   0   0 |  1   0   1 |  0   1   1 |  0  0  0 |    0    0 |          (0,0,0) |      (0,0,0) | Y
     318   317 |  0   1   1 |  1   1   0 |  0   1   0 |  0  1  0 |    0   27 |         (0,1,14) |     (0,1,14) | Y
     318   318 |  0   0   0 |  1   1   0 |  0   0   1 |  0  1  0 |    0   27 |         (0,1,13) |     (0,1,13) | Y
     318   319 |  0   1   1 |  1   0   1 |  0   1   1 |  0  0  0 |    0    0 |          (0,0,0) |      (0,0,0) | Y
     319   312 |  1   0   1 |  0   0   0 |  1   0   1 |  0  0  0 |    0    0 |          (0,0,0) |      (0,0,0) | Y
     319   313 |  1   1   0 |  0   1   0 |  1   0   0 |  1  0  0 |  219  123 |       (1,110,62) |   (1,110,62) | Y
     319   314 |  1   0   1 |  0   1   1 |  1   1   0 |  0  0  1 |    0    0 |          (0,0,1) |      (0,0,1) | Y
     319   315 |  1   1   0 |  0   0   1 |  1   0   1 |  1  0  0 |  219   96 |       (1,109,48) |   (1,109,48) | Y
     319   316 |  1   0   1 |  0   0   0 |  1   1   0 |  0  0  1 |    0    0 |          (0,0,1) |      (0,0,1) | Y
     319   317 |  1   1   0 |  0   1   0 |  1   1   1 |  1  0  1 |  219  123 |       (1,110,62) |   (1,110,62) | Y
     319   318 |  1   0   1 |  0   1   1 |  1   0   1 |  0  0  0 |    0    0 |          (0,0,0) |      (0,0,0) | Y
     319   319 |  1   1   0 |  0   0   1 |  1   1   0 |  1  0  1 |  219   96 |       (1,109,49) |   (1,109,49) | Y

== H01 (Zp,p=2,H01): d0=1 reads=(2, 1, 2),(2, 1, 2),(2, 1, 2)  E3=8
   gamma2=9 gamma3=73 w1Phi1=4 w2Phi2=36  bez (l0,l0p)=(1,0) (l1,l1p)=(1,0) (l2,l2p)=(1,0)
   letter orders: zbar=17 z2=5 z1=3   Gamma0=112
       g    gp | s3 s3p s3s | s2 s2p s2s | s1 s1p s1s | d3 d2 d1 | Sig2 Sig1 | measured (a,b,c) | fitted (A,B,C) | ok
     112   112 |  0   0   0 |  0   0   0 |  0   0   0 |  0  0  0 |    0    0 |          (0,0,0) |      (0,0,0) | Y
     112   113 |  0   1   1 |  0   0   0 |  0   0   0 |  0  0  0 |    0    0 |          (0,0,0) |      (0,0,0) | Y
     112   114 |  0   0   0 |  0   1   1 |  0   0   0 |  0  0  0 |    0    0 |          (0,0,0) |      (0,0,0) | Y
     112   115 |  0   1   1 |  0   1   1 |  0   0   0 |  0  0  0 |    0    0 |          (0,0,0) |      (0,0,0) | Y
     112   116 |  0   0   0 |  0   0   0 |  0   1   1 |  0  0  0 |    0    0 |          (0,0,0) |      (0,0,0) | Y
     112   117 |  0   1   1 |  0   0   0 |  0   1   1 |  0  0  0 |    0    0 |          (0,0,0) |      (0,0,0) | Y
     112   118 |  0   0   0 |  0   1   1 |  0   1   1 |  0  0  0 |    0    0 |          (0,0,0) |      (0,0,0) | Y
     112   119 |  0   1   1 |  0   1   1 |  0   1   1 |  0  0  0 |    0    0 |          (0,0,0) |      (0,0,0) | Y
     113   112 |  1   0   1 |  0   0   0 |  0   0   0 |  0  0  0 |    0    0 |          (0,0,0) |      (0,0,0) | Y
     113   113 |  1   1   0 |  0   0   1 |  0   0   0 |  1  0  0 |   73   32 |        (1,36,16) |    (1,36,16) | Y
     113   114 |  1   0   1 |  0   1   1 |  0   0   0 |  0  0  0 |    0    0 |          (0,0,0) |      (0,0,0) | Y
     113   115 |  1   1   0 |  0   1   0 |  0   0   1 |  1  0  0 |   73   41 |        (1,37,20) |    (1,37,20) | Y
     113   116 |  1   0   1 |  0   0   0 |  0   1   1 |  0  0  0 |    0    0 |          (0,0,0) |      (0,0,0) | Y
     113   117 |  1   1   0 |  0   0   1 |  0   1   1 |  1  0  0 |   73   32 |        (1,36,16) |    (1,36,16) | Y
     113   118 |  1   0   1 |  0   1   1 |  0   1   1 |  0  0  0 |    0    0 |          (0,0,0) |      (0,0,0) | Y
     113   119 |  1   1   0 |  0   1   0 |  0   1   0 |  1  0  0 |   73   41 |        (1,37,21) |    (1,37,21) | Y
     114   112 |  0   0   0 |  1   0   1 |  0   0   0 |  0  0  0 |    0    0 |          (0,0,0) |      (0,0,0) | Y
     114   113 |  0   1   1 |  1   0   1 |  0   0   0 |  0  0  0 |    0    0 |          (0,0,0) |      (0,0,0) | Y
     114   114 |  0   0   0 |  1   1   0 |  0   0   1 |  0  1  0 |    0    9 |          (0,1,4) |      (0,1,4) | Y
     114   115 |  0   1   1 |  1   1   0 |  0   0   1 |  0  1  0 |    0    9 |          (0,1,4) |      (0,1,4) | Y
     114   116 |  0   0   0 |  1   0   1 |  0   1   1 |  0  0  0 |    0    0 |          (0,0,0) |      (0,0,0) | Y
     114   117 |  0   1   1 |  1   0   1 |  0   1   1 |  0  0  0 |    0    0 |          (0,0,0) |      (0,0,0) | Y
     114   118 |  0   0   0 |  1   1   0 |  0   1   0 |  0  1  0 |    0    9 |          (0,1,5) |      (0,1,5) | Y
     114   119 |  0   1   1 |  1   1   0 |  0   1   0 |  0  1  0 |    0    9 |          (0,1,5) |      (0,1,5) | Y
     115   112 |  1   0   1 |  1   0   1 |  0   0   0 |  0  0  0 |    0    0 |          (0,0,0) |      (0,0,0) | Y
     115   113 |  1   1   0 |  1   0   0 |  0   0   1 |  1  0  0 |   73   41 |        (1,37,20) |    (1,37,20) | Y
     115   114 |  1   0   1 |  1   1   0 |  0   0   1 |  0  1  0 |    0    9 |          (0,1,4) |      (0,1,4) | Y
     115   115 |  1   1   0 |  1   1   1 |  0   0   1 |  1  1  0 |   73   41 |        (1,37,20) |    (1,37,20) | Y
     115   116 |  1   0   1 |  1   0   1 |  0   1   1 |  0  0  0 |    0    0 |          (0,0,0) |      (0,0,0) | Y
     115   117 |  1   1   0 |  1   0   0 |  0   1   0 |  1  0  0 |   73   41 |        (1,37,21) |    (1,37,21) | Y
     115   118 |  1   0   1 |  1   1   0 |  0   1   0 |  0  1  0 |    0    9 |          (0,1,5) |      (0,1,5) | Y
     115   119 |  1   1   0 |  1   1   1 |  0   1   0 |  1  1  0 |   73   41 |        (1,37,21) |    (1,37,21) | Y
     116   112 |  0   0   0 |  0   0   0 |  1   0   1 |  0  0  0 |    0    0 |          (0,0,0) |      (0,0,0) | Y
     116   113 |  0   1   1 |  0   0   0 |  1   0   1 |  0  0  0 |    0    0 |          (0,0,0) |      (0,0,0) | Y
     116   114 |  0   0   0 |  0   1   1 |  1   0   1 |  0  0  0 |    0    0 |          (0,0,0) |      (0,0,0) | Y
     116   115 |  0   1   1 |  0   1   1 |  1   0   1 |  0  0  0 |    0    0 |          (0,0,0) |      (0,0,0) | Y
     116   116 |  0   0   0 |  0   0   0 |  1   1   0 |  0  0  1 |    0    0 |          (0,0,1) |      (0,0,1) | Y
     116   117 |  0   1   1 |  0   0   0 |  1   1   0 |  0  0  1 |    0    0 |          (0,0,1) |      (0,0,1) | Y
     116   118 |  0   0   0 |  0   1   1 |  1   1   0 |  0  0  1 |    0    0 |          (0,0,1) |      (0,0,1) | Y
     116   119 |  0   1   1 |  0   1   1 |  1   1   0 |  0  0  1 |    0    0 |          (0,0,1) |      (0,0,1) | Y
     117   112 |  1   0   1 |  0   0   0 |  1   0   1 |  0  0  0 |    0    0 |          (0,0,0) |      (0,0,0) | Y
     117   113 |  1   1   0 |  0   0   1 |  1   0   1 |  1  0  0 |   73   32 |        (1,36,16) |    (1,36,16) | Y
     117   114 |  1   0   1 |  0   1   1 |  1   0   1 |  0  0  0 |    0    0 |          (0,0,0) |      (0,0,0) | Y
     117   115 |  1   1   0 |  0   1   0 |  1   0   0 |  1  0  0 |   73   41 |        (1,37,21) |    (1,37,21) | Y
     117   116 |  1   0   1 |  0   0   0 |  1   1   0 |  0  0  1 |    0    0 |          (0,0,1) |      (0,0,1) | Y
     117   117 |  1   1   0 |  0   0   1 |  1   1   0 |  1  0  1 |   73   32 |        (1,36,17) |    (1,36,17) | Y
     117   118 |  1   0   1 |  0   1   1 |  1   1   0 |  0  0  1 |    0    0 |          (0,0,1) |      (0,0,1) | Y
     117   119 |  1   1   0 |  0   1   0 |  1   1   1 |  1  0  1 |   73   41 |        (1,37,21) |    (1,37,21) | Y
     118   112 |  0   0   0 |  1   0   1 |  1   0   1 |  0  0  0 |    0    0 |          (0,0,0) |      (0,0,0) | Y
     118   113 |  0   1   1 |  1   0   1 |  1   0   1 |  0  0  0 |    0    0 |          (0,0,0) |      (0,0,0) | Y
     118   114 |  0   0   0 |  1   1   0 |  1   0   0 |  0  1  0 |    0    9 |          (0,1,5) |      (0,1,5) | Y
     118   115 |  0   1   1 |  1   1   0 |  1   0   0 |  0  1  0 |    0    9 |          (0,1,5) |      (0,1,5) | Y
     118   116 |  0   0   0 |  1   0   1 |  1   1   0 |  0  0  1 |    0    0 |          (0,0,1) |      (0,0,1) | Y
     118   117 |  0   1   1 |  1   0   1 |  1   1   0 |  0  0  1 |    0    0 |          (0,0,1) |      (0,0,1) | Y
     118   118 |  0   0   0 |  1   1   0 |  1   1   1 |  0  1  1 |    0    9 |          (0,1,5) |      (0,1,5) | Y
     118   119 |  0   1   1 |  1   1   0 |  1   1   1 |  0  1  1 |    0    9 |          (0,1,5) |      (0,1,5) | Y
     119   112 |  1   0   1 |  1   0   1 |  1   0   1 |  0  0  0 |    0    0 |          (0,0,0) |      (0,0,0) | Y
     119   113 |  1   1   0 |  1   0   0 |  1   0   0 |  1  0  0 |   73   41 |        (1,37,21) |    (1,37,21) | Y
     119   114 |  1   0   1 |  1   1   0 |  1   0   0 |  0  1  0 |    0    9 |          (0,1,5) |      (0,1,5) | Y
     119   115 |  1   1   0 |  1   1   1 |  1   0   0 |  1  1  0 |   73   41 |        (1,37,21) |    (1,37,21) | Y
     119   116 |  1   0   1 |  1   0   1 |  1   1   0 |  0  0  1 |    0    0 |          (0,0,1) |      (0,0,1) | Y
     119   117 |  1   1   0 |  1   0   0 |  1   1   1 |  1  0  1 |   73   41 |        (1,37,21) |    (1,37,21) | Y
     119   118 |  1   0   1 |  1   1   0 |  1   1   1 |  0  1  1 |    0    9 |          (0,1,5) |      (0,1,5) | Y
     119   119 |  1   1   0 |  1   1   1 |  1   1   1 |  1  1  1 |   73   41 |        (1,37,21) |    (1,37,21) | Y

== H02 (Fpt,p=3,H02): d0=1 reads=(3, 2, 2),(2, 1, 1),(1, 1, 2)  E3=6
   gamma2=25 gamma3=51 w1Phi1=12 w2Phi2=50  bez (l0,l0p)=(2,-1) (l1,l1p)=(1,0) (l2,l2p)=(0,1)
   letter orders: zbar=5 z2=1 z1=8   Gamma0=60
       g    gp | s3 s3p s3s | s2 s2p s2s | s1 s1p s1s | d3 d2 d1 | Sig2 Sig1 | measured (a,b,c) | fitted (A,B,C) | ok
      60    60 |  0   0   0 |  0   0   0 |  0   0   0 |  0  0  0 |    0    0 |          (0,0,0) |      (0,0,0) | Y
      60    61 |  0   0   0 |  0   1   1 |  0   0   0 |  0  0  0 |    0    0 |          (0,0,0) |      (0,0,0) | Y
      60    62 |  0   0   0 |  0   0   0 |  0   2   2 |  0  0  0 |    0    0 |          (0,0,0) |      (0,0,0) | Y
      60    63 |  0   0   0 |  0   1   1 |  0   2   2 |  0  0  0 |    0    0 |          (0,0,0) |      (0,0,0) | Y
      60    64 |  0   0   0 |  0   0   0 |  0   1   1 |  0  0  0 |    0    0 |          (0,0,0) |      (0,0,0) | Y
      60    65 |  0   0   0 |  0   1   1 |  0   1   1 |  0  0  0 |    0    0 |          (0,0,0) |      (0,0,0) | Y
      61    60 |  0   0   0 |  1   0   1 |  0   0   0 |  0  0  0 |    0    0 |          (0,0,0) |      (0,0,0) | Y
      61    61 |  0   0   0 |  1   1   0 |  0   0   2 |  0  1  0 |    0   25 |       (0,0,0)*m2 |     (0,1,16) | Y
      61    62 |  0   0   0 |  1   0   1 |  0   2   2 |  0  0  0 |    0    0 |          (0,0,0) |      (0,0,0) | Y
      61    63 |  0   0   0 |  1   1   0 |  0   2   1 |  0  1  0 |    0   25 |       (0,0,1)*m2 |     (0,1,17) | Y
      61    64 |  0   0   0 |  1   0   1 |  0   1   1 |  0  0  0 |    0    0 |          (0,0,0) |      (0,0,0) | Y
      61    65 |  0   0   0 |  1   1   0 |  0   1   0 |  0  1  0 |    0   25 |       (0,0,1)*m2 |     (0,1,17) | Y
      62    60 |  0   0   0 |  0   0   0 |  2   0   2 |  0  0  0 |    0    0 |          (0,0,0) |      (0,0,0) | Y
      62    61 |  0   0   0 |  0   1   1 |  2   0   2 |  0  0  0 |    0    0 |          (0,0,0) |      (0,0,0) | Y
      62    62 |  0   0   0 |  0   0   0 |  2   2   1 |  0  0  1 |    0    0 |          (0,0,1) |      (0,0,1) | Y
      62    63 |  0   0   0 |  0   1   1 |  2   2   1 |  0  0  1 |    0    0 |          (0,0,1) |      (0,0,1) | Y
      62    64 |  0   0   0 |  0   0   0 |  2   1   0 |  0  0  1 |    0    0 |          (0,0,1) |      (0,0,1) | Y
      62    65 |  0   0   0 |  0   1   1 |  2   1   0 |  0  0  1 |    0    0 |          (0,0,1) |      (0,0,1) | Y
      63    60 |  0   0   0 |  1   0   1 |  2   0   2 |  0  0  0 |    0    0 |          (0,0,0) |      (0,0,0) | Y
      63    61 |  0   0   0 |  1   1   0 |  2   0   1 |  0  1  0 |    0   25 |       (0,0,1)*m2 |     (0,1,17) | Y
      63    62 |  0   0   0 |  1   0   1 |  2   2   1 |  0  0  1 |    0    0 |          (0,0,1) |      (0,0,1) | Y
      63    63 |  0   0   0 |  1   1   0 |  2   2   0 |  0  1  1 |    0   25 |        nonstruct |     (0,1,18) | Y
      63    64 |  0   0   0 |  1   0   1 |  2   1   0 |  0  0  1 |    0    0 |          (0,0,1) |      (0,0,1) | Y
      63    65 |  0   0   0 |  1   1   0 |  2   1   2 |  0  1  1 |    0   25 |       (0,0,1)*m2 |     (0,1,17) | Y
      64    60 |  0   0   0 |  0   0   0 |  1   0   1 |  0  0  0 |    0    0 |          (0,0,0) |      (0,0,0) | Y
      64    61 |  0   0   0 |  0   1   1 |  1   0   1 |  0  0  0 |    0    0 |          (0,0,0) |      (0,0,0) | Y
      64    62 |  0   0   0 |  0   0   0 |  1   2   0 |  0  0  1 |    0    0 |          (0,0,1) |      (0,0,1) | Y
      64    63 |  0   0   0 |  0   1   1 |  1   2   0 |  0  0  1 |    0    0 |          (0,0,1) |      (0,0,1) | Y
      64    64 |  0   0   0 |  0   0   0 |  1   1   2 |  0  0  0 |    0    0 |          (0,0,0) |      (0,0,0) | Y
      64    65 |  0   0   0 |  0   1   1 |  1   1   2 |  0  0  0 |    0    0 |          (0,0,0) |      (0,0,0) | Y
      65    60 |  0   0   0 |  1   0   1 |  1   0   1 |  0  0  0 |    0    0 |          (0,0,0) |      (0,0,0) | Y
      65    61 |  0   0   0 |  1   1   0 |  1   0   0 |  0  1  0 |    0   25 |       (0,0,1)*m2 |     (0,1,17) | Y
      65    62 |  0   0   0 |  1   0   1 |  1   2   0 |  0  0  1 |    0    0 |          (0,0,1) |      (0,0,1) | Y
      65    63 |  0   0   0 |  1   1   0 |  1   2   2 |  0  1  1 |    0   25 |       (0,0,1)*m2 |     (0,1,17) | Y
      65    64 |  0   0   0 |  1   0   1 |  1   1   2 |  0  0  0 |    0    0 |          (0,0,0) |      (0,0,0) | Y
      65    65 |  0   0   0 |  1   1   0 |  1   1   1 |  0  1  0 |    0   25 |       (0,0,1)*m2 |     (0,1,17) | Y

== H03 (Zp,p=3,H03): d0=1 reads=(1, 1, 2),(2, 3, 2),(3, 1, 2)  E3=6
   gamma2=7 gamma3=85 w1Phi1=2 w2Phi2=28  bez (l0,l0p)=(0,1) (l1,l1p)=(1,-1) (l2,l2p)=(1,0)
   letter orders: zbar=41 z2=5 z1=8   Gamma0=198
       g    gp | s3 s3p s3s | s2 s2p s2s | s1 s1p s1s | d3 d2 d1 | Sig2 Sig1 | measured (a,b,c) | fitted (A,B,C) | ok
     198   198 |  0   0   0 |  0   0   0 |  0   0   0 |  0  0  0 |    0    0 |          (0,0,0) |      (0,0,0) | Y
     198   199 |  0   1   1 |  0   0   0 |  0   0   0 |  0  0  0 |    0    0 |          (0,0,0) |      (0,0,0) | Y
     198   200 |  0   2   2 |  0   0   0 |  0   0   0 |  0  0  0 |    0    0 |          (0,0,0) |      (0,0,0) | Y
     198   201 |  0   0   0 |  0   1   1 |  0   0   0 |  0  0  0 |    0    0 |          (0,0,0) |      (0,0,0) | Y
     198   202 |  0   1   1 |  0   1   1 |  0   0   0 |  0  0  0 |    0    0 |          (0,0,0) |      (0,0,0) | Y
     198   203 |  0   2   2 |  0   1   1 |  0   0   0 |  0  0  0 |    0    0 |          (0,0,0) |      (0,0,0) | Y
     199   198 |  1   0   1 |  0   0   0 |  0   0   0 |  0  0  0 |    0    0 |          (0,0,0) |      (0,0,0) | Y
     199   199 |  1   1   2 |  0   0   0 |  0   0   0 |  0  0  0 |    0    0 |          (0,0,0) |      (0,0,0) | Y
     199   200 |  1   2   0 |  0   0   1 |  0   0   0 |  1  0  0 |   85   39 |         (1,42,0) |     (1,42,0) | Y
     199   201 |  1   0   1 |  0   1   1 |  0   0   0 |  0  0  0 |    0    0 |          (0,0,0) |      (0,0,0) | Y
     199   202 |  1   1   2 |  0   1   1 |  0   0   0 |  0  0  0 |    0    0 |          (0,0,0) |      (0,0,0) | Y
     199   203 |  1   2   0 |  0   1   0 |  0   0   0 |  1  0  0 |   85   46 |         (1,43,0) |     (1,43,0) | Y
     200   198 |  2   0   2 |  0   0   0 |  0   0   0 |  0  0  0 |    0    0 |          (0,0,0) |      (0,0,0) | Y
     200   199 |  2   1   0 |  0   0   1 |  0   0   0 |  1  0  0 |   85   39 |         (1,42,0) |     (1,42,0) | Y
     200   200 |  2   2   1 |  0   0   1 |  0   0   0 |  1  0  0 |   85   39 |         (1,42,0) |     (1,42,0) | Y
     200   201 |  2   0   2 |  0   1   1 |  0   0   0 |  0  0  0 |    0    0 |          (0,0,0) |      (0,0,0) | Y
     200   202 |  2   1   0 |  0   1   0 |  0   0   0 |  1  0  0 |   85   46 |         (1,43,0) |     (1,43,0) | Y
     200   203 |  2   2   1 |  0   1   0 |  0   0   0 |  1  0  0 |   85   46 |         (1,43,0) |     (1,43,0) | Y
     201   198 |  0   0   0 |  1   0   1 |  0   0   0 |  0  0  0 |    0    0 |          (0,0,0) |      (0,0,0) | Y
     201   199 |  0   1   1 |  1   0   1 |  0   0   0 |  0  0  0 |    0    0 |          (0,0,0) |      (0,0,0) | Y
     201   200 |  0   2   2 |  1   0   1 |  0   0   0 |  0  0  0 |    0    0 |          (0,0,0) |      (0,0,0) | Y
     201   201 |  0   0   0 |  1   1   0 |  0   0   0 |  0  1  0 |    0    7 |          (0,1,0) |      (0,1,0) | Y
     201   202 |  0   1   1 |  1   1   0 |  0   0   0 |  0  1  0 |    0    7 |          (0,1,0) |      (0,1,0) | Y
     201   203 |  0   2   2 |  1   1   0 |  0   0   0 |  0  1  0 |    0    7 |          (0,1,0) |      (0,1,0) | Y
     202   198 |  1   0   1 |  1   0   1 |  0   0   0 |  0  0  0 |    0    0 |          (0,0,0) |      (0,0,0) | Y
     202   199 |  1   1   2 |  1   0   1 |  0   0   0 |  0  0  0 |    0    0 |          (0,0,0) |      (0,0,0) | Y
     202   200 |  1   2   0 |  1   0   0 |  0   0   0 |  1  0  0 |   85   46 |         (1,43,0) |     (1,43,0) | Y
     202   201 |  1   0   1 |  1   1   0 |  0   0   0 |  0  1  0 |    0    7 |          (0,1,0) |      (0,1,0) | Y
     202   202 |  1   1   2 |  1   1   0 |  0   0   0 |  0  1  0 |    0    7 |          (0,1,0) |      (0,1,0) | Y
     202   203 |  1   2   0 |  1   1   1 |  0   0   0 |  1  1  0 |   85   46 |         (1,43,0) |     (1,43,0) | Y
     203   198 |  2   0   2 |  1   0   1 |  0   0   0 |  0  0  0 |    0    0 |          (0,0,0) |      (0,0,0) | Y
     203   199 |  2   1   0 |  1   0   0 |  0   0   0 |  1  0  0 |   85   46 |         (1,43,0) |     (1,43,0) | Y
     203   200 |  2   2   1 |  1   0   0 |  0   0   0 |  1  0  0 |   85   46 |         (1,43,0) |     (1,43,0) | Y
     203   201 |  2   0   2 |  1   1   0 |  0   0   0 |  0  1  0 |    0    7 |          (0,1,0) |      (0,1,0) | Y
     203   202 |  2   1   0 |  1   1   1 |  0   0   0 |  1  1  0 |   85   46 |         (1,43,0) |     (1,43,0) | Y
     203   203 |  2   2   1 |  1   1   1 |  0   0   0 |  1  1  0 |   85   46 |         (1,43,0) |     (1,43,0) | Y

== H04 (Fpt,p=2,H04): d0=1 reads=(2, 3, 2),(1, 1, 2),(4, 1, 2)  E3=8
   gamma2=13 gamma3=105 w1Phi1=12 w2Phi2=26  bez (l0,l0p)=(1,-1) (l1,l1p)=(0,1) (l2,l2p)=(1,0)
   letter orders: zbar=17 z2=5 z1=3   Gamma0=352
       g    gp | s3 s3p s3s | s2 s2p s2s | s1 s1p s1s | d3 d2 d1 | Sig2 Sig1 | measured (a,b,c) | fitted (A,B,C) | ok
     352   352 |  0   0   0 |  0   0   0 |  0   0   0 |  0  0  0 |    0    0 |          (0,0,0) |      (0,0,0) | Y
     352   353 |  0   1   1 |  0   0   0 |  0   0   0 |  0  0  0 |    0    0 |          (0,0,0) |      (0,0,0) | Y
     352   354 |  0   2   2 |  0   0   0 |  0   0   0 |  0  0  0 |    0    0 |          (0,0,0) |      (0,0,0) | Y
     352   355 |  0   3   3 |  0   0   0 |  0   0   0 |  0  0  0 |    0    0 |          (0,0,0) |      (0,0,0) | Y
     352   356 |  0   0   0 |  0   0   0 |  0   1   1 |  0  0  0 |    0    0 |          (0,0,0) |      (0,0,0) | Y
     352   357 |  0   1   1 |  0   0   0 |  0   1   1 |  0  0  0 |    0    0 |          (0,0,0) |      (0,0,0) | Y
     352   358 |  0   2   2 |  0   0   0 |  0   1   1 |  0  0  0 |    0    0 |          (0,0,0) |      (0,0,0) | Y
     352   359 |  0   3   3 |  0   0   0 |  0   1   1 |  0  0  0 |    0    0 |          (0,0,0) |      (0,0,0) | Y
     353   352 |  1   0   1 |  0   0   0 |  0   0   0 |  0  0  0 |    0    0 |          (0,0,0) |      (0,0,0) | Y
     353   353 |  1   1   2 |  0   0   0 |  0   0   0 |  0  0  0 |    0    0 |          (0,0,0) |      (0,0,0) | Y
     353   354 |  1   2   3 |  0   0   0 |  0   0   0 |  0  0  0 |    0    0 |          (0,0,0) |      (0,0,0) | Y
     353   355 |  1   3   0 |  0   0   0 |  0   0   1 |  1  0  0 |  105  105 |         (1,0,52) |     (1,0,52) | Y
     353   356 |  1   0   1 |  0   0   0 |  0   1   1 |  0  0  0 |    0    0 |          (0,0,0) |      (0,0,0) | Y
     353   357 |  1   1   2 |  0   0   0 |  0   1   1 |  0  0  0 |    0    0 |          (0,0,0) |      (0,0,0) | Y
     353   358 |  1   2   3 |  0   0   0 |  0   1   1 |  0  0  0 |    0    0 |          (0,0,0) |      (0,0,0) | Y
     353   359 |  1   3   0 |  0   0   0 |  0   1   0 |  1  0  0 |  105  105 |         (1,0,53) |     (1,0,53) | Y
     354   352 |  2   0   2 |  0   0   0 |  0   0   0 |  0  0  0 |    0    0 |          (0,0,0) |      (0,0,0) | Y
     354   353 |  2   1   3 |  0   0   0 |  0   0   0 |  0  0  0 |    0    0 |          (0,0,0) |      (0,0,0) | Y
     354   354 |  2   2   0 |  0   0   0 |  0   0   1 |  1  0  0 |  105  105 |         (1,0,52) |     (1,0,52) | Y
     354   355 |  2   3   1 |  0   0   0 |  0   0   1 |  1  0  0 |  105  105 |         (1,0,52) |     (1,0,52) | Y
     354   356 |  2   0   2 |  0   0   0 |  0   1   1 |  0  0  0 |    0    0 |          (0,0,0) |      (0,0,0) | Y
     354   357 |  2   1   3 |  0   0   0 |  0   1   1 |  0  0  0 |    0    0 |          (0,0,0) |      (0,0,0) | Y
     354   358 |  2   2   0 |  0   0   0 |  0   1   0 |  1  0  0 |  105  105 |         (1,0,53) |     (1,0,53) | Y
     354   359 |  2   3   1 |  0   0   0 |  0   1   0 |  1  0  0 |  105  105 |         (1,0,53) |     (1,0,53) | Y
     355   352 |  3   0   3 |  0   0   0 |  0   0   0 |  0  0  0 |    0    0 |          (0,0,0) |      (0,0,0) | Y
     355   353 |  3   1   0 |  0   0   0 |  0   0   1 |  1  0  0 |  105  105 |         (1,0,52) |     (1,0,52) | Y
     355   354 |  3   2   1 |  0   0   0 |  0   0   1 |  1  0  0 |  105  105 |         (1,0,52) |     (1,0,52) | Y
     355   355 |  3   3   2 |  0   0   0 |  0   0   1 |  1  0  0 |  105  105 |         (1,0,52) |     (1,0,52) | Y
     355   356 |  3   0   3 |  0   0   0 |  0   1   1 |  0  0  0 |    0    0 |          (0,0,0) |      (0,0,0) | Y
     355   357 |  3   1   0 |  0   0   0 |  0   1   0 |  1  0  0 |  105  105 |         (1,0,53) |     (1,0,53) | Y
     355   358 |  3   2   1 |  0   0   0 |  0   1   0 |  1  0  0 |  105  105 |         (1,0,53) |     (1,0,53) | Y
     355   359 |  3   3   2 |  0   0   0 |  0   1   0 |  1  0  0 |  105  105 |         (1,0,53) |     (1,0,53) | Y
     356   352 |  0   0   0 |  0   0   0 |  1   0   1 |  0  0  0 |    0    0 |          (0,0,0) |      (0,0,0) | Y
     356   353 |  0   1   1 |  0   0   0 |  1   0   1 |  0  0  0 |    0    0 |          (0,0,0) |      (0,0,0) | Y
     356   354 |  0   2   2 |  0   0   0 |  1   0   1 |  0  0  0 |    0    0 |          (0,0,0) |      (0,0,0) | Y
     356   355 |  0   3   3 |  0   0   0 |  1   0   1 |  0  0  0 |    0    0 |          (0,0,0) |      (0,0,0) | Y
     356   356 |  0   0   0 |  0   0   0 |  1   1   0 |  0  0  1 |    0    0 |          (0,0,1) |      (0,0,1) | Y
     356   357 |  0   1   1 |  0   0   0 |  1   1   0 |  0  0  1 |    0    0 |          (0,0,1) |      (0,0,1) | Y
     356   358 |  0   2   2 |  0   0   0 |  1   1   0 |  0  0  1 |    0    0 |          (0,0,1) |      (0,0,1) | Y
     356   359 |  0   3   3 |  0   0   0 |  1   1   0 |  0  0  1 |    0    0 |          (0,0,1) |      (0,0,1) | Y
     357   352 |  1   0   1 |  0   0   0 |  1   0   1 |  0  0  0 |    0    0 |          (0,0,0) |      (0,0,0) | Y
     357   353 |  1   1   2 |  0   0   0 |  1   0   1 |  0  0  0 |    0    0 |          (0,0,0) |      (0,0,0) | Y
     357   354 |  1   2   3 |  0   0   0 |  1   0   1 |  0  0  0 |    0    0 |          (0,0,0) |      (0,0,0) | Y
     357   355 |  1   3   0 |  0   0   0 |  1   0   0 |  1  0  0 |  105  105 |         (1,0,53) |     (1,0,53) | Y
     357   356 |  1   0   1 |  0   0   0 |  1   1   0 |  0  0  1 |    0    0 |          (0,0,1) |      (0,0,1) | Y
     357   357 |  1   1   2 |  0   0   0 |  1   1   0 |  0  0  1 |    0    0 |          (0,0,1) |      (0,0,1) | Y
     357   358 |  1   2   3 |  0   0   0 |  1   1   0 |  0  0  1 |    0    0 |          (0,0,1) |      (0,0,1) | Y
     357   359 |  1   3   0 |  0   0   0 |  1   1   1 |  1  0  1 |  105  105 |         (1,0,53) |     (1,0,53) | Y
     358   352 |  2   0   2 |  0   0   0 |  1   0   1 |  0  0  0 |    0    0 |          (0,0,0) |      (0,0,0) | Y
     358   353 |  2   1   3 |  0   0   0 |  1   0   1 |  0  0  0 |    0    0 |          (0,0,0) |      (0,0,0) | Y
     358   354 |  2   2   0 |  0   0   0 |  1   0   0 |  1  0  0 |  105  105 |         (1,0,53) |     (1,0,53) | Y
     358   355 |  2   3   1 |  0   0   0 |  1   0   0 |  1  0  0 |  105  105 |         (1,0,53) |     (1,0,53) | Y
     358   356 |  2   0   2 |  0   0   0 |  1   1   0 |  0  0  1 |    0    0 |          (0,0,1) |      (0,0,1) | Y
     358   357 |  2   1   3 |  0   0   0 |  1   1   0 |  0  0  1 |    0    0 |          (0,0,1) |      (0,0,1) | Y
     358   358 |  2   2   0 |  0   0   0 |  1   1   1 |  1  0  1 |  105  105 |         (1,0,53) |     (1,0,53) | Y
     358   359 |  2   3   1 |  0   0   0 |  1   1   1 |  1  0  1 |  105  105 |         (1,0,53) |     (1,0,53) | Y
     359   352 |  3   0   3 |  0   0   0 |  1   0   1 |  0  0  0 |    0    0 |          (0,0,0) |      (0,0,0) | Y
     359   353 |  3   1   0 |  0   0   0 |  1   0   0 |  1  0  0 |  105  105 |         (1,0,53) |     (1,0,53) | Y
     359   354 |  3   2   1 |  0   0   0 |  1   0   0 |  1  0  0 |  105  105 |         (1,0,53) |     (1,0,53) | Y
     359   355 |  3   3   2 |  0   0   0 |  1   0   0 |  1  0  0 |  105  105 |         (1,0,53) |     (1,0,53) | Y
     359   356 |  3   0   3 |  0   0   0 |  1   1   0 |  0  0  1 |    0    0 |          (0,0,1) |      (0,0,1) | Y
     359   357 |  3   1   0 |  0   0   0 |  1   1   1 |  1  0  1 |  105  105 |         (1,0,53) |     (1,0,53) | Y
     359   358 |  3   2   1 |  0   0   0 |  1   1   1 |  1  0  1 |  105  105 |         (1,0,53) |     (1,0,53) | Y
     359   359 |  3   3   2 |  0   0   0 |  1   1   1 |  1  0  1 |  105  105 |         (1,0,53) |     (1,0,53) | Y

== H05 (Fpt,p=3,H05): d0=2 reads=(2, 1, 1),(2, 1, 2),(2, 1, 2)  E3=8
   gamma2=5 gamma3=41 w1Phi1=2 w2Phi2=20  bez (l0,l0p)=(1,0) (l1,l1p)=(1,0) (l2,l2p)=(1,0)
   letter orders: zbar=41 z2=5 z1=2   Gamma0=72
       g    gp | s3 s3p s3s | s2 s2p s2s | s1 s1p s1s | d3 d2 d1 | Sig2 Sig1 | measured (a,b,c) | fitted (A,B,C) | ok
      72    72 |  0   0   0 |  0   0   0 |  0   0   0 |  0  0  0 |    0    0 |          (0,0,0) |      (0,0,0) | Y
      72    73 |  0   1   1 |  0   0   0 |  0   0   0 |  0  0  0 |    0    0 |          (0,0,0) |      (0,0,0) | Y
      72    74 |  0   0   0 |  0   1   1 |  0   0   0 |  0  0  0 |    0    0 |          (0,0,0) |      (0,0,0) | Y
      72    75 |  0   1   1 |  0   1   1 |  0   0   0 |  0  0  0 |    0    0 |          (0,0,0) |      (0,0,0) | Y
      72    76 |  0   0   0 |  0   0   0 |  0   1   1 |  0  0  0 |    0    0 |          (0,0,0) |      (0,0,0) | Y
      72    77 |  0   1   1 |  0   0   0 |  0   1   1 |  0  0  0 |    0    0 |          (0,0,0) |      (0,0,0) | Y
      72    78 |  0   0   0 |  0   1   1 |  0   1   1 |  0  0  0 |    0    0 |          (0,0,0) |      (0,0,0) | Y
      72    79 |  0   1   1 |  0   1   1 |  0   1   1 |  0  0  0 |    0    0 |          (0,0,0) |      (0,0,0) | Y
      73    72 |  1   0   1 |  0   0   0 |  0   0   0 |  0  0  0 |    0    0 |          (0,0,0) |      (0,0,0) | Y
      73    73 |  1   1   0 |  0   0   1 |  0   0   0 |  1  0  0 |   41   18 |         (1,20,9) |     (1,20,9) | Y
      73    74 |  1   0   1 |  0   1   1 |  0   0   0 |  0  0  0 |    0    0 |          (0,0,0) |      (0,0,0) | Y
      73    75 |  1   1   0 |  0   1   0 |  0   0   1 |  1  0  0 |   41   23 |        (1,21,11) |    (1,21,11) | Y
      73    76 |  1   0   1 |  0   0   0 |  0   1   1 |  0  0  0 |    0    0 |          (0,0,0) |      (0,0,0) | Y
      73    77 |  1   1   0 |  0   0   1 |  0   1   1 |  1  0  0 |   41   18 |         (1,20,9) |     (1,20,9) | Y
      73    78 |  1   0   1 |  0   1   1 |  0   1   1 |  0  0  0 |    0    0 |          (0,0,0) |      (0,0,0) | Y
      73    79 |  1   1   0 |  0   1   0 |  0   1   0 |  1  0  0 |   41   23 |        (1,21,12) |    (1,21,12) | Y
      74    72 |  0   0   0 |  1   0   1 |  0   0   0 |  0  0  0 |    0    0 |          (0,0,0) |      (0,0,0) | Y
      74    73 |  0   1   1 |  1   0   1 |  0   0   0 |  0  0  0 |    0    0 |          (0,0,0) |      (0,0,0) | Y
      74    74 |  0   0   0 |  1   1   0 |  0   0   1 |  0  1  0 |    0    5 |          (0,1,2) |      (0,1,2) | Y
      74    75 |  0   1   1 |  1   1   0 |  0   0   1 |  0  1  0 |    0    5 |          (0,1,2) |      (0,1,2) | Y
      74    76 |  0   0   0 |  1   0   1 |  0   1   1 |  0  0  0 |    0    0 |          (0,0,0) |      (0,0,0) | Y
      74    77 |  0   1   1 |  1   0   1 |  0   1   1 |  0  0  0 |    0    0 |          (0,0,0) |      (0,0,0) | Y
      74    78 |  0   0   0 |  1   1   0 |  0   1   0 |  0  1  0 |    0    5 |          (0,1,3) |      (0,1,3) | Y
      74    79 |  0   1   1 |  1   1   0 |  0   1   0 |  0  1  0 |    0    5 |          (0,1,3) |      (0,1,3) | Y
      75    72 |  1   0   1 |  1   0   1 |  0   0   0 |  0  0  0 |    0    0 |          (0,0,0) |      (0,0,0) | Y
      75    73 |  1   1   0 |  1   0   0 |  0   0   1 |  1  0  0 |   41   23 |        (1,21,11) |    (1,21,11) | Y
      75    74 |  1   0   1 |  1   1   0 |  0   0   1 |  0  1  0 |    0    5 |          (0,1,2) |      (0,1,2) | Y
      75    75 |  1   1   0 |  1   1   1 |  0   0   1 |  1  1  0 |   41   23 |        (1,21,11) |    (1,21,11) | Y
      75    76 |  1   0   1 |  1   0   1 |  0   1   1 |  0  0  0 |    0    0 |          (0,0,0) |      (0,0,0) | Y
      75    77 |  1   1   0 |  1   0   0 |  0   1   0 |  1  0  0 |   41   23 |        (1,21,12) |    (1,21,12) | Y
      75    78 |  1   0   1 |  1   1   0 |  0   1   0 |  0  1  0 |    0    5 |          (0,1,3) |      (0,1,3) | Y
      75    79 |  1   1   0 |  1   1   1 |  0   1   0 |  1  1  0 |   41   23 |        (1,21,12) |    (1,21,12) | Y
      76    72 |  0   0   0 |  0   0   0 |  1   0   1 |  0  0  0 |    0    0 |          (0,0,0) |      (0,0,0) | Y
      76    73 |  0   1   1 |  0   0   0 |  1   0   1 |  0  0  0 |    0    0 |          (0,0,0) |      (0,0,0) | Y
      76    74 |  0   0   0 |  0   1   1 |  1   0   1 |  0  0  0 |    0    0 |          (0,0,0) |      (0,0,0) | Y
      76    75 |  0   1   1 |  0   1   1 |  1   0   1 |  0  0  0 |    0    0 |          (0,0,0) |      (0,0,0) | Y
      76    76 |  0   0   0 |  0   0   0 |  1   1   0 |  0  0  1 |    0    0 |       (0,0,1)*i1 |      (0,0,1) | Y
      76    77 |  0   1   1 |  0   0   0 |  1   1   0 |  0  0  1 |    0    0 |       (0,0,1)*i1 |      (0,0,1) | Y
      76    78 |  0   0   0 |  0   1   1 |  1   1   0 |  0  0  1 |    0    0 |       (0,0,1)*i1 |      (0,0,1) | Y
      76    79 |  0   1   1 |  0   1   1 |  1   1   0 |  0  0  1 |    0    0 |       (0,0,1)*i1 |      (0,0,1) | Y
      77    72 |  1   0   1 |  0   0   0 |  1   0   1 |  0  0  0 |    0    0 |          (0,0,0) |      (0,0,0) | Y
      77    73 |  1   1   0 |  0   0   1 |  1   0   1 |  1  0  0 |   41   18 |         (1,20,9) |     (1,20,9) | Y
      77    74 |  1   0   1 |  0   1   1 |  1   0   1 |  0  0  0 |    0    0 |          (0,0,0) |      (0,0,0) | Y
      77    75 |  1   1   0 |  0   1   0 |  1   0   0 |  1  0  0 |   41   23 |        (1,21,12) |    (1,21,12) | Y
      77    76 |  1   0   1 |  0   0   0 |  1   1   0 |  0  0  1 |    0    0 |       (0,0,1)*i1 |      (0,0,1) | Y
      77    77 |  1   1   0 |  0   0   1 |  1   1   0 |  1  0  1 |   41   18 |     (1,20,10)*i1 |    (1,20,10) | Y
      77    78 |  1   0   1 |  0   1   1 |  1   1   0 |  0  0  1 |    0    0 |       (0,0,1)*i1 |      (0,0,1) | Y
      77    79 |  1   1   0 |  0   1   0 |  1   1   1 |  1  0  1 |   41   23 |     (1,21,12)*i1 |    (1,21,12) | Y
      78    72 |  0   0   0 |  1   0   1 |  1   0   1 |  0  0  0 |    0    0 |          (0,0,0) |      (0,0,0) | Y
      78    73 |  0   1   1 |  1   0   1 |  1   0   1 |  0  0  0 |    0    0 |          (0,0,0) |      (0,0,0) | Y
      78    74 |  0   0   0 |  1   1   0 |  1   0   0 |  0  1  0 |    0    5 |          (0,1,3) |      (0,1,3) | Y
      78    75 |  0   1   1 |  1   1   0 |  1   0   0 |  0  1  0 |    0    5 |          (0,1,3) |      (0,1,3) | Y
      78    76 |  0   0   0 |  1   0   1 |  1   1   0 |  0  0  1 |    0    0 |       (0,0,1)*i1 |      (0,0,1) | Y
      78    77 |  0   1   1 |  1   0   1 |  1   1   0 |  0  0  1 |    0    0 |       (0,0,1)*i1 |      (0,0,1) | Y
      78    78 |  0   0   0 |  1   1   0 |  1   1   1 |  0  1  1 |    0    5 |       (0,1,3)*i1 |      (0,1,3) | Y
      78    79 |  0   1   1 |  1   1   0 |  1   1   1 |  0  1  1 |    0    5 |       (0,1,3)*i1 |      (0,1,3) | Y
      79    72 |  1   0   1 |  1   0   1 |  1   0   1 |  0  0  0 |    0    0 |          (0,0,0) |      (0,0,0) | Y
      79    73 |  1   1   0 |  1   0   0 |  1   0   0 |  1  0  0 |   41   23 |        (1,21,12) |    (1,21,12) | Y
      79    74 |  1   0   1 |  1   1   0 |  1   0   0 |  0  1  0 |    0    5 |          (0,1,3) |      (0,1,3) | Y
      79    75 |  1   1   0 |  1   1   1 |  1   0   0 |  1  1  0 |   41   23 |        (1,21,12) |    (1,21,12) | Y
      79    76 |  1   0   1 |  1   0   1 |  1   1   0 |  0  0  1 |    0    0 |       (0,0,1)*i1 |      (0,0,1) | Y
      79    77 |  1   1   0 |  1   0   0 |  1   1   1 |  1  0  1 |   41   23 |     (1,21,12)*i1 |    (1,21,12) | Y
      79    78 |  1   0   1 |  1   1   0 |  1   1   1 |  0  1  1 |    0    5 |       (0,1,3)*i1 |      (0,1,3) | Y
      79    79 |  1   1   0 |  1   1   1 |  1   1   1 |  1  1  1 |   41   23 |     (1,21,12)*i1 |    (1,21,12) | Y

== H06 (Zp,p=2,H06): d0=1 reads=(2, 3, 2),(2, 3, 2),(2, 3, 2)  E3=8
   gamma2=27 gamma3=219 w1Phi1=12 w2Phi2=108  bez (l0,l0p)=(1,-1) (l1,l1p)=(1,-1) (l2,l2p)=(1,-1)
   letter orders: zbar=17 z2=5 z1=3   Gamma0=312
       g    gp | s3 s3p s3s | s2 s2p s2s | s1 s1p s1s | d3 d2 d1 | Sig2 Sig1 | measured (a,b,c) | fitted (A,B,C) | ok
     312   312 |  0   0   0 |  0   0   0 |  0   0   0 |  0  0  0 |    0    0 |          (0,0,0) |      (0,0,0) | Y
     312   313 |  0   1   1 |  0   1   1 |  0   0   0 |  0  0  0 |    0    0 |          (0,0,0) |      (0,0,0) | Y
     312   314 |  0   0   0 |  0   1   1 |  0   1   1 |  0  0  0 |    0    0 |          (0,0,0) |      (0,0,0) | Y
     312   315 |  0   1   1 |  0   0   0 |  0   0   0 |  0  0  0 |    0    0 |          (0,0,0) |      (0,0,0) | Y
     312   316 |  0   0   0 |  0   0   0 |  0   1   1 |  0  0  0 |    0    0 |          (0,0,0) |      (0,0,0) | Y
     312   317 |  0   1   1 |  0   1   1 |  0   1   1 |  0  0  0 |    0    0 |          (0,0,0) |      (0,0,0) | Y
     312   318 |  0   0   0 |  0   1   1 |  0   0   0 |  0  0  0 |    0    0 |          (0,0,0) |      (0,0,0) | Y
     312   319 |  0   1   1 |  0   0   0 |  0   1   1 |  0  0  0 |    0    0 |          (0,0,0) |      (0,0,0) | Y
     313   312 |  1   0   1 |  1   0   1 |  0   0   0 |  0  0  0 |    0    0 |          (0,0,0) |      (0,0,0) | Y
     313   313 |  1   1   0 |  1   1   1 |  0   0   1 |  1  1  0 |  219  123 |       (1,110,61) |   (1,110,61) | Y
     313   314 |  1   0   1 |  1   1   0 |  0   1   0 |  0  1  0 |    0   27 |         (0,1,14) |     (0,1,14) | Y
     313   315 |  1   1   0 |  1   0   0 |  0   0   1 |  1  0  0 |  219  123 |       (1,110,61) |   (1,110,61) | Y
     313   316 |  1   0   1 |  1   0   1 |  0   1   1 |  0  0  0 |    0    0 |          (0,0,0) |      (0,0,0) | Y
     313   317 |  1   1   0 |  1   1   1 |  0   1   0 |  1  1  0 |  219  123 |       (1,110,62) |   (1,110,62) | Y
     313   318 |  1   0   1 |  1   1   0 |  0   0   1 |  0  1  0 |    0   27 |         (0,1,13) |     (0,1,13) | Y
     313   319 |  1   1   0 |  1   0   0 |  0   1   0 |  1  0  0 |  219  123 |       (1,110,62) |   (1,110,62) | Y
     314   312 |  0   0   0 |  1   0   1 |  1   0   1 |  0  0  0 |    0    0 |          (0,0,0) |      (0,0,0) | Y
     314   313 |  0   1   1 |  1   1   0 |  1   0   0 |  0  1  0 |    0   27 |         (0,1,14) |     (0,1,14) | Y
     314   314 |  0   0   0 |  1   1   0 |  1   1   1 |  0  1  1 |    0   27 |         (0,1,14) |     (0,1,14) | Y
     314   315 |  0   1   1 |  1   0   1 |  1   0   1 |  0  0  0 |    0    0 |          (0,0,0) |      (0,0,0) | Y
     314   316 |  0   0   0 |  1   0   1 |  1   1   0 |  0  0  1 |    0    0 |          (0,0,1) |      (0,0,1) | Y
     314   317 |  0   1   1 |  1   1   0 |  1   1   1 |  0  1  1 |    0   27 |         (0,1,14) |     (0,1,14) | Y
     314   318 |  0   0   0 |  1   1   0 |  1   0   0 |  0  1  0 |    0   27 |         (0,1,14) |     (0,1,14) | Y
     314   319 |  0   1   1 |  1   0   1 |  1   1   0 |  0  0  1 |    0    0 |          (0,0,1) |      (0,0,1) | Y
     315   312 |  1   0   1 |  0   0   0 |  0   0   0 |  0  0  0 |    0    0 |          (0,0,0) |      (0,0,0) | Y
     315   313 |  1   1   0 |  0   1   0 |  0   0   1 |  1  0  0 |  219  123 |       (1,110,61) |   (1,110,61) | Y
     315   314 |  1   0   1 |  0   1   1 |  0   1   1 |  0  0  0 |    0    0 |          (0,0,0) |      (0,0,0) | Y
     315   315 |  1   1   0 |  0   0   1 |  0   0   0 |  1  0  0 |  219   96 |       (1,109,48) |   (1,109,48) | Y
     315   316 |  1   0   1 |  0   0   0 |  0   1   1 |  0  0  0 |    0    0 |          (0,0,0) |      (0,0,0) | Y
     315   317 |  1   1   0 |  0   1   0 |  0   1   0 |  1  0  0 |  219  123 |       (1,110,62) |   (1,110,62) | Y
     315   318 |  1   0   1 |  0   1   1 |  0   0   0 |  0  0  0 |    0    0 |          (0,0,0) |      (0,0,0) | Y
     315   319 |  1   1   0 |  0   0   1 |  0   1   1 |  1  0  0 |  219   96 |       (1,109,48) |   (1,109,48) | Y
     316   312 |  0   0   0 |  0   0   0 |  1   0   1 |  0  0  0 |    0    0 |          (0,0,0) |      (0,0,0) | Y
     316   313 |  0   1   1 |  0   1   1 |  1   0   1 |  0  0  0 |    0    0 |          (0,0,0) |      (0,0,0) | Y
     316   314 |  0   0   0 |  0   1   1 |  1   1   0 |  0  0  1 |    0    0 |          (0,0,1) |      (0,0,1) | Y
     316   315 |  0   1   1 |  0   0   0 |  1   0   1 |  0  0  0 |    0    0 |          (0,0,0) |      (0,0,0) | Y
     316   316 |  0   0   0 |  0   0   0 |  1   1   0 |  0  0  1 |    0    0 |          (0,0,1) |      (0,0,1) | Y
     316   317 |  0   1   1 |  0   1   1 |  1   1   0 |  0  0  1 |    0    0 |          (0,0,1) |      (0,0,1) | Y
     316   318 |  0   0   0 |  0   1   1 |  1   0   1 |  0  0  0 |    0    0 |          (0,0,0) |      (0,0,0) | Y
     316   319 |  0   1   1 |  0   0   0 |  1   1   0 |  0  0  1 |    0    0 |          (0,0,1) |      (0,0,1) | Y
     317   312 |  1   0   1 |  1   0   1 |  1   0   1 |  0  0  0 |    0    0 |          (0,0,0) |      (0,0,0) | Y
     317   313 |  1   1   0 |  1   1   1 |  1   0   0 |  1  1  0 |  219  123 |       (1,110,62) |   (1,110,62) | Y
     317   314 |  1   0   1 |  1   1   0 |  1   1   1 |  0  1  1 |    0   27 |         (0,1,14) |     (0,1,14) | Y
     317   315 |  1   1   0 |  1   0   0 |  1   0   0 |  1  0  0 |  219  123 |       (1,110,62) |   (1,110,62) | Y
     317   316 |  1   0   1 |  1   0   1 |  1   1   0 |  0  0  1 |    0    0 |          (0,0,1) |      (0,0,1) | Y
     317   317 |  1   1   0 |  1   1   1 |  1   1   1 |  1  1  1 |  219  123 |       (1,110,62) |   (1,110,62) | Y
     317   318 |  1   0   1 |  1   1   0 |  1   0   0 |  0  1  0 |    0   27 |         (0,1,14) |     (0,1,14) | Y
     317   319 |  1   1   0 |  1   0   0 |  1   1   1 |  1  0  1 |  219  123 |       (1,110,62) |   (1,110,62) | Y
     318   312 |  0   0   0 |  1   0   1 |  0   0   0 |  0  0  0 |    0    0 |          (0,0,0) |      (0,0,0) | Y
     318   313 |  0   1   1 |  1   1   0 |  0   0   1 |  0  1  0 |    0   27 |         (0,1,13) |     (0,1,13) | Y
     318   314 |  0   0   0 |  1   1   0 |  0   1   0 |  0  1  0 |    0   27 |         (0,1,14) |     (0,1,14) | Y
     318   315 |  0   1   1 |  1   0   1 |  0   0   0 |  0  0  0 |    0    0 |          (0,0,0) |      (0,0,0) | Y
     318   316 |  0   0   0 |  1   0   1 |  0   1   1 |  0  0  0 |    0    0 |          (0,0,0) |      (0,0,0) | Y
     318   317 |  0   1   1 |  1   1   0 |  0   1   0 |  0  1  0 |    0   27 |         (0,1,14) |     (0,1,14) | Y
     318   318 |  0   0   0 |  1   1   0 |  0   0   1 |  0  1  0 |    0   27 |         (0,1,13) |     (0,1,13) | Y
     318   319 |  0   1   1 |  1   0   1 |  0   1   1 |  0  0  0 |    0    0 |          (0,0,0) |      (0,0,0) | Y
     319   312 |  1   0   1 |  0   0   0 |  1   0   1 |  0  0  0 |    0    0 |          (0,0,0) |      (0,0,0) | Y
     319   313 |  1   1   0 |  0   1   0 |  1   0   0 |  1  0  0 |  219  123 |       (1,110,62) |   (1,110,62) | Y
     319   314 |  1   0   1 |  0   1   1 |  1   1   0 |  0  0  1 |    0    0 |          (0,0,1) |      (0,0,1) | Y
     319   315 |  1   1   0 |  0   0   1 |  1   0   1 |  1  0  0 |  219   96 |       (1,109,48) |   (1,109,48) | Y
     319   316 |  1   0   1 |  0   0   0 |  1   1   0 |  0  0  1 |    0    0 |          (0,0,1) |      (0,0,1) | Y
     319   317 |  1   1   0 |  0   1   0 |  1   1   1 |  1  0  1 |  219  123 |       (1,110,62) |   (1,110,62) | Y
     319   318 |  1   0   1 |  0   1   1 |  1   0   1 |  0  0  0 |    0    0 |          (0,0,0) |      (0,0,0) | Y
     319   319 |  1   1   0 |  0   0   1 |  1   1   0 |  1  0  1 |  219   96 |       (1,109,49) |   (1,109,49) | Y

== H07s (Zp,p=3,H07s): d0=1 reads=(3, 2, 1),(2, 1, 2),(2, 1, 2)  E3=12
   gamma2=13 gamma3=105 w1Phi1=6 w2Phi2=52  bez (l0,l0p)=(2,-1) (l1,l1p)=(1,0) (l2,l2p)=(1,0)
   letter orders: zbar=5 z2=4 z1=2   Gamma0=192
       g    gp | s3 s3p s3s | s2 s2p s2s | s1 s1p s1s | d3 d2 d1 | Sig2 Sig1 | measured (a,b,c) | fitted (A,B,C) | ok
     192   192 |  0   0   0 |  0   0   0 |  0   0   0 |  0  0  0 |    0    0 |          (0,0,0) |      (0,0,0) | Y
     192   193 |  0   1   1 |  0   0   0 |  0   2   2 |  0  0  0 |    0    0 |          (0,0,0) |      (0,0,0) | Y
     192   194 |  0   0   0 |  0   1   1 |  0   0   0 |  0  0  0 |    0    0 |          (0,0,0) |      (0,0,0) | Y
     192   195 |  0   1   1 |  0   1   1 |  0   2   2 |  0  0  0 |    0    0 |          (0,0,0) |      (0,0,0) | Y
     192   196 |  0   0   0 |  0   0   0 |  0   2   2 |  0  0  0 |    0    0 |          (0,0,0) |      (0,0,0) | Y
     192   197 |  0   1   1 |  0   0   0 |  0   1   1 |  0  0  0 |    0    0 |          (0,0,0) |      (0,0,0) | Y
     192   198 |  0   0   0 |  0   1   1 |  0   2   2 |  0  0  0 |    0    0 |          (0,0,0) |      (0,0,0) | Y
     192   199 |  0   1   1 |  0   1   1 |  0   1   1 |  0  0  0 |    0    0 |          (0,0,0) |      (0,0,0) | Y
     192   200 |  0   0   0 |  0   0   0 |  0   1   1 |  0  0  0 |    0    0 |          (0,0,0) |      (0,0,0) | Y
     192   201 |  0   1   1 |  0   0   0 |  0   0   0 |  0  0  0 |    0    0 |          (0,0,0) |      (0,0,0) | Y
     192   202 |  0   0   0 |  0   1   1 |  0   1   1 |  0  0  0 |    0    0 |          (0,0,0) |      (0,0,0) | Y
     192   203 |  0   1   1 |  0   1   1 |  0   0   0 |  0  0  0 |    0    0 |          (0,0,0) |      (0,0,0) | Y
     193   192 |  1   0   1 |  0   0   0 |  2   0   2 |  0  0  0 |    0    0 |          (0,0,0) |      (0,0,0) | Y
     193   193 |  1   1   0 |  0   0   1 |  2   2   0 |  1  0  1 |  105   46 |     (1,52,32)*i1 |    (1,52,32) | Y
     193   194 |  1   0   1 |  0   1   1 |  2   0   2 |  0  0  0 |    0    0 |          (0,0,0) |      (0,0,0) | Y
     193   195 |  1   1   0 |  0   1   0 |  2   2   2 |  1  0  1 |  105   59 |     (1,53,40)*i1 |    (1,53,40) | Y
     193   196 |  1   0   1 |  0   0   0 |  2   2   1 |  0  0  1 |    0    0 |       (0,0,1)*i1 |      (0,0,1) | Y
     193   197 |  1   1   0 |  0   0   1 |  2   1   2 |  1  0  1 |  105   46 |     (1,52,31)*i1 |    (1,52,31) | Y
     193   198 |  1   0   1 |  0   1   1 |  2   2   1 |  0  0  1 |    0    0 |       (0,0,1)*i1 |      (0,0,1) | Y
     193   199 |  1   1   0 |  0   1   0 |  2   1   1 |  1  0  1 |  105   59 |     (1,53,40)*i1 |    (1,53,40) | Y
     193   200 |  1   0   1 |  0   0   0 |  2   1   0 |  0  0  1 |    0    0 |       (0,0,1)*i1 |      (0,0,1) | Y
     193   201 |  1   1   0 |  0   0   1 |  2   0   1 |  1  0  0 |  105   46 |        (1,52,31) |    (1,52,31) | Y
     193   202 |  1   0   1 |  0   1   1 |  2   1   0 |  0  0  1 |    0    0 |       (0,0,1)*i1 |      (0,0,1) | Y
     193   203 |  1   1   0 |  0   1   0 |  2   0   0 |  1  0  0 |  105   59 |        (1,53,40) |    (1,53,40) | Y
     194   192 |  0   0   0 |  1   0   1 |  0   0   0 |  0  0  0 |    0    0 |          (0,0,0) |      (0,0,0) | Y
     194   193 |  0   1   1 |  1   0   1 |  0   2   2 |  0  0  0 |    0    0 |          (0,0,0) |      (0,0,0) | Y
     194   194 |  0   0   0 |  1   1   0 |  0   0   2 |  0  1  0 |    0   13 |          (0,1,8) |      (0,1,8) | Y
     194   195 |  0   1   1 |  1   1   0 |  0   2   1 |  0  1  0 |    0   13 |          (0,1,9) |      (0,1,9) | Y
     194   196 |  0   0   0 |  1   0   1 |  0   2   2 |  0  0  0 |    0    0 |          (0,0,0) |      (0,0,0) | Y
     194   197 |  0   1   1 |  1   0   1 |  0   1   1 |  0  0  0 |    0    0 |          (0,0,0) |      (0,0,0) | Y
     194   198 |  0   0   0 |  1   1   0 |  0   2   1 |  0  1  0 |    0   13 |          (0,1,9) |      (0,1,9) | Y
     194   199 |  0   1   1 |  1   1   0 |  0   1   0 |  0  1  0 |    0   13 |          (0,1,9) |      (0,1,9) | Y
     194   200 |  0   0   0 |  1   0   1 |  0   1   1 |  0  0  0 |    0    0 |          (0,0,0) |      (0,0,0) | Y
     194   201 |  0   1   1 |  1   0   1 |  0   0   0 |  0  0  0 |    0    0 |          (0,0,0) |      (0,0,0) | Y
     194   202 |  0   0   0 |  1   1   0 |  0   1   0 |  0  1  0 |    0   13 |          (0,1,9) |      (0,1,9) | Y
     194   203 |  0   1   1 |  1   1   0 |  0   0   2 |  0  1  0 |    0   13 |          (0,1,8) |      (0,1,8) | Y
     195   192 |  1   0   1 |  1   0   1 |  2   0   2 |  0  0  0 |    0    0 |          (0,0,0) |      (0,0,0) | Y
     195   193 |  1   1   0 |  1   0   0 |  2   2   2 |  1  0  1 |  105   59 |     (1,53,40)*i1 |    (1,53,40) | Y
     195   194 |  1   0   1 |  1   1   0 |  2   0   1 |  0  1  0 |    0   13 |          (0,1,9) |      (0,1,9) | Y
     195   195 |  1   1   0 |  1   1   1 |  2   2   2 |  1  1  1 |  105   59 |     (1,53,40)*i1 |    (1,53,40) | Y
     195   196 |  1   0   1 |  1   0   1 |  2   2   1 |  0  0  1 |    0    0 |       (0,0,1)*i1 |      (0,0,1) | Y
     195   197 |  1   1   0 |  1   0   0 |  2   1   1 |  1  0  1 |  105   59 |     (1,53,40)*i1 |    (1,53,40) | Y
     195   198 |  1   0   1 |  1   1   0 |  2   2   0 |  0  1  1 |    0   13 |      (0,1,10)*i1 |     (0,1,10) | Y
     195   199 |  1   1   0 |  1   1   1 |  2   1   1 |  1  1  1 |  105   59 |     (1,53,40)*i1 |    (1,53,40) | Y
     195   200 |  1   0   1 |  1   0   1 |  2   1   0 |  0  0  1 |    0    0 |       (0,0,1)*i1 |      (0,0,1) | Y
     195   201 |  1   1   0 |  1   0   0 |  2   0   0 |  1  0  0 |  105   59 |        (1,53,40) |    (1,53,40) | Y
     195   202 |  1   0   1 |  1   1   0 |  2   1   2 |  0  1  1 |    0   13 |       (0,1,9)*i1 |      (0,1,9) | Y
     195   203 |  1   1   0 |  1   1   1 |  2   0   0 |  1  1  0 |  105   59 |        (1,53,40) |    (1,53,40) | Y
     196   192 |  0   0   0 |  0   0   0 |  2   0   2 |  0  0  0 |    0    0 |          (0,0,0) |      (0,0,0) | Y
     196   193 |  0   1   1 |  0   0   0 |  2   2   1 |  0  0  1 |    0    0 |       (0,0,1)*i1 |      (0,0,1) | Y
     196   194 |  0   0   0 |  0   1   1 |  2   0   2 |  0  0  0 |    0    0 |          (0,0,0) |      (0,0,0) | Y
     196   195 |  0   1   1 |  0   1   1 |  2   2   1 |  0  0  1 |    0    0 |       (0,0,1)*i1 |      (0,0,1) | Y
     196   196 |  0   0   0 |  0   0   0 |  2   2   1 |  0  0  1 |    0    0 |       (0,0,1)*i1 |      (0,0,1) | Y
     196   197 |  0   1   1 |  0   0   0 |  2   1   0 |  0  0  1 |    0    0 |       (0,0,1)*i1 |      (0,0,1) | Y
     196   198 |  0   0   0 |  0   1   1 |  2   2   1 |  0  0  1 |    0    0 |       (0,0,1)*i1 |      (0,0,1) | Y
     196   199 |  0   1   1 |  0   1   1 |  2   1   0 |  0  0  1 |    0    0 |       (0,0,1)*i1 |      (0,0,1) | Y
     196   200 |  0   0   0 |  0   0   0 |  2   1   0 |  0  0  1 |    0    0 |       (0,0,1)*i1 |      (0,0,1) | Y
     196   201 |  0   1   1 |  0   0   0 |  2   0   2 |  0  0  0 |    0    0 |          (0,0,0) |      (0,0,0) | Y
     196   202 |  0   0   0 |  0   1   1 |  2   1   0 |  0  0  1 |    0    0 |       (0,0,1)*i1 |      (0,0,1) | Y
     196   203 |  0   1   1 |  0   1   1 |  2   0   2 |  0  0  0 |    0    0 |          (0,0,0) |      (0,0,0) | Y
     197   192 |  1   0   1 |  0   0   0 |  1   0   1 |  0  0  0 |    0    0 |          (0,0,0) |      (0,0,0) | Y
     197   193 |  1   1   0 |  0   0   1 |  1   2   2 |  1  0  1 |  105   46 |     (1,52,31)*i1 |    (1,52,31) | Y
     197   194 |  1   0   1 |  0   1   1 |  1   0   1 |  0  0  0 |    0    0 |          (0,0,0) |      (0,0,0) | Y
     197   195 |  1   1   0 |  0   1   0 |  1   2   1 |  1  0  1 |  105   59 |     (1,53,40)*i1 |    (1,53,40) | Y
     197   196 |  1   0   1 |  0   0   0 |  1   2   0 |  0  0  1 |    0    0 |       (0,0,1)*i1 |      (0,0,1) | Y
     197   197 |  1   1   0 |  0   0   1 |  1   1   1 |  1  0  0 |  105   46 |        (1,52,31) |    (1,52,31) | Y
     197   198 |  1   0   1 |  0   1   1 |  1   2   0 |  0  0  1 |    0    0 |       (0,0,1)*i1 |      (0,0,1) | Y
     197   199 |  1   1   0 |  0   1   0 |  1   1   0 |  1  0  0 |  105   59 |        (1,53,40) |    (1,53,40) | Y
     197   200 |  1   0   1 |  0   0   0 |  1   1   2 |  0  0  0 |    0    0 |          (0,0,0) |      (0,0,0) | Y
     197   201 |  1   1   0 |  0   0   1 |  1   0   0 |  1  0  0 |  105   46 |        (1,52,31) |    (1,52,31) | Y
     197   202 |  1   0   1 |  0   1   1 |  1   1   2 |  0  0  0 |    0    0 |          (0,0,0) |      (0,0,0) | Y
     197   203 |  1   1   0 |  0   1   0 |  1   0   2 |  1  0  0 |  105   59 |        (1,53,39) |    (1,53,39) | Y
     198   192 |  0   0   0 |  1   0   1 |  2   0   2 |  0  0  0 |    0    0 |          (0,0,0) |      (0,0,0) | Y
     198   193 |  0   1   1 |  1   0   1 |  2   2   1 |  0  0  1 |    0    0 |       (0,0,1)*i1 |      (0,0,1) | Y
     198   194 |  0   0   0 |  1   1   0 |  2   0   1 |  0  1  0 |    0   13 |          (0,1,9) |      (0,1,9) | Y
     198   195 |  0   1   1 |  1   1   0 |  2   2   0 |  0  1  1 |    0   13 |      (0,1,10)*i1 |     (0,1,10) | Y
     198   196 |  0   0   0 |  1   0   1 |  2   2   1 |  0  0  1 |    0    0 |       (0,0,1)*i1 |      (0,0,1) | Y
     198   197 |  0   1   1 |  1   0   1 |  2   1   0 |  0  0  1 |    0    0 |       (0,0,1)*i1 |      (0,0,1) | Y
     198   198 |  0   0   0 |  1   1   0 |  2   2   0 |  0  1  1 |    0   13 |      (0,1,10)*i1 |     (0,1,10) | Y
     198   199 |  0   1   1 |  1   1   0 |  2   1   2 |  0  1  1 |    0   13 |       (0,1,9)*i1 |      (0,1,9) | Y
     198   200 |  0   0   0 |  1   0   1 |  2   1   0 |  0  0  1 |    0    0 |       (0,0,1)*i1 |      (0,0,1) | Y
     198   201 |  0   1   1 |  1   0   1 |  2   0   2 |  0  0  0 |    0    0 |          (0,0,0) |      (0,0,0) | Y
     198   202 |  0   0   0 |  1   1   0 |  2   1   2 |  0  1  1 |    0   13 |       (0,1,9)*i1 |      (0,1,9) | Y
     198   203 |  0   1   1 |  1   1   0 |  2   0   1 |  0  1  0 |    0   13 |          (0,1,9) |      (0,1,9) | Y
     199   192 |  1   0   1 |  1   0   1 |  1   0   1 |  0  0  0 |    0    0 |          (0,0,0) |      (0,0,0) | Y
     199   193 |  1   1   0 |  1   0   0 |  1   2   1 |  1  0  1 |  105   59 |     (1,53,40)*i1 |    (1,53,40) | Y
     199   194 |  1   0   1 |  1   1   0 |  1   0   0 |  0  1  0 |    0   13 |          (0,1,9) |      (0,1,9) | Y
     199   195 |  1   1   0 |  1   1   1 |  1   2   1 |  1  1  1 |  105   59 |     (1,53,40)*i1 |    (1,53,40) | Y
     199   196 |  1   0   1 |  1   0   1 |  1   2   0 |  0  0  1 |    0    0 |       (0,0,1)*i1 |      (0,0,1) | Y
     199   197 |  1   1   0 |  1   0   0 |  1   1   0 |  1  0  0 |  105   59 |        (1,53,40) |    (1,53,40) | Y
     199   198 |  1   0   1 |  1   1   0 |  1   2   2 |  0  1  1 |    0   13 |       (0,1,9)*i1 |      (0,1,9) | Y
     199   199 |  1   1   0 |  1   1   1 |  1   1   0 |  1  1  0 |  105   59 |        (1,53,40) |    (1,53,40) | Y
     199   200 |  1   0   1 |  1   0   1 |  1   1   2 |  0  0  0 |    0    0 |          (0,0,0) |      (0,0,0) | Y
     199   201 |  1   1   0 |  1   0   0 |  1   0   2 |  1  0  0 |  105   59 |        (1,53,39) |    (1,53,39) | Y
     199   202 |  1   0   1 |  1   1   0 |  1   1   1 |  0  1  0 |    0   13 |          (0,1,9) |      (0,1,9) | Y
     199   203 |  1   1   0 |  1   1   1 |  1   0   2 |  1  1  0 |  105   59 |        (1,53,39) |    (1,53,39) | Y
     200   192 |  0   0   0 |  0   0   0 |  1   0   1 |  0  0  0 |    0    0 |          (0,0,0) |      (0,0,0) | Y
     200   193 |  0   1   1 |  0   0   0 |  1   2   0 |  0  0  1 |    0    0 |       (0,0,1)*i1 |      (0,0,1) | Y
     200   194 |  0   0   0 |  0   1   1 |  1   0   1 |  0  0  0 |    0    0 |          (0,0,0) |      (0,0,0) | Y
     200   195 |  0   1   1 |  0   1   1 |  1   2   0 |  0  0  1 |    0    0 |       (0,0,1)*i1 |      (0,0,1) | Y
     200   196 |  0   0   0 |  0   0   0 |  1   2   0 |  0  0  1 |    0    0 |       (0,0,1)*i1 |      (0,0,1) | Y
     200   197 |  0   1   1 |  0   0   0 |  1   1   2 |  0  0  0 |    0    0 |          (0,0,0) |      (0,0,0) | Y
     200   198 |  0   0   0 |  0   1   1 |  1   2   0 |  0  0  1 |    0    0 |       (0,0,1)*i1 |      (0,0,1) | Y
     200   199 |  0   1   1 |  0   1   1 |  1   1   2 |  0  0  0 |    0    0 |          (0,0,0) |      (0,0,0) | Y
     200   200 |  0   0   0 |  0   0   0 |  1   1   2 |  0  0  0 |    0    0 |          (0,0,0) |      (0,0,0) | Y
     200   201 |  0   1   1 |  0   0   0 |  1   0   1 |  0  0  0 |    0    0 |          (0,0,0) |      (0,0,0) | Y
     200   202 |  0   0   0 |  0   1   1 |  1   1   2 |  0  0  0 |    0    0 |          (0,0,0) |      (0,0,0) | Y
     200   203 |  0   1   1 |  0   1   1 |  1   0   1 |  0  0  0 |    0    0 |          (0,0,0) |      (0,0,0) | Y
     201   192 |  1   0   1 |  0   0   0 |  0   0   0 |  0  0  0 |    0    0 |          (0,0,0) |      (0,0,0) | Y
     201   193 |  1   1   0 |  0   0   1 |  0   2   1 |  1  0  0 |  105   46 |        (1,52,31) |    (1,52,31) | Y
     201   194 |  1   0   1 |  0   1   1 |  0   0   0 |  0  0  0 |    0    0 |          (0,0,0) |      (0,0,0) | Y
     201   195 |  1   1   0 |  0   1   0 |  0   2   0 |  1  0  0 |  105   59 |        (1,53,40) |    (1,53,40) | Y
     201   196 |  1   0   1 |  0   0   0 |  0   2   2 |  0  0  0 |    0    0 |          (0,0,0) |      (0,0,0) | Y
     201   197 |  1   1   0 |  0   0   1 |  0   1   0 |  1  0  0 |  105   46 |        (1,52,31) |    (1,52,31) | Y
     201   198 |  1   0   1 |  0   1   1 |  0   2   2 |  0  0  0 |    0    0 |          (0,0,0) |      (0,0,0) | Y
     201   199 |  1   1   0 |  0   1   0 |  0   1   2 |  1  0  0 |  105   59 |        (1,53,39) |    (1,53,39) | Y
     201   200 |  1   0   1 |  0   0   0 |  0   1   1 |  0  0  0 |    0    0 |          (0,0,0) |      (0,0,0) | Y
     201   201 |  1   1   0 |  0   0   1 |  0   0   2 |  1  0  0 |  105   46 |        (1,52,30) |    (1,52,30) | Y
     201   202 |  1   0   1 |  0   1   1 |  0   1   1 |  0  0  0 |    0    0 |          (0,0,0) |      (0,0,0) | Y
     201   203 |  1   1   0 |  0   1   0 |  0   0   1 |  1  0  0 |  105   59 |        (1,53,39) |    (1,53,39) | Y
     202   192 |  0   0   0 |  1   0   1 |  1   0   1 |  0  0  0 |    0    0 |          (0,0,0) |      (0,0,0) | Y
     202   193 |  0   1   1 |  1   0   1 |  1   2   0 |  0  0  1 |    0    0 |       (0,0,1)*i1 |      (0,0,1) | Y
     202   194 |  0   0   0 |  1   1   0 |  1   0   0 |  0  1  0 |    0   13 |          (0,1,9) |      (0,1,9) | Y
     202   195 |  0   1   1 |  1   1   0 |  1   2   2 |  0  1  1 |    0   13 |       (0,1,9)*i1 |      (0,1,9) | Y
     202   196 |  0   0   0 |  1   0   1 |  1   2   0 |  0  0  1 |    0    0 |       (0,0,1)*i1 |      (0,0,1) | Y
     202   197 |  0   1   1 |  1   0   1 |  1   1   2 |  0  0  0 |    0    0 |          (0,0,0) |      (0,0,0) | Y
     202   198 |  0   0   0 |  1   1   0 |  1   2   2 |  0  1  1 |    0   13 |       (0,1,9)*i1 |      (0,1,9) | Y
     202   199 |  0   1   1 |  1   1   0 |  1   1   1 |  0  1  0 |    0   13 |          (0,1,9) |      (0,1,9) | Y
     202   200 |  0   0   0 |  1   0   1 |  1   1   2 |  0  0  0 |    0    0 |          (0,0,0) |      (0,0,0) | Y
     202   201 |  0   1   1 |  1   0   1 |  1   0   1 |  0  0  0 |    0    0 |          (0,0,0) |      (0,0,0) | Y
     202   202 |  0   0   0 |  1   1   0 |  1   1   1 |  0  1  0 |    0   13 |          (0,1,9) |      (0,1,9) | Y
     202   203 |  0   1   1 |  1   1   0 |  1   0   0 |  0  1  0 |    0   13 |          (0,1,9) |      (0,1,9) | Y
     203   192 |  1   0   1 |  1   0   1 |  0   0   0 |  0  0  0 |    0    0 |          (0,0,0) |      (0,0,0) | Y
     203   193 |  1   1   0 |  1   0   0 |  0   2   0 |  1  0  0 |  105   59 |        (1,53,40) |    (1,53,40) | Y
     203   194 |  1   0   1 |  1   1   0 |  0   0   2 |  0  1  0 |    0   13 |          (0,1,8) |      (0,1,8) | Y
     203   195 |  1   1   0 |  1   1   1 |  0   2   0 |  1  1  0 |  105   59 |        (1,53,40) |    (1,53,40) | Y
     203   196 |  1   0   1 |  1   0   1 |  0   2   2 |  0  0  0 |    0    0 |          (0,0,0) |      (0,0,0) | Y
     203   197 |  1   1   0 |  1   0   0 |  0   1   2 |  1  0  0 |  105   59 |        (1,53,39) |    (1,53,39) | Y
     203   198 |  1   0   1 |  1   1   0 |  0   2   1 |  0  1  0 |    0   13 |          (0,1,9) |      (0,1,9) | Y
     203   199 |  1   1   0 |  1   1   1 |  0   1   2 |  1  1  0 |  105   59 |        (1,53,39) |    (1,53,39) | Y
     203   200 |  1   0   1 |  1   0   1 |  0   1   1 |  0  0  0 |    0    0 |          (0,0,0) |      (0,0,0) | Y
     203   201 |  1   1   0 |  1   0   0 |  0   0   1 |  1  0  0 |  105   59 |        (1,53,39) |    (1,53,39) | Y
     203   202 |  1   0   1 |  1   1   0 |  0   1   0 |  0  1  0 |    0   13 |          (0,1,9) |      (0,1,9) | Y
     203   203 |  1   1   0 |  1   1   1 |  0   0   1 |  1  1  0 |  105   59 |        (1,53,39) |    (1,53,39) | Y

== H90r (Zp,p=3,H90r): d0=1 reads=(2, 3, 1),(1, 1, 2),(3, 2, 1)  E3=6
   gamma2=7 gamma3=44 w1Phi1=6 w2Phi2=14  bez (l0,l0p)=(1,-1) (l1,l1p)=(0,1) (l2,l2p)=(2,-1)
   letter orders: zbar=1 z2=8 z1=2   Gamma0=114
       g    gp | s3 s3p s3s | s2 s2p s2s | s1 s1p s1s | d3 d2 d1 | Sig2 Sig1 | measured (a,b,c) | fitted (A,B,C) | ok
     114   114 |  0   0   0 |  0   0   0 |  0   0   0 |  0  0  0 |    0    0 |          (0,0,0) |      (0,0,0) | Y
     114   115 |  0   2   2 |  0   0   0 |  0   1   1 |  0  0  0 |    0    0 |          (0,0,0) |      (0,0,0) | Y
     114   116 |  0   1   1 |  0   0   0 |  0   0   0 |  0  0  0 |    0    0 |          (0,0,0) |      (0,0,0) | Y
     114   117 |  0   0   0 |  0   0   0 |  0   1   1 |  0  0  0 |    0    0 |          (0,0,0) |      (0,0,0) | Y
     114   118 |  0   2   2 |  0   0   0 |  0   0   0 |  0  0  0 |    0    0 |          (0,0,0) |      (0,0,0) | Y
     114   119 |  0   1   1 |  0   0   0 |  0   1   1 |  0  0  0 |    0    0 |          (0,0,0) |      (0,0,0) | Y
     115   114 |  2   0   2 |  0   0   0 |  1   0   1 |  0  0  0 |    0    0 |          (0,0,0) |      (0,0,0) | Y
     115   115 |  2   2   1 |  0   0   0 |  1   1   0 |  1  0  1 |   44   44 |      (1,0,23)*i1 |     (1,0,23) | Y
     115   116 |  2   1   0 |  0   0   0 |  1   0   1 |  1  0  0 |   44   44 |         (1,0,22) |     (1,0,22) | Y
     115   117 |  2   0   2 |  0   0   0 |  1   1   0 |  0  0  1 |    0    0 |       (0,0,1)*i1 |      (0,0,1) | Y
     115   118 |  2   2   1 |  0   0   0 |  1   0   1 |  1  0  0 |   44   44 |         (1,0,22) |     (1,0,22) | Y
     115   119 |  2   1   0 |  0   0   0 |  1   1   0 |  1  0  1 |   44   44 |      (1,0,23)*i1 |     (1,0,23) | Y
     116   114 |  1   0   1 |  0   0   0 |  0   0   0 |  0  0  0 |    0    0 |          (0,0,0) |      (0,0,0) | Y
     116   115 |  1   2   0 |  0   0   0 |  0   1   1 |  1  0  0 |   44   44 |         (1,0,22) |     (1,0,22) | Y
     116   116 |  1   1   2 |  0   0   0 |  0   0   0 |  0  0  0 |    0    0 |          (0,0,0) |      (0,0,0) | Y
     116   117 |  1   0   1 |  0   0   0 |  0   1   1 |  0  0  0 |    0    0 |          (0,0,0) |      (0,0,0) | Y
     116   118 |  1   2   0 |  0   0   0 |  0   0   0 |  1  0  0 |   44   44 |         (1,0,22) |     (1,0,22) | Y
     116   119 |  1   1   2 |  0   0   0 |  0   1   1 |  0  0  0 |    0    0 |          (0,0,0) |      (0,0,0) | Y
     117   114 |  0   0   0 |  0   0   0 |  1   0   1 |  0  0  0 |    0    0 |          (0,0,0) |      (0,0,0) | Y
     117   115 |  0   2   2 |  0   0   0 |  1   1   0 |  0  0  1 |    0    0 |       (0,0,1)*i1 |      (0,0,1) | Y
     117   116 |  0   1   1 |  0   0   0 |  1   0   1 |  0  0  0 |    0    0 |          (0,0,0) |      (0,0,0) | Y
     117   117 |  0   0   0 |  0   0   0 |  1   1   0 |  0  0  1 |    0    0 |       (0,0,1)*i1 |      (0,0,1) | Y
     117   118 |  0   2   2 |  0   0   0 |  1   0   1 |  0  0  0 |    0    0 |          (0,0,0) |      (0,0,0) | Y
     117   119 |  0   1   1 |  0   0   0 |  1   1   0 |  0  0  1 |    0    0 |       (0,0,1)*i1 |      (0,0,1) | Y
     118   114 |  2   0   2 |  0   0   0 |  0   0   0 |  0  0  0 |    0    0 |          (0,0,0) |      (0,0,0) | Y
     118   115 |  2   2   1 |  0   0   0 |  0   1   1 |  1  0  0 |   44   44 |         (1,0,22) |     (1,0,22) | Y
     118   116 |  2   1   0 |  0   0   0 |  0   0   0 |  1  0  0 |   44   44 |         (1,0,22) |     (1,0,22) | Y
     118   117 |  2   0   2 |  0   0   0 |  0   1   1 |  0  0  0 |    0    0 |          (0,0,0) |      (0,0,0) | Y
     118   118 |  2   2   1 |  0   0   0 |  0   0   0 |  1  0  0 |   44   44 |         (1,0,22) |     (1,0,22) | Y
     118   119 |  2   1   0 |  0   0   0 |  0   1   1 |  1  0  0 |   44   44 |         (1,0,22) |     (1,0,22) | Y
     119   114 |  1   0   1 |  0   0   0 |  1   0   1 |  0  0  0 |    0    0 |          (0,0,0) |      (0,0,0) | Y
     119   115 |  1   2   0 |  0   0   0 |  1   1   0 |  1  0  1 |   44   44 |      (1,0,23)*i1 |     (1,0,23) | Y
     119   116 |  1   1   2 |  0   0   0 |  1   0   1 |  0  0  0 |    0    0 |          (0,0,0) |      (0,0,0) | Y
     119   117 |  1   0   1 |  0   0   0 |  1   1   0 |  0  0  1 |    0    0 |       (0,0,1)*i1 |      (0,0,1) | Y
     119   118 |  1   2   0 |  0   0   0 |  1   0   1 |  1  0  0 |   44   44 |         (1,0,22) |     (1,0,22) | Y
     119   119 |  1   1   2 |  0   0   0 |  1   1   0 |  0  0  1 |    0    0 |       (0,0,1)*i1 |      (0,0,1) | Y

== H91r (Fpt,p=2,H91r): d0=1 reads=(2, 1, 2),(1, 1, 1),(2, 1, 1)  E3=4
   gamma2=5 gamma3=11 w1Phi1=4 w2Phi2=5  bez (l0,l0p)=(1,0) (l1,l1p)=(0,1) (l2,l2p)=(1,0)
   letter orders: zbar=1 z2=3 z1=3   Gamma0=20
       g    gp | s3 s3p s3s | s2 s2p s2s | s1 s1p s1s | d3 d2 d1 | Sig2 Sig1 | measured (a,b,c) | fitted (A,B,C) | ok
      20    20 |  0   0   0 |  0   0   0 |  0   0   0 |  0  0  0 |    0    0 |          (0,0,0) |      (0,0,0) | Y
      20    21 |  0   1   1 |  0   0   0 |  0   1   1 |  0  0  0 |    0    0 |          (0,0,0) |      (0,0,0) | Y
      20    22 |  0   0   0 |  0   0   0 |  0   1   1 |  0  0  0 |    0    0 |          (0,0,0) |      (0,0,0) | Y
      20    23 |  0   1   1 |  0   0   0 |  0   0   0 |  0  0  0 |    0    0 |          (0,0,0) |      (0,0,0) | Y
      21    20 |  1   0   1 |  0   0   0 |  1   0   1 |  0  0  0 |    0    0 |          (0,0,0) |      (0,0,0) | Y
      21    21 |  1   1   0 |  0   0   0 |  1   1   1 |  1  0  1 |   11   11 |          (1,0,6) |      (1,0,6) | Y
      21    22 |  1   0   1 |  0   0   0 |  1   1   0 |  0  0  1 |    0    0 |          (0,0,1) |      (0,0,1) | Y
      21    23 |  1   1   0 |  0   0   0 |  1   0   0 |  1  0  0 |   11   11 |          (1,0,6) |      (1,0,6) | Y
      22    20 |  0   0   0 |  0   0   0 |  1   0   1 |  0  0  0 |    0    0 |          (0,0,0) |      (0,0,0) | Y
      22    21 |  0   1   1 |  0   0   0 |  1   1   0 |  0  0  1 |    0    0 |          (0,0,1) |      (0,0,1) | Y
      22    22 |  0   0   0 |  0   0   0 |  1   1   0 |  0  0  1 |    0    0 |          (0,0,1) |      (0,0,1) | Y
      22    23 |  0   1   1 |  0   0   0 |  1   0   1 |  0  0  0 |    0    0 |          (0,0,0) |      (0,0,0) | Y
      23    20 |  1   0   1 |  0   0   0 |  0   0   0 |  0  0  0 |    0    0 |          (0,0,0) |      (0,0,0) | Y
      23    21 |  1   1   0 |  0   0   0 |  0   1   0 |  1  0  0 |   11   11 |          (1,0,6) |      (1,0,6) | Y
      23    22 |  1   0   1 |  0   0   0 |  0   1   1 |  0  0  0 |    0    0 |          (0,0,0) |      (0,0,0) | Y
      23    23 |  1   1   0 |  0   0   0 |  0   0   1 |  1  0  0 |   11   11 |          (1,0,5) |      (1,0,5) | Y

== H92r (Fpt,p=2,H92r): d0=1 reads=(4, 3, 2),(1, 1, 1),(2, 3, 1)  E3=8
   gamma2=25 gamma3=53 w1Phi1=24 w2Phi2=25  bez (l0,l0p)=(3,-2) (l1,l1p)=(0,1) (l2,l2p)=(1,-1)
   letter orders: zbar=1 z2=3 z1=3   Gamma0=136
       g    gp | s3 s3p s3s | s2 s2p s2s | s1 s1p s1s | d3 d2 d1 | Sig2 Sig1 | measured (a,b,c) | fitted (A,B,C) | ok
     136   136 |  0   0   0 |  0   0   0 |  0   0   0 |  0  0  0 |    0    0 |          (0,0,0) |      (0,0,0) | Y
     136   137 |  0   1   1 |  0   0   0 |  0   2   2 |  0  0  0 |    0    0 |          (0,0,0) |      (0,0,0) | Y
     136   138 |  0   0   0 |  0   0   0 |  0   3   3 |  0  0  0 |    0    0 |          (0,0,0) |      (0,0,0) | Y
     136   139 |  0   1   1 |  0   0   0 |  0   1   1 |  0  0  0 |    0    0 |          (0,0,0) |      (0,0,0) | Y
     136   140 |  0   0   0 |  0   0   0 |  0   2   2 |  0  0  0 |    0    0 |          (0,0,0) |      (0,0,0) | Y
     136   141 |  0   1   1 |  0   0   0 |  0   0   0 |  0  0  0 |    0    0 |          (0,0,0) |      (0,0,0) | Y
     136   142 |  0   0   0 |  0   0   0 |  0   1   1 |  0  0  0 |    0    0 |          (0,0,0) |      (0,0,0) | Y
     136   143 |  0   1   1 |  0   0   0 |  0   3   3 |  0  0  0 |    0    0 |          (0,0,0) |      (0,0,0) | Y
     137   136 |  1   0   1 |  0   0   0 |  2   0   2 |  0  0  0 |    0    0 |          (0,0,0) |      (0,0,0) | Y
     137   137 |  1   1   0 |  0   0   0 |  2   2   3 |  1  0  1 |   53   53 |         (1,0,40) |     (1,0,40) | Y
     137   138 |  1   0   1 |  0   0   0 |  2   3   1 |  0  0  1 |    0    0 |          (0,0,1) |      (0,0,1) | Y
     137   139 |  1   1   0 |  0   0   0 |  2   1   2 |  1  0  0 |   53   53 |         (1,0,40) |     (1,0,40) | Y
     137   140 |  1   0   1 |  0   0   0 |  2   2   0 |  0  0  1 |    0    0 |          (0,0,1) |      (0,0,1) | Y
     137   141 |  1   1   0 |  0   0   0 |  2   0   1 |  1  0  0 |   53   53 |         (1,0,40) |     (1,0,40) | Y
     137   142 |  1   0   1 |  0   0   0 |  2   1   3 |  0  0  0 |    0    0 |          (0,0,0) |      (0,0,0) | Y
     137   143 |  1   1   0 |  0   0   0 |  2   3   0 |  1  0  1 |   53   53 |         (1,0,41) |     (1,0,41) | Y
     138   136 |  0   0   0 |  0   0   0 |  3   0   3 |  0  0  0 |    0    0 |          (0,0,0) |      (0,0,0) | Y
     138   137 |  0   1   1 |  0   0   0 |  3   2   1 |  0  0  1 |    0    0 |          (0,0,1) |      (0,0,1) | Y
     138   138 |  0   0   0 |  0   0   0 |  3   3   2 |  0  0  1 |    0    0 |          (0,0,1) |      (0,0,1) | Y
     138   139 |  0   1   1 |  0   0   0 |  3   1   0 |  0  0  1 |    0    0 |          (0,0,1) |      (0,0,1) | Y
     138   140 |  0   0   0 |  0   0   0 |  3   2   1 |  0  0  1 |    0    0 |          (0,0,1) |      (0,0,1) | Y
     138   141 |  0   1   1 |  0   0   0 |  3   0   3 |  0  0  0 |    0    0 |          (0,0,0) |      (0,0,0) | Y
     138   142 |  0   0   0 |  0   0   0 |  3   1   0 |  0  0  1 |    0    0 |          (0,0,1) |      (0,0,1) | Y
     138   143 |  0   1   1 |  0   0   0 |  3   3   2 |  0  0  1 |    0    0 |          (0,0,1) |      (0,0,1) | Y
     139   136 |  1   0   1 |  0   0   0 |  1   0   1 |  0  0  0 |    0    0 |          (0,0,0) |      (0,0,0) | Y
     139   137 |  1   1   0 |  0   0   0 |  1   2   2 |  1  0  0 |   53   53 |         (1,0,40) |     (1,0,40) | Y
     139   138 |  1   0   1 |  0   0   0 |  1   3   0 |  0  0  1 |    0    0 |          (0,0,1) |      (0,0,1) | Y
     139   139 |  1   1   0 |  0   0   0 |  1   1   1 |  1  0  0 |   53   53 |         (1,0,40) |     (1,0,40) | Y
     139   140 |  1   0   1 |  0   0   0 |  1   2   3 |  0  0  0 |    0    0 |          (0,0,0) |      (0,0,0) | Y
     139   141 |  1   1   0 |  0   0   0 |  1   0   0 |  1  0  0 |   53   53 |         (1,0,40) |     (1,0,40) | Y
     139   142 |  1   0   1 |  0   0   0 |  1   1   2 |  0  0  0 |    0    0 |          (0,0,0) |      (0,0,0) | Y
     139   143 |  1   1   0 |  0   0   0 |  1   3   3 |  1  0  1 |   53   53 |         (1,0,40) |     (1,0,40) | Y
     140   136 |  0   0   0 |  0   0   0 |  2   0   2 |  0  0  0 |    0    0 |          (0,0,0) |      (0,0,0) | Y
     140   137 |  0   1   1 |  0   0   0 |  2   2   0 |  0  0  1 |    0    0 |          (0,0,1) |      (0,0,1) | Y
     140   138 |  0   0   0 |  0   0   0 |  2   3   1 |  0  0  1 |    0    0 |          (0,0,1) |      (0,0,1) | Y
     140   139 |  0   1   1 |  0   0   0 |  2   1   3 |  0  0  0 |    0    0 |          (0,0,0) |      (0,0,0) | Y
     140   140 |  0   0   0 |  0   0   0 |  2   2   0 |  0  0  1 |    0    0 |          (0,0,1) |      (0,0,1) | Y
     140   141 |  0   1   1 |  0   0   0 |  2   0   2 |  0  0  0 |    0    0 |          (0,0,0) |      (0,0,0) | Y
     140   142 |  0   0   0 |  0   0   0 |  2   1   3 |  0  0  0 |    0    0 |          (0,0,0) |      (0,0,0) | Y
     140   143 |  0   1   1 |  0   0   0 |  2   3   1 |  0  0  1 |    0    0 |          (0,0,1) |      (0,0,1) | Y
     141   136 |  1   0   1 |  0   0   0 |  0   0   0 |  0  0  0 |    0    0 |          (0,0,0) |      (0,0,0) | Y
     141   137 |  1   1   0 |  0   0   0 |  0   2   1 |  1  0  0 |   53   53 |         (1,0,40) |     (1,0,40) | Y
     141   138 |  1   0   1 |  0   0   0 |  0   3   3 |  0  0  0 |    0    0 |          (0,0,0) |      (0,0,0) | Y
     141   139 |  1   1   0 |  0   0   0 |  0   1   0 |  1  0  0 |   53   53 |         (1,0,40) |     (1,0,40) | Y
     141   140 |  1   0   1 |  0   0   0 |  0   2   2 |  0  0  0 |    0    0 |          (0,0,0) |      (0,0,0) | Y
     141   141 |  1   1   0 |  0   0   0 |  0   0   3 |  1  0  0 |   53   53 |         (1,0,39) |     (1,0,39) | Y
     141   142 |  1   0   1 |  0   0   0 |  0   1   1 |  0  0  0 |    0    0 |          (0,0,0) |      (0,0,0) | Y
     141   143 |  1   1   0 |  0   0   0 |  0   3   2 |  1  0  0 |   53   53 |         (1,0,40) |     (1,0,40) | Y
     142   136 |  0   0   0 |  0   0   0 |  1   0   1 |  0  0  0 |    0    0 |          (0,0,0) |      (0,0,0) | Y
     142   137 |  0   1   1 |  0   0   0 |  1   2   3 |  0  0  0 |    0    0 |          (0,0,0) |      (0,0,0) | Y
     142   138 |  0   0   0 |  0   0   0 |  1   3   0 |  0  0  1 |    0    0 |          (0,0,1) |      (0,0,1) | Y
     142   139 |  0   1   1 |  0   0   0 |  1   1   2 |  0  0  0 |    0    0 |          (0,0,0) |      (0,0,0) | Y
     142   140 |  0   0   0 |  0   0   0 |  1   2   3 |  0  0  0 |    0    0 |          (0,0,0) |      (0,0,0) | Y
     142   141 |  0   1   1 |  0   0   0 |  1   0   1 |  0  0  0 |    0    0 |          (0,0,0) |      (0,0,0) | Y
     142   142 |  0   0   0 |  0   0   0 |  1   1   2 |  0  0  0 |    0    0 |          (0,0,0) |      (0,0,0) | Y
     142   143 |  0   1   1 |  0   0   0 |  1   3   0 |  0  0  1 |    0    0 |          (0,0,1) |      (0,0,1) | Y
     143   136 |  1   0   1 |  0   0   0 |  3   0   3 |  0  0  0 |    0    0 |          (0,0,0) |      (0,0,0) | Y
     143   137 |  1   1   0 |  0   0   0 |  3   2   0 |  1  0  1 |   53   53 |         (1,0,41) |     (1,0,41) | Y
     143   138 |  1   0   1 |  0   0   0 |  3   3   2 |  0  0  1 |    0    0 |          (0,0,1) |      (0,0,1) | Y
     143   139 |  1   1   0 |  0   0   0 |  3   1   3 |  1  0  1 |   53   53 |         (1,0,40) |     (1,0,40) | Y
     143   140 |  1   0   1 |  0   0   0 |  3   2   1 |  0  0  1 |    0    0 |          (0,0,1) |      (0,0,1) | Y
     143   141 |  1   1   0 |  0   0   0 |  3   0   2 |  1  0  0 |   53   53 |         (1,0,40) |     (1,0,40) | Y
     143   142 |  1   0   1 |  0   0   0 |  3   1   0 |  0  0  1 |    0    0 |          (0,0,1) |      (0,0,1) | Y
     143   143 |  1   1   0 |  0   0   0 |  3   3   1 |  1  0  1 |   53   53 |         (1,0,41) |     (1,0,41) | Y

SUMMARY: train 656/656, holdout 588/588, M5 20/20 -> ALL-EXACT   [8.8s]
